9	2	1
50	50	
1	3101
  2.4977010000000002	  1.2462420000000001	  2.4927980000000001	  0.1482145000000000	  0.2935940000000000	  2.4828999999999999	  1.2462420000000001	  2.4956784999999999	  7.7500000000000000	  0.1574173150000000
  0.0022990000000001	  1.2462420000000001	 -0.0072019999999999	  0.1482145000000000	  0.0009830000000000	 -0.0170999999999999	 -1.2462420000000001	  0.0043215000000001	 12.2500000000000000	 -0.0010276150000000
                  0.76440235025790670420
                  1.31481322536815636859
                 -0.87350263651103710050
                  0.72165790446664390689
                  0.55535338509630671755
                  0.32883464684289892555
                 -0.41239940585933121397
                  0.62327204897404997475
                  0.43332743903904835658
                 -0.43025446701807479322
                 -0.84477046891064677681
                  0.54101199862997062517
                 -0.15692217924196791290
                 -0.56876722281981062501
                  1.01483654378049514833
                 -0.85443076471822021478
                 -0.99495591907849589841
                 -0.62027751454376678364
                 -0.38045079096678474651
                 -1.21524131324859507863
                  0.11012168400317497163
                 -0.52983919400030998759
                 -0.49751651008565483947
                 -0.76014662781507225109
                 -0.49221992828250421548
                  0.05855749617422498221
                 -1.12646912946274824208
                  1.20707855738260927403
                  0.66259448707510715249
                  0.95799942714462338333
                 -0.80793920440233402136
                  0.33510631004387358978
                 -0.51999856125451027200
                 -0.29508038468962616285
                  0.17991229197564817532
                 -0.82419327174710776962
                 -0.38382643225099077888
                 -0.53650091115041931289
                 -0.74641022111696719854
                  1.05530876597682121698
                 -0.15225248682118444621
                 -0.21337011926698076780
                  0.39503770093712070599
                  1.19841790111886070669
                 -0.73033865078315518549
                  0.63581206660507150197
                  0.85244694335365966964
                 -0.29756938531253873670
                 -0.15411667633400821797
                  0.68458987377855939904
                 -1.27587601289184338071
                 -1.01368756503615853326
                 -0.02471429251211114397
                 -0.51413057402155959430
                 -0.39960707249792576379
                  0.63002354855019682134
                  0.13622441449246672218
                  0.89867829530087872669
                  0.69230945622818240714
                 -1.13168846073947704234
                  0.26027143321238793705
                  0.56639865045577963976
                 -0.79157373856242341237
                  0.00242882431003564256
                  0.98843915011205041310
                  0.77704860643743678406
                 -0.77391319827680526977
                  0.22316108206861509644
                  0.55615646125752626894
                 -0.92489169561358486327
                 -0.39788661140662834326
                  0.23146441933642583622
                  0.63381779355329215253
                  0.94931975474233487589
                  0.82329054059598483217
                  0.38428812852100302511
                  0.18901449589990573785
                 -0.57705847038812763117
                  0.57010253742326122417
                  0.65882908036640452920
                  1.00718872259234992761
                  0.60465544665093784449
                 -0.69666628204892988574
                 -0.33653928172578084776
                  0.42372454037351070522
                 -0.65498509841972718526
                  0.97938613775787941584
                  0.97984225772349553552
                  0.58033108785113762806
                  0.39288276500767704835
                 -0.74046982921632342745
                 -0.69760451644926202430
                  0.56182293331666133263
                 -0.75007880885354372147
                  0.43308125506810141170
                 -0.60475521360875017507
                 -0.69700315727143780098
                  0.33421966836337652085
                 -1.24554652883957261977
                  0.33781341318377700045
                  1.08227937827570874774
                 -0.26736987348597801573
                 -0.19045836156424153507
                 -0.55617805020039512431
                  1.44491446439050363892
                  0.63776351116082818926
                  0.51156677212930745657
                  0.37674629727999392470
                 -0.35944081266580635292
                  1.73189230138054228725
                  0.22342862525207707325
                 -0.48802341168840096541
                  0.43094413224787803118
                  0.53275741954606281592
                  0.52759237292992511303
                 -1.05315316693071414633
                  0.21562730792296305737
                  0.39870683743971802038
                 -0.51925524594443139836
                  0.26796235472348417517
                 -0.93763110830445173249
                 -0.55101803612508060137
                 -0.53416424003719942259
                  1.00507048190520831277
                 -0.08455074458338161791
                 -0.46557138888040394686
                  1.10376678109429726682
                 -0.58157713337534255871
                  0.09605249315131549059
                  1.03708645632224105704
                 -0.85795786988171496290
                  0.64965662516444466767
                 -0.21491908413928087485
                  1.10544011017626742088
                 -0.21200774286368470611
                  0.91877760266481922624
                  0.17069777465663846239
                 -1.06004956167509889475
                  0.45033496314995558052
                  1.21881807856940138635
                  0.31498205671417156548
                  0.79508481575208989067
                  0.06307496700721468286
                  0.11957160167741852363
                  0.99684872736960006279
                  0.46631895234605380551
                 -0.42379383599060482801
                 -0.90060986439779178170
                 -0.41833535954559747383
                  0.40504914030771671518
                 -0.77126132498448751740
                 -0.45906081943340387719
                  0.41260944662789628135
                  1.06231664137850079221
                 -0.80323112965646603634
                 -1.16775996448911834058
                 -0.18772401180722309011
                 -0.50269516008270243024
                 -0.11693940897917376454
                  1.01464455247055651554
                 -0.32263928945212427823
                 -0.03266959752261172634
                 -0.29030890490757155220
                 -1.00566595106430578532
                 -0.10580754658301190496
                  0.64328912395074744346
                  0.72121689753921580657
                  1.10377842178895013703
                 -0.34025568195961841678
                 -0.75803954393843753223
                 -0.40651406333962508688
                  0.40267457266372858049
                  0.67100523629130115477
                  1.12191287117699323161
                  0.68853989232970169709
                  0.64204588328503475747
                  0.45136093425196921469
                  0.02736540176957766995
                 -1.11919966770156031899
                 -0.91924149601112858932
                 -0.50973265835029613058
                 -0.70812476829695636393
                  0.82573097050748101022
                 -0.14660153773294265500
                  1.24427000477655114175
                 -1.02071211432424835408
                  0.42361139733240388283
                 -0.35638957102990298509
                 -0.07128570041202636487
                 -0.28846811285086898513
                 -0.00871833160662070263
                 -1.22381460324691659913
                  0.74760541572749328321
                  0.55399211746168230963
                  0.53940419348008838973
                  0.31574235075858164690
                  0.60017001757256016603
                 -0.90453881414662606897
                  1.63374885809837722128
                 -0.47477822011580372852
                  0.30120086311848920380
                  0.49333795391888740633
                  0.48316802370879813333
                 -1.16223821874818655786
                 -0.43200016472240698739
                  0.27825276717507280155
                  0.26116318263929233501
                 -1.00002004001875177686
                  0.69143418054552086005
                  0.58451967589948938819
                 -0.79369207047436685087
                  0.77231516115803855449
                  0.83853173835952365955
                  0.93883277525157471377
                 -0.60702132485556437036
                  0.09480052017206366810
                 -1.23821376882619715865
                  1.12646903149998678373
                  0.45687333699480431326
                  0.17133077260079473958
                 -0.54824649512707024357
                 -0.05407755019039239830
                  0.91753586791339503126
                 -0.18471466700489241886
                  0.27486858545006409571
                  0.16269765651912060367
                  1.13364893170792613297
                  0.89095345053062380281
                  0.33366640619797982570
                  1.04102659571171574093
                 -0.98298197425648292658
                 -0.40501395279687618656
                 -0.57928806834379376056
                 -0.10162747274537380082
                  0.93577037136474572332
                  0.01601468195421182003
                 -1.05434784012383953034
                 -0.41360637033078712088
                  0.99977545717919802382
                  0.49012770973130370677
                 -0.09861494181757959887
                 -0.84295575065798011849
                  0.29525305527592615729
                  0.27463293353186224444
                 -0.08845936312884764008
                 -0.64530671882385293170
                  0.94867248734265730015
                  0.68483383983836998432
                  0.45697057056677331532
                 -1.25301992539084183775
                 -0.45255821572254045781
                 -0.06822419499471622795
                 -0.59664117754612688849
                 -0.44281993260911961530
                  0.79934536173900327949
                  0.80094392255438007222
                  0.22434619964880395115
                 -0.45649063692714408891
                 -0.03804897673368510397
                  1.17592603800264261515
                 -0.09276116900660338893
                  0.29168577871986933747
                  1.07770041564385987698
                 -0.04101306729509803656
                  0.60013838366729732599
                  0.27410884449663419637
                  0.39839768131545949537
                 -0.42419757377523492625
                  1.13971933820031101625
                 -0.87113718968555819977
                  0.59106983450670436131
                  0.08010009447212385059
                  0.36433259396154021870
                  0.69417970453250044116
                 -0.91892259580144575182
                  0.76674694897521655790
                 -1.07974869453195521096
                  1.01583453861002626084
                  0.57699392848184061222
                  0.57867754568629592438
                 -1.11399739911201400844
                  0.73413043686652101893
                  0.76049730018173267165
                 -0.75182910488321375020
                  0.83599780426489356255
                  0.27640235918939448645
                 -1.19559629745468964934
                  0.00212413025133150433
                  0.61178823203797694230
                  0.58510262667972923190
                 -1.16286188783929023138
                  0.42936431756071913313
                  1.17499424828848897384
                 -0.16610459786081138711
                 -0.05113842822739806532
                  1.15909850928465152364
                 -0.14689862881539186845
                  0.21945060683629266651
                  0.96988587615425092547
                 -0.91167784878044166863
                 -0.66272395185149690633
                 -0.05212848118408036635
                 -0.73374272817444718964
                 -0.80152406404276033136
                 -0.37390494048097733248
                  0.55930475183607186729
                  0.67034308238599871199
                 -0.46657564434932602415
                  0.69001997669608083896
                  0.08328848777080374854
                  1.06846779948695580487
                 -1.00264092223782741442
                 -0.53204506539082330185
                 -0.26518290195051569258
                  0.91893775501515917448
                  0.14848124990177988258
                  0.57278991985108096419
                  1.48702106932936639616
                  0.27234777209364052775
                  0.23828270422876268730
                 -0.92386206897187050924
                  0.14469292342148501462
                  0.38652830871888604891
                 -0.67143651199272957886
                  0.37816973959850758158
                  0.23058478169090212972
                  0.29975694729371171743
                 -1.32001462161956339969
                 -0.48127915002173488057
                  0.16062620205639249749
                 -0.93724124430788380291
                 -0.02444040029787907312
                  0.06558691477078928966
                 -0.63533518820891987655
                  0.35938551265233964482
                 -0.42721679068816748037
                 -1.00384854306399140533
                  0.99663550545578305506
                 -0.67332814392609108278
                  0.09834890501969278942
                  0.02775133210326112196
                 -0.79074398411830393307
                 -0.46159944161260546558
                  0.69412697698947134484
                  0.21204484823596783660
                  0.58483462716336609422
                 -0.13472010021261487944
                  1.15397398778310855683
                 -0.81433377000572471083
                 -0.95985301051806082295
                 -0.74817713316060774353
                 -0.28426390806232770814
                  0.44473066722031262543
                  0.73535145195490092540
                  0.59888199542032194422
                  0.77114225546970494030
                 -0.16427358129003094556
                 -0.40357396546003981852
                  0.64640243561161647712
                 -1.41974032773983571687
                 -0.03019666644884402840
                  0.80991237622326384127
                  0.76985107793690588096
                 -0.59806193206048974265
                  0.33944538300381466023
                  1.18854134351208329257
                 -0.10399318815897279356
                 -0.41436279765943612174
                 -1.04834540679931897955
                  0.96961383655149602223
                 -0.73989307510020962955
                  0.64299236627179401360
                 -0.06607502036705735493
                 -0.92738044187891743864
                  0.04623677009127370036
                  0.90773247513804278253
                  1.02422053254887601703
                  0.43021103147274591949
                 -0.72052716929643478849
                 -0.76567603594992272864
                 -0.72051996368194726195
                  0.09424812369070113827
                  0.60918179256520488263
                  0.42499056734116474887
                 -0.97377751054139871645
                  0.64991786182867927746
                  0.75138141439969807767
                 -0.32095996990536529436
                  0.28950520054678818838
                 -0.14485739318581647428
                 -0.45273855124877226963
                 -1.39058933993974487286
                  0.26690791668665708736
                  0.59963162778939105291
                 -0.64889486096194870512
                 -0.91491032112957915157
                 -1.27756916978151013886
                 -1.10137421119446821116
                 -0.44365077732322238946
                 -0.90430755675857121823
                 -0.05675066815429717637
                  0.63558730244615435634
                 -0.61114416485193290285
                  0.71633491895933798510
                  0.15981260760063900617
                  0.27387656740793842047
                 -0.09749617611915452342
                 -0.99212487831388074255
                 -0.68831254090492710596
                 -0.85821458618525237050
                  0.26287712032442162036
                 -1.10532086734430423647
                 -0.93629328250139909340
                 -0.39718173889523333830
                 -0.94290633653244770862
                  0.02027260615952538106
                  0.36446386765492083670
                 -0.99805557835124958377
                  0.82316829753250553292
                 -0.51974196290909180362
                  0.45082236964990735073
                  0.99317370705315177748
                 -0.78881600502779625206
                 -1.17629162740773862694
                  0.51864895333895588703
                 -0.12470667350737713042
                  0.87961106306156766621
                 -0.71816726711524414561
                  0.58905681288877742574
                  0.97486833960390306686
                  0.72634786426080777400
                  0.52382312870903569024
                  0.71353180662111037602
                 -0.65604309790695891635
                  0.14779211542486164754
                  0.63400561460805848757
                 -1.08831428074869940303
                  0.96545572106196275719
                 -0.86243152102132492054
                  0.29400073779407015495
                 -0.66828274790442521169
                  0.83250569803740448460
                  0.91829832182740100954
                 -0.28837704566873578749
                  0.13188732996843263723
                 -0.72001718045812423963
                 -0.61815161588705935802
                  0.86268617039806538838
                 -0.36416832506128138380
                  0.97475645045722880688
                 -0.17499752764522114035
                  0.32947062405835725318
                  0.17936820631066902054
                  0.34581735787746115118
                  0.38257106780848482153
                 -0.02025863747995653233
                 -0.13757229067940304756
                  0.17728265152954419959
                  0.19623225890804635307
                  0.13039134492168746871
                 -0.15452306376278485134
                 -0.14850738202719362957
                 -0.14275430482489648298
                 -0.15521653800288875980
                 -0.16015891266091303313
                  0.20635605780818455646
                 -0.05718712236859128939
                 -0.16864827373644353248
                 -0.32823638604328886359
                 -0.03269341960517710421
                 -0.00754158878928454408
                 -0.06158040817432487712
                  0.14285605239037482694
                  0.24048922587337004386
                  0.25601353137450066910
                 -0.21732223459943506017
                  0.18734432472340623033
                  0.28215493455755130681
                  0.13966289125669129056
                 -0.24869989283926338675
                 -0.00429224107943890990
                 -0.15906107294452442869
                  0.01146546723556265794
                 -0.28679326126599002933
                 -0.02073724104625013220
                 -0.26223367118255819230
                  0.20142838649707570098
                  0.13063232204138500170
                 -0.20194761501154753769
                 -0.37068622725713312738
                 -0.35963401621681850839
                  0.17883716023342050017
                 -0.35080219138639723298
                 -0.08430798096590969015
                  0.05119784781886861647
                 -0.28093995676418548335
                 -0.17961520072592021546
                 -0.24631990240369053269
                  0.26430801984320917430
                 -0.25115679961209541604
                 -0.08501905591495621806
                  0.16016043649010661132
                  0.01785821368991180949
                 -0.06297870274871138208
                 -0.34692077335263082905
                  0.21430120098327520850
                 -0.02065964983199532201
                  0.02131933486396142899
                  0.14689801650633885211
                  0.29066990669315695417
                  0.19456830849669864980
                  0.24001113748940075543
                 -0.06320049935180463430
                  0.15040571598041357904
                 -0.13359906127223730721
                  0.18947277898816652919
                  0.32330365200336358411
                 -0.14617642571592878720
                 -0.06090566992372094257
                 -0.41462647294900789596
                  0.01295667641475237684
                  0.19168729318604679768
                  0.43084884078514695815
                 -0.44783833747338791520
                 -0.37096621724617767635
                 -0.13368717952108347125
                  0.05301021116422611340
                  0.35333020118610691807
                 -0.40672222517743156223
                 -0.24939078783280418938
                  0.14245622865992060846
                  0.06014482760974820125
                 -0.19161545587101949661
                 -0.15756465763516655509
                  0.14128113789388876964
                 -0.07610684494917757670
                  0.19151199791908710135
                  0.19068165375758575064
                  0.14044066998417409353
                 -0.16411651094427912034
                  0.12684534510285469522
                  0.09295448903317130029
                 -0.20094485678908829973
                  0.22782256415647178516
                  0.36898454265425462140
                 -0.18787082518861344949
                  0.36545597912097244064
                  0.15974096073289756337
                 -0.16746400672915731644
                 -0.28641250828529341010
                  0.24261015722635204117
                  0.09833711784041533621
                  0.10707701622765439242
                 -0.26799610290981629168
                 -0.04392924121075324900
                 -0.26876627009739473273
                 -0.28722288182575855808
                 -0.25607061352826449019
                  0.14961969392308857585
                  0.21230273671413607550
                 -0.06414190512444074843
                 -0.00914425545113804403
                  0.02350641133312550077
                 -0.06610870402975659033
                  0.05439177054571757430
                 -0.14118720730772002514
                  0.29710100532641936510
                  0.27200187685675569771
                 -0.12746077477457307126
                  0.05786800947450979754
                  0.04199065554549379770
                  0.19452298357108993576
                  0.42025911355240486156
                  0.20235401996884830322
                 -0.07911327633206667598
                  0.16643935475963542170
                 -0.20652730135689048585
                 -0.46271560030350977755
                 -0.16133387009736416262
                  0.06377972692699292179
                  0.03358437984237071239
                 -0.34217282858907344112
                  0.48740274768732710919
                  0.12585889574449277140
                 -0.27781042897772534328
                 -0.33183643294079107067
                  0.01809266954433287611
                  0.28095667365427984263
                  0.27247613693299727045
                 -0.31082401664674408348
                  0.01161704721105478663
                 -0.15972716712515561133
                 -0.33561550932246703161
                 -0.09854528630870684758
                 -0.28197587783791844274
                  0.08387675246486075986
                  0.24802608428166889043
                 -0.18588785997719625698
                  0.01316998072623391802
                 -0.06609168759866941578
                 -0.18121622219450686520
                  0.39408183761733694972
                  0.26166711674186771130
                 -0.32640690974796143786
                 -0.30320268352271051437
                 -0.14391911924701092373
                 -0.27613726073678784845
                  0.34021424993643223367
                 -0.17350184807484955729
                 -0.17593686305820285809
                  0.14462829717891659276
                 -0.37860083173806496903
                  0.25949099842162559604
                  0.04927124952097852728
                  0.08560875417393899733
                  0.18721640237249939642
                 -0.13759593846770257208
                 -0.03515353324198060986
                  0.02830739291622763609
                 -0.21318512959368712822
                 -0.13008972967220927552
                  0.34193922927433884063
                  0.21695762132991333604
                  0.10080710622627403472
                  0.20712277116759444939
                  0.13632326503235253634
                 -0.08801847004127273666
                  0.16731204343070493756
                 -0.18902800553775828130
                 -0.13859270921294467027
                 -0.29682793121014405813
                 -0.05345920608032017629
                 -0.19123185835593661808
                 -0.24847902417149783649
                  0.14149259580506884371
                  0.22234893791724472112
                  0.01910210668001832354
                  0.06224768603960504493
                 -0.17113322327097790776
                  0.22508995765022729585
                 -0.13242174616686702704
                 -0.19006410309574753303
                  0.01273649450180851586
                  0.27152317397457781389
                  0.31165030827065864916
                 -0.09103182826557758289
                 -0.01305002829077454851
                 -0.32805398379739275638
                  0.33681640710385685189
                 -0.14385232754804039290
                  0.13697922994790198703
                  0.36150816786544176518
                  0.04962275022870912128
                 -0.33890573414837699140
                  0.17713331984789049134
                 -0.02987792100599829040
                 -0.30019957573350014579
                  0.27690499400126333818
                 -0.23511054635985093042
                 -0.25158376092816159275
                  0.34010901124740833268
                 -0.16926010347275194379
                  0.26450997987731672545
                 -0.33464020506540931299
                 -0.01378287322887082611
                 -0.12887807661968186945
                 -0.02762225456786715841
                 -0.04052099462053770917
                  0.05914496816837662430
                  0.10314471120564569495
                  0.14455787289381050176
                  0.19714405113301652905
                 -0.19618430399187258839
                 -0.08290844492106405617
                 -0.10349539749866218385
                  0.05193327182953014209
                 -0.30184068852362272439
                 -0.16108067039557075195
                  0.15845416921358029816
                  0.13605764960813399034
                 -0.02097300923615478749
                  0.19424443967794560728
                  0.44649749560880697130
                 -0.02078206749221222019
                 -0.29231167865775359305
                  0.10267667143396057294
                  0.09878060165458903141
                  0.23183568148855168700
                 -0.39627895957295627971
                 -0.04142476945525742221
                 -0.42199851757792172791
                  0.28587102409894660227
                  0.02608014323493244163
                  0.15789037060741722973
                 -0.27545669721961818510
                 -0.13488299875113962667
                 -0.14630040493088494746
                  0.01051722572659237118
                 -0.21662087333251026089
                  0.26181874064748961173
                  0.26630447405989077225
                 -0.23325254995605992914
                  0.28488778149949672835
                 -0.18438543111351698989
                 -0.30828815368899742388
                 -0.11308353073941056210
                 -0.01689188534790425980
                  0.31423050853461592657
                 -0.04923506727856382520
                 -0.32449010130509575722
                  0.20687527333157706977
                 -0.01896636835883958733
                  0.12613908039633020541
                  0.01667785901004825364
                  0.03006038771600505824
                 -0.36023925345977581003
                 -0.26389190706570292422
                  0.53260831773900452202
                 -0.43105708101977552316
                  0.10858244974695026308
                 -0.27390248567709424288
                 -0.05465130519264502912
                  0.69635541616488960681
                  0.13216541731523634429
                  0.04334426036373405927
                 -0.03811438585202606144
                 -0.25373759251580219054
                  0.08075369535867019111
                 -0.00883457289810220606
                  0.13508919294931259758
                 -0.18429513910921943576
                 -0.25699152942043451686
                  0.46194291965108130738
                 -0.02882284693826583921
                 -0.02868349523619130592
                  0.00989207203597128153
                  0.14884343372897135271
                  0.13788655506158997710
                  0.03222664219874795538
                 -0.28505687642971333506
                 -0.21011149387418526224
                 -0.17660851866440180347
                 -0.02682489549271203921
                 -0.40447075434179735609
                  0.00510678230130075673
                  0.36359374360279811400
                  0.14290866674322807994
                 -0.09386183422933386256
                 -0.02387095269602979714
                  0.05752436858594676961
                 -0.19387606332757348349
                  0.24724364514615904120
                 -0.09163262144605542614
                 -0.12029092581956872532
                 -0.14650667010619114472
                 -0.45088712676680348101
                  0.16069891861062840510
                  0.27201002644095451100
                  0.21854032290355590584
                 -0.16490351693236560138
                  0.06292092373445153097
                  0.12404714479218652279
                 -0.05110537649513734182
                  0.03226064930470705361
                  0.09773744485941852911
                  0.02649927598766411985
                 -0.08247897000626330799
                  0.28662318828492622247
                 -0.07603561774858290379
                 -0.01347882960683527767
                 -0.09812810311524500229
                  0.09102959643383685961
                 -0.26175473240150570753
                  0.17802140480140871137
                  0.36540926576826365801
                  0.29999221515049023790
                  0.03465845418725095606
                  0.25598555647232534849
                 -0.08476152837028290421
                  0.26041650433583901636
                  0.70594264896836189660
                  0.25880980716936086150
                 -0.36311220463243509826
                  0.12220516028882059956
                  0.41849086636707538700
                  0.30011095391611480876
                 -0.33742945491155695859
                 -0.39866379022964959500
                  0.15975233819684278580
                 -0.02478272960333140207
                 -0.04388037448167297905
                  0.04920792100928108453
                  0.14502723892780156056
                  0.11743659855300793426
                  0.17560176612035549581
                  0.18900996048591814369
                 -0.48239032537232523490
                 -0.03917201751291094630
                  0.36442896015050302294
                  0.23677069516037030361
                  0.17116390344219917230
                  0.28199344115374819220
                  0.21051223491838610968
                  0.12261065916971536360
                 -0.17539332900316972896
                  0.33540622566095856794
                  0.12844474187667709320
                 -0.21119590739621538211
                 -0.19063774711493694514
                  0.32947237025379177977
                 -0.14407280372805120194
                  0.22944289331623793360
                 -0.20875967093099623284
                 -0.01823739625087799840
                  0.09292683714223071156
                  0.14961305229299637354
                 -0.16018527890864558971
                 -0.23852626107212165918
                 -0.34477104014983078750
                 -0.19972712537122264131
                  0.21832319588651905029
                 -0.29349103258634201552
                 -0.09819557546241226842
                  0.31043073317522712484
                  0.36732834980867351549
                  0.05229612337572077385
                  0.10633726247869168535
                 -0.25584657266701638090
                  0.20865522289440371906
                  0.38606892420054622628
                 -0.17825668910775993581
                  0.50302561383501054326
                 -0.33358034529359664733
                  0.00339597870254473161
                 -0.05429474195979119844
                  0.35955766115610593436
                 -0.33955719919037663512
                 -0.25349615129531860580
                  0.14699417326148669916
                  0.15326466563758975314
                  0.17658673377403538707
                  0.25563396766834700635
                 -0.03654072352743004126
                 -0.18863407154341749195
                 -0.07544410897995766641
                 -0.08088629876598055213
                  0.20640478114313315361
                 -0.18945297677359429489
                  0.09363079741848966131
                 -0.15243030889488443091
                 -0.23924845655153895163
                  0.38328266978661007514
                  0.37219389931960777940
                  0.16096294276732717177
                  0.09218490789130620588
                  0.04451601722907073261
                 -0.05297164862830806842
                  0.01051284200011880221
                 -0.37585561430695108021
                 -0.07995755496508477611
                  0.30943318345342735176
                  0.26070509088189219860
                 -0.16363958712627502123
                 -0.03313450342506150947
                  0.29347296307674053395
                 -0.06518558550333083956
                 -0.26596207701178542493
                  0.22310680525673298735
                 -0.24676804575994748525
                  0.00849362819422569935
                  0.06765266481207551919
                  0.03303595215870064328
                  0.15498022917943368726
                 -0.12481433468194574887
                  0.07187124210580429773
                 -0.08863112298475386841
                 -0.14840917969293826451
                  0.35312047364467186172
                  0.10200747503333190691
                 -0.06849862499985241715
                 -0.04446881364622736615
                 -0.09172875992519238797
                 -0.13376530398169064751
                 -0.04476219371928052276
                 -0.31321549481632410261
                 -0.15960631645153786073
                 -0.12735657615387854791
                  0.17792490454372700270
                  0.15074445961865043375
                 -0.22342557454199488132
                 -0.33256342369299696227
                  0.06599167570775532621
                 -0.26983458591789211134
                  0.33626906092308517238
                 -0.32684805672023853340
                  0.12555511004963235133
                  0.16720957998638610875
                  0.29534367890331958417
                 -0.06449595201531975464
                  0.42231601932053414172
                  0.08387080934960006173
                 -0.34756564892628344365
                 -0.32760495004796841290
                  0.10035191348502149611
                 -0.21712738560301275692
                  0.46888472778208301062
                 -0.26387206793947454164
                  0.04942691002622193186
                  0.03253790311217248654
                 -0.16016950169380919644
                  0.34128417095415236604
                 -0.28626739171224413472
                  0.21247992772934062855
                  0.33675990939552535863
                  0.11522114838639084533
                  0.21823128371325767327
                 -0.17205554541914705458
                 -0.29631766302115619682
                  0.03369848385300251714
                  0.14865055733217141798
                  0.34312456323843532058
                 -0.23758547677433536349
                 -0.31316976430689064115
                 -0.04678952361930056175
                 -0.32489027513986973306
                 -0.13450180093496708067
                  0.17381001966191014785
                  0.37485875905888343951
                  0.17217437858457032562
                  0.27855429856734448268
                 -0.11233820557725048006
                 -0.34078047591551524631
                  0.21592860842899039286
                  0.35874191733919108538
                  0.39037457743557418821
                 -0.31122738175241565495
                  0.03320673818946436734
                  0.30419307281583712887
                  0.10136643269674951162
                  0.07447177200289520349
                  0.12608120954301682559
                 -0.13237166258149279940
                  0.01948257291246788259
                  0.13140101518509747502
                  0.34243610171983007717
                 -0.07688143512895072307
                 -0.08284994482270370553
                  0.10023705314651101816
                 -0.20280318745407283076
                 -0.01155059169022725103
                  0.04372606625985858697
                  0.21012136033067507768
                 -0.39479340009187685601
                 -0.09632609059245769711
                  0.27797656941122800278
                  0.16273234105894349155
                 -0.11186498703147626510
                  0.13679283864257854586
                 -0.34246099053665951528
                  0.09765807024914478773
                  0.03213505913516965379
                  0.08156490338630427439
                  0.10957828163957093748
                  0.01574621178490290263
                 -0.03211392680825778112
                  0.31183477293534583863
                  0.11532663616523719519
                 -0.17008068301893294882
                 -0.01684808853821178481
                  0.06875295081922705442
                 -0.21346987184385596281
                 -0.07002445258117012683
                 -0.03271444828874199573
                  0.23595851616251178884
                  0.39562511884725054534
                  0.21668297045973045067
                 -0.22051489525425055360
                 -0.15203094003227285436
                 -0.25904547459794946551
                 -0.05631252770056410090
                  0.23957436671659682048
                 -0.15006614890457070643
                 -0.07273613642898350828
                  0.20986126684717168467
                  0.18746789041290615185
                  0.02178855202920051276
                  0.09515424341086289872
                  0.13846232241911132776
                  0.12442965232848925139
                 -0.27509062113074500555
                 -0.39402395824352259845
                 -0.18812608193558652547
                  0.28967086140134823413
                  0.18044067807397398684
                  0.07270497836556381877
                 -0.11070134099688695717
                 -0.35822381244240814047
                  0.05707704638941081543
                  0.00508655634428559818
                  0.18400195932460280956
                  0.18128604476974502502
                 -0.21886593708126669822
                  0.11642825083823588050
                  0.29207546744452261844
                  0.27992581329341298391
                  0.25953062199828658141
                  0.20803152113891906771
                  0.02655419126301657162
                  0.36233608515218868051
                  0.31463696546051173053
                  0.20018373786850443552
                  0.33909285771517488906
                  0.06180150032779006125
                  0.09340643311937202320
                  0.29110616573842229560
                 -0.17963802854475241499
                  0.17638550959451526623
                 -0.11684056296194432478
                  0.15728955026321755906
                  0.25907158808408708994
                  0.26487592745893046020
                  0.26288011683747702918
                 -0.00478075820955372287
                 -0.00359995914580831270
                 -0.26611964044284441844
                 -0.22189879748386415192
                 -0.23016515479213769946
                  0.26842265674166471134
                 -0.28783634736665719700
                  0.22414428837488548085
                  0.04004321701921315785
                 -0.16112513557129076736
                 -0.11990836495001777617
                  0.07897388389690777888
                 -0.21032945615782167037
                  0.19941236093989675449
                  0.04780999815429278627
                 -0.20333131208680202406
                  0.25257115577246824767
                 -0.35129247797441071066
                 -0.14692466336006107519
                  0.01731339282855791015
                  0.22360867759027100443
                  0.18010208249365047828
                 -0.00168471166397066380
                 -0.13198348642106744188
                 -0.11981675756298360014
                  0.08491195171768002592
                 -0.37560139250376167741
                 -0.23388946369151369931
                  0.33828875362291277451
                  0.01850858465743642628
                  0.33902694684267536962
                 -0.04322886398358818244
                 -0.04443552618766007101
                 -0.08116500311496836761
                  0.09382240700693393609
                  0.13860669645393466909
                 -0.34350798037379404182
                 -0.21626854971398262739
                 -0.05107269730679910025
                  0.26843324860096756668
                 -0.33795153844972430912
                  0.24884121023607663759
                  0.34551394121435685669
                  0.06135178335870501709
                  0.02927983874226856159
                 -0.14076508896691780626
                  0.18382877946270800851
                 -0.25440864210313862692
                 -0.00557930581176185707
                  0.27606537042970402673
                 -0.14502154420179069749
                  0.24538126733050139028
                  0.24262563622927632578
                 -0.24506443925934137673
                  0.12075924905669223330
                 -0.13726500302532712583
                  0.09990155872414821503
                  0.16073499424984175055
                 -0.25393117087745986638
                 -0.26364924334038891685
                  0.20962948956356133867
                 -0.21665057769431339540
                 -0.17027703045633935108
                 -0.17512876193857951357
                  0.13694150758763984355
                  0.25498571977015049850
                 -0.29241426273526416324
                 -0.00306371430340737641
                  0.30327444784827201074
                  0.17502595127103684480
                 -0.09882551697005247104
                  0.14770117896217627163
                 -0.37516211160902523947
                 -0.06474472930085009570
                  0.20601923951171347005
                 -0.04643035676062150230
                  0.37036493309548862429
                 -0.00737231023303960842
                 -0.28038130929475513220
                 -0.04006278195168311296
                 -0.36327917172110985033
                  0.16596948830645666395
                  0.27974450252619753599
                 -0.05353228458236396897
                  0.11874555323383931271
                  0.01979106487002853243
                  0.22865919225282971272
                  0.24234275764208074166
                  0.28488484769380773010
                 -0.09654772332116177969
                 -0.11231278664305600901
                 -0.38102080127987958402
                  0.19658590522839672343
                 -0.30846948272367941124
                 -0.31019022641867477486
                 -0.28389529579705907736
                 -0.32393893467326567714
                 -0.24952772627742850209
                  0.24834120212373134162
                  0.01331592109728865075
                 -0.07483693927843652893
                 -0.06468764973319034162
                 -0.33082386285718351493
                  0.18982490023862119699
                 -0.27441774798486240350
                  0.32245428775438750302
                  0.01834798856695670985
                  0.11747362726315309367
                  0.22319319275391902302
                 -0.22310104298486019281
                  0.24243162593925138282
                  0.03994711992519099641
                  0.16074805793888574668
                  0.33945604910108556629
                  0.29610231570774570020
                  0.16235146983482279248
                  0.06204326611905789518
                  0.00699153216828849768
                 -0.01038089557363627152
                  0.07618195366761021381
                 -0.21327978273838285594
                  0.09184620237256982400
                 -0.31561441084641567167
                  0.04338182651655339561
                 -0.02128474028680588104
                  0.32470657438234951098
                 -0.04060505367524438330
                  0.00264070495326170418
                 -0.04983039972862308986
                 -0.22617897639574632840
                 -0.38156829297045069538
                  0.21128127640338817406
                 -0.16326006824857433597
                 -0.12838867681876967031
                 -0.01372029504314355337
                  0.16571089413251938183
                  0.21139831087719959668
                 -0.20814646290451638277
                  0.00062485813843843763
                 -0.22965197041420495894
                 -0.26450463186202066712
                 -0.06462119254554783698
                  0.03154648629058059983
                 -0.14081255174161774746
                  0.20564105800289012027
                 -0.20798365254241826805
                 -0.09259321854955482323
                 -0.08920518104884167521
                 -0.16622161596884468815
                  0.05602203857267951809
                 -0.17011642810591692809
                  0.21175158729759682719
                 -0.00388872246606389131
                  0.17433176874859460104
                 -0.20165829326236137109
                  0.08506792230607070071
                 -0.41744690330732364680
                 -0.11186236797898309325
                  0.15686085565077806381
                 -0.12013462684081438470
                  0.37865793378569556626
                  0.26058161787507871932
                 -0.19625039994240109364
                  0.19309460599014482973
                  0.18497415783713508364
                  0.22329937173978534060
                  0.10288661132222134964
                  0.06088140628582445341
                 -0.25148070888213847063
                  0.22942584034774235469
                  0.28469774142631676384
                 -0.03339337037507407457
                  0.03834158754836864552
                 -0.12028468061573219239
                 -0.06524850498227102724
                  0.14750291305311408196
                  0.32423836935421912475
                 -0.19392648259732722660
                  0.27094935037728329341
                 -0.37610931926140961368
                  0.03065032163242934621
                 -0.33120770908311153446
                  0.20882195623581267796
                  0.40942035691266315256
                 -0.04812778406500706208
                 -0.10928859459963864709
                 -0.05741742708152488411
                  0.07436754494387387560
                  0.33791516967506685098
                  0.00001951506579605904
                  0.22963971791263459998
                 -0.10134080786081543779
                  0.03115387609982534639
                 -0.07505410125631770124
                  0.30672260316418786807
                 -0.01180521743841512518
                  0.12683057868647554245
                  0.29464137509542803750
                 -0.19311534541970348799
                  0.11409749754424500234
                 -0.19363052297914734590
                  0.28956338661733643791
                 -0.40594336550814241749
                 -0.02465395794724111259
                  0.41464906799546025207
                  0.07719109530677265019
                  0.09083677049421701177
                  0.36568780512467208288
                 -0.03323233261993316368
                  0.02114651131127233755
                 -0.05566076740921158811
                  0.26442487328708885741
                  0.10614121677867868754
                  0.22841729449539813213
                 -0.06649328003517926411
                 -0.33371754040613710313
                 -0.11809223899848697581
                 -0.21902466971576237120
                 -0.34598410980591076669
                 -0.13333191910973007932
                 -0.15178447837574546297
                 -0.14569024070344360755
                  0.25137648632460635190
                 -0.18666315842036687589
                 -0.06553455495618068505
                 -0.20016174924051646777
                 -0.10514694243725611345
                 -0.25362364075398946550
                 -0.25143524471675532395
                  0.03760187088111328207
                  0.01920926763555681760
                 -0.42167422600030590729
                  0.14795058617378972765
                  0.24945077623763214913
                 -0.04396926203851786452
                 -0.39266915384729461636
                  0.10081476722506577115
                  0.04087883089084150962
                 -0.18037498542341778851
                  0.27479948121522590476
                  0.14519443811053428517
                 -0.08263849621493467301
                 -0.04083084267203517664
                 -0.24476031783715485046
                  0.20989255639693971123
                 -0.19351161654127577161
                 -0.12343381218584278947
                 -0.15377353104826368968
                 -0.24150766577785001687
                  0.27647107650716223892
                  0.02373953535584995278
                 -0.31034113878773156303
                  0.45221111174252254239
                  0.08153342761654031046
                 -0.02482497854046910798
                 -0.01861347269475187999
                 -0.21331413572761068198
                  0.29729197789426936582
                  0.25984611960691833543
                  0.29412270048633654129
                  0.12694949629020030324
                  0.27600735775964824192
                  0.01230087493707272481
                 -0.27584022360513732464
                  0.24438001186225846717
                  0.19862359435657478413
                  0.17921390965089148417
                 -0.11730780124161829803
                  0.28801833860267245235
                  0.31813129057868255734
                  0.09449284150917583447
                 -0.27088719458556559383
                 -0.02270613700346372360
                 -0.22725551597519633162
                  0.20073012222555580708
                 -0.13052453599318084021
                 -0.01762215650306438175
                 -0.01422840931780817650
                 -0.23067131605603019562
                 -0.41094405009112972005
                  0.03409010514319141955
                  0.16986927864107462249
                  0.10832081152304266769
                  0.39366894204887287190
                  0.14197629661917432475
                 -0.04422910713254795539
                 -0.24932246304728983288
                 -0.13979965685196910075
                  0.28337443774424719845
                 -0.14513080639151268447
                  0.45650499393271093407
                 -0.33246629951162320893
                 -0.35264360411899403625
                 -0.48357143778351718844
                  0.18556680902288319457
                  0.43143909618178682974
                 -0.04682864980788906811
                 -0.00666414454570604491
                  0.23621976809723185808
                  0.12504667513130943157
                  0.04024712918644361009
                  0.04126769759137006999
                 -0.26800200907408378015
                 -0.32510625493087275117
                  0.43754209330317539450
                  0.24479035323967787696
                  0.00402211924652847580
                 -0.15553098409744911534
                 -0.30485708857814963757
                  0.20398827460700230674
                  0.06180602922057348847
                 -0.17131785630879728388
                 -0.11574374682056376429
                 -0.32981654297618628879
                  0.26497042384125552017
                 -0.06054433976978533527
                  0.33020481269428464399
                  0.43720009114946672968
                 -0.53751977655129268285
                  0.02980069623923628508
                  0.40829448900624265573
                  0.02887864067684718650
                  0.35515115201768243658
                 -0.07615450795579217780
                  0.08312757587053536124
                  0.23616285656961452655
                  0.10736247137181077760
                 -0.06593659861138295719
                 -0.08733240331494904196
                  0.06355444900919690610
                  0.41528240839981528376
                 -0.22257530248557613750
                 -0.16021326014084844025
                  0.03313593408051544731
                  0.34428591758694521152
                  0.21891062547559944629
                 -0.29968162400435399695
                  0.35481549629615050101
                  0.44409135959817763739
                 -0.16361635304747101927
                  0.39196371089011838862
                  0.15635978859932669893
                 -0.37245596563306726523
                  0.04273169569126517714
                 -0.19823722519493797156
                 -0.15544400269414204718
                 -0.01952611906575118378
                  0.14773695290574437311
                  0.30340868244834168221
                 -0.27008146527740906073
                  0.02280550561515132246
                  0.41147574963581456942
                 -0.02642536727400953897
                 -0.42106128804046960568
                  0.30142729286256209065
                  0.20423529118881719735
                  0.00270497040415377654
                  0.01407534672250343802
                  0.09647042910029691998
                  0.01269232311857976594
                 -0.00414363598589979551
                 -0.09334081101365727939
                 -0.31408585072599604082
                  0.08782518453603523068
                  0.53676372802203020651
                  0.13768180177943417641
                 -0.02769974159239811662
                 -0.29114257319081321418
                  0.33532235192370907217
                  0.40184729269472885260
                  0.16857462445258522554
                 -0.14563445637779529052
                  0.08948459173317682702
                  0.09343546061966266636
                 -0.02494227325423017949
                  0.33138693547760372793
                 -0.06946437235968123958
                  0.09382415231183709181
                  0.19881690223527637151
                 -0.29011501922359350658
                  0.06208776406518667218
                  0.05660976475278747116
                  0.26941072657699155490
                  0.00007083184232316124
                 -0.22608834966113094955
                  0.12640358473893353874
                  0.09689859336951191227
                  0.24188369944435345049
                 -0.35773330059846825124
                 -0.09531090093493296833
                  0.20672134326301400131
                 -0.09891286480713369633
                  0.15967460244462541863
                  0.13513217090297249823
                  0.26301195687859879602
                 -0.24586516900407906494
                 -0.02079523664548807438
                  0.06397784681337793933
                  0.05436825174485536427
                 -0.05057194402410298412
                  0.13491496635442098984
                  0.28064234219571926321
                 -0.24175913623316772072
                  0.15922542892071345211
                 -0.35166311735022826035
                  0.26961407653959551523
                  0.05939924267636765426
                 -0.28525592758529649817
                 -0.16449523935140020203
                  0.31116040131339767205
                 -0.32010268559306304104
                  0.15829716851413791479
                 -0.18341754928897885391
                 -0.05691415717295650323
                 -0.31460010204383315191
                  0.07227582213087054008
                 -0.10055575381359485587
                 -0.32178059072403553120
                  0.13684470520362609913
                 -0.10531361413066615829
                 -0.35311862110771802259
                 -0.08333399384968569190
                 -0.37269235157642655043
                 -0.22766013954723024471
                  0.29470806768381296870
                 -0.34994060214461036873
                 -0.17245021681864136642
                 -0.16091918017127590512
                  0.26578258925615821928
                 -0.40306360199902740993
                  0.26976704979938931350
                 -0.04385231010006693242
                 -0.00047098703640032847
                  0.20441809408896075007
                  0.11922833765270937634
                 -0.05090833565512081077
                  0.00773604937557972275
                 -0.46413865372706364365
                 -0.22238511090067525355
                 -0.03874488492481140134
                  0.17245040157420424287
                 -0.01557057980645386655
                 -0.39991954707527510582
                  0.14267561554486118958
                  0.10550129343159786455
                 -0.35607974319933710650
                 -0.14196288830879164045
                  0.25143950946354115539
                  0.21056313186103270407
                 -0.22934552029165683473
                  0.34009729415099998473
                  0.40163353487976805045
                  0.24416896661704073912
                  0.10319044044566687279
                 -0.01407358359313696378
                  0.31027760499932843796
                 -0.12562822173110660406
                 -0.23239646602848390566
                 -0.28258242324581622773
                  0.45432764732299635302
                 -0.14817304899510283511
                 -0.16007357634115360057
                  0.11782015746929135058
                  0.10896317601797095298
                 -0.27040212357967946533
                  0.15761575885275364017
                  0.00554336092236753456
                 -0.15028322657140549823
                 -0.18503728741187078222
                 -0.13270803696292510221
                  0.20817409331777694814
                 -0.28899438765584956057
                 -0.40286400202346323018
                 -0.00173685172476222525
                  0.19736123291504861776
                 -0.30907267242657321393
                  0.29593358356547871946
                 -0.09776628905681239434
                 -0.03605222049156606851
                 -0.17689614661444658106
                  0.10028499474949614800
                 -0.09132168486361409709
                 -0.26054430411807971701
                  0.06498875349835639414
                  0.28043963662865151187
                 -0.34450222338072683526
                 -0.22864342944389376422
                  0.41071468742161848509
                  0.21017210063388033769
                  0.17615752529888079048
                 -0.02616778683323133306
                  0.00590168544481882440
                 -0.28448394997727660671
                  0.06821814039273829677
                 -0.02036369755695073905
                 -0.28005235472710660050
                  0.26815237445382833492
                 -0.14145241538432895556
                 -0.04383099700249359909
                 -0.18322818841650087562
                 -0.09973701221123826288
                  0.31379527570107956791
                  0.23778652955679110970
                 -0.05821640873028047919
                  0.22865294057092683255
                 -0.37656774398789938374
                  0.18831064903911759467
                 -0.35893397025495032970
                  0.22366245429917674947
                 -0.08819464299515221428
                  0.24616120556989737334
                 -0.22795671852139881564
                 -0.23482843621395535494
                 -0.21299171557192519977
                 -0.17021087517777724885
                  0.06225573222861385814
                 -0.04200079275372547993
                 -0.32032094471977468064
                 -0.02587333164151501413
                 -0.06877234132995796445
                  0.10839898103835325649
                  0.00709932713816056535
                  0.20287512065050827825
                  0.15505230957416207827
                 -0.22766593513108673852
                  0.24461132579309374790
                 -0.16999027904223834584
                  0.48909875066178137848
                  0.34646636108567557821
                 -0.21139346959366084322
                  0.27879265748560483340
                  0.10670651124194083237
                 -0.30989518959836925838
                  0.33401619476478361381
                 -0.24422798617980878699
                  0.13022988737179966301
                 -0.03281087431875175792
                  0.24391241711608555032
                  0.26097274354814375963
                  0.29338844770506805615
                  0.22277291955440206572
                  0.06770049826785935754
                 -0.20099732872027215036
                  0.42690939504901737056
                  0.15300539868045387459
                 -0.03144884076559594649
                  0.24190848974097764468
                  0.01842041535071868227
                  0.11311994236969952210
                  0.24189795336913874624
                  0.28089207435508051214
                 -0.27281049673076995798
                  0.02615686609150592173
                  0.21347438862971271356
                  0.03468377686659527420
                 -0.00656023274571236430
                  0.23066733393262173202
                 -0.06208984353615096957
                 -0.01116057092079949381
                  0.20004078012109727247
                 -0.36811155811310497521
                  0.26072416091077044165
                 -0.33610407509943895921
                 -0.23608302633118061209
                 -0.12886747062612968762
                 -0.30323570112888909023
                  0.14529223198191593136
                 -0.10887953402208369602
                  0.15226409417786310185
                 -0.35768903675368041162
                 -0.11739232427323260943
                  0.16889883260437657531
                  0.24168941171445598726
                  0.10459533140888657710
                 -0.12856374560006492147
                 -0.00776988632038220876
                 -0.31207020657252138029
                 -0.10741115882444589313
                  0.22967250294936766841
                  0.23191813554072029935
                 -0.09919396104793673508
                 -0.35872461365881180839
                  0.34817912688950314326
                  0.37902434553640018677
                 -0.24625302973519563876
                 -0.16044409481427318598
                  0.05385341102295725102
                 -0.14417371170492135346
                 -0.26487583943310610834
                 -0.00419785767447825812
                  0.10614067908607800750
                  0.28754821727835089273
                  0.22904661625903482980
                 -0.00420492307169841213
                  0.00084691953074801131
                  0.42420812299703397619
                  0.19247677833116638713
                  0.15509369067827397104
                 -0.16127023105969384709
                 -0.19812114502331648613
                  0.14685140175070257595
                  0.08292396692810252712
                 -0.07614530343744134455
                  0.20080858271248824831
                  0.14658536382422251987
                 -0.34462919501143723933
                  0.22306758853561681200
                 -0.14682825942712207645
                  0.20498269150371226099
                 -0.06629364358578578031
                 -0.26459219450372817306
                  0.09141733823536637993
                 -0.13355852036065385402
                 -0.11842756536390283695
                  0.34738155561201977672
                 -0.00626814927500235573
                  0.44748424353127413955
                  0.00573491581512974771
                  0.34575529478303901332
                  0.04248538045658548090
                 -0.08454082123443437680
                  0.19790236961407700611
                 -0.05974768857345932882
                 -0.10006004546375567299
                 -0.38543515373791265022
                 -0.38446575131938476311
                 -0.10974501474344587615
                 -0.29574034697723589060
                  0.35211593695637372070
                 -0.35128671008589179570
                  0.17734887143622266037
                 -0.02086347221332140317
                 -0.28565556217311105502
                  0.05723229999040961580
                 -0.26470818457240136157
                 -0.34447981378182152001
                 -0.08633888421931100454
                 -0.11303381897208714113
                 -0.14744786574015625313
                 -0.20375684487094264385
                 -0.46619709975089912435
                 -0.16955099288722727535
                 -0.10639348288323689784
                  0.37671677158707522759
                 -0.12113094492317139084
                 -0.23650085025192993382
                  0.40040229729371890066
                 -0.11561397439397665121
                  0.09650661321809636539
                 -0.14350044948975398951
                 -0.45852624242301154300
                  0.11832128340866113203
                 -0.13791009335796267088
                 -0.01126843242272621698
                 -0.22211850197050347910
                  0.26397059563179670061
                  0.01810866080422070257
                 -0.08785925325322681279
                 -0.11086888111362686038
                  0.08812267581133587102
                 -0.34017069994268173128
                 -0.44303065161184540521
                  0.24747424593145908589
                  0.04305971079212835700
                  0.37333968695882424615
                 -0.08014094816391013898
                  0.02775787401076527938
                 -0.19886449941686823450
                  0.05913220195518584243
                  0.01241102772453936930
                 -0.14457596774503952974
                  0.36998783558042153130
                  0.04144472728874640244
                  0.22473769220032821514
                 -0.30058721607655647379
                  0.28388409109883888659
                 -0.19275620315845268249
                  0.16439635116312978358
                 -0.25895784214034489601
                  0.02799510066373370881
                  0.23807991779745196759
                 -0.18521777642656755969
                  0.29703818869620229881
                 -0.12923275678733828209
                  0.00959296365996193529
                 -0.25949162391955205020
                 -0.28062997525267557863
                  0.24127429009597459175
                  0.27533726928618601493
                  0.06021841627657235907
                  0.43512849564858113727
                  0.20369050790601109235
                 -0.32594287266079113863
                  0.48314210426301035239
                 -0.09826905258231777296
                  0.15718673112446179818
                  0.25740894107633721655
                 -0.21764940556557996199
                 -0.17641685087315034375
                  0.00093198183233997051
                  0.17253319839667508040
                 -0.08456029080107609064
                  0.05802524053464527820
                 -0.47078840279607814256
                 -0.18782072225214674344
                  0.35891915465689716580
                  0.00329051839862305393
                 -0.36705628089909486667
                  0.10699477836682599885
                  0.29264193977272057179
                 -0.10438961112595315783
                  0.34199596124834286126
                 -0.19817372716429712542
                 -0.00602258488155384478
                  0.04312229275598684214
                 -0.06267952266818986595
                  0.04392344032766207218
                  0.28650720335744528366
                  0.04653288691772720226
                 -0.26510834131037142036
                 -0.14565747238194212687
                  0.26874023351955517169
                  0.15138987724287364389
                 -0.04895529237101498704
                 -0.14836635153697425027
                 -0.11440122138136733787
                 -0.02750025847538200771
                  0.33592901352364712420
                 -0.03869376400126438992
                 -0.18348226630438105311
                 -0.34358596764609239393
                  0.06095022791814539570
                 -0.24164967187518807124
                  0.32733859453001434847
                 -0.06903990488317875152
                  0.37464615105989190758
                 -0.12542812725427512910
                  0.09342235792053281418
                  0.28967853403924015421
                  0.24740645697538962700
                 -0.19892690605306040386
                  0.28123449856798432567
                  0.27950889279134066845
                 -0.16780676105775754747
                  0.00894024688796653602
                  0.07645137522399703123
                 -0.24130780400342546899
                  0.18591115867099652914
                  0.07570305417282537086
                 -0.45488553741185583368
                  0.32462796295467805097
                 -0.23773197756327474339
                  0.09655913872065149950
                 -0.13650173566264459102
                  0.28065415140826721618
                 -0.11290666030277886345
                  0.23230832627548766989
                 -0.17196890439705581066
                  0.14875464455718875878
                 -0.02187947298298018386
                  0.34239293991749897295
                 -0.14736058203744437090
                  0.01804652541823257780
                 -0.10975602691515021214
                  0.00727089902994133667
                  0.12440853866258799743
                  0.17983907326911063862
                  0.06798039599638096286
                  0.26975911563514270997
                 -0.22171997315672054008
                 -0.31693257616332576321
                  0.28103919561796308901
                  0.28055451715937929080
                 -0.29145895993571580007
                  0.09058932765623245453
                 -0.22249682880177282240
                  0.31034780278128604181
                 -0.08364742633034702446
                 -0.20999155577760125757
                 -0.13240044953966370600
                 -0.15163486238974210885
                 -0.16977848635508188679
                  0.06634285189032256003
                 -0.00859755327636905695
                 -0.00539838903070289939
                  0.33147168110508618000
                  0.32313619876593685509
                  0.00605659834828977534
                 -0.23758797517168056546
                  0.19931640111363374546
                 -0.03459223577879955852
                 -0.13050785314552298955
                 -0.12870820485469641747
                 -0.11658068562407418456
                 -0.02063670978461452921
                  0.03763094585548806825
                  0.23442677509242315637
                  0.06032086386637286468
                  0.53361732556113183890
                  0.32158754703262770747
                 -0.05812130826480924745
                 -0.13363963211723695057
                  0.13206002190830773424
                  0.07616523058794988366
                 -0.07242865684770599666
                 -0.01538107486757024286
                 -0.18074997222983232859
                  0.53220702794542529279
                  0.45412828166970742316
                 -0.24383494782346587515
                  0.21008662669467551010
                  0.05699763714839724271
                  0.30201126258038651917
                  0.54658487346090556258
                 -0.23217631325468460202
                 -0.29343030451910007139
                 -0.38325248268214756608
                 -0.03581016697327606135
                 -0.23114230474975949736
                  0.11363978228743092103
                 -0.02410719912029132481
                  0.04468317204037638990
                 -0.34400721091507358018
                  0.10983836132753135861
                 -0.00085602624994872336
                 -0.00761484105922675784
                 -0.03645773807985259324
                 -0.03505065263393264408
                 -0.19669982543206182557
                 -0.07130337469639951020
                  0.23049525302340362343
                 -0.11456808857606926022
                 -0.06320209352182951101
                  0.05993161261954115665
                  0.31276765827868951986
                 -0.14339355989905561151
                 -0.15191001209042181985
                  0.04151705313443161682
                 -0.04186373059884040959
                 -0.01278997562140582987
                  0.26108926181070085670
                  0.19280803809789431869
                  0.39723433625800191882
                  0.26494075602070304987
                  0.07239978135921169844
                 -0.13151227497294076807
                  0.07563162346383341117
                  0.29613954886097593189
                  0.40048575645509415510
                  0.03070433464772246920
                  0.06425635396528973919
                  0.27544854705661847571
                 -0.31856807218110011481
                  0.09653268812552218137
                 -0.01266577229553527556
                  0.18473113988904152349
                  0.07937438544426567155
                 -0.39691818218259650175
                 -0.39291081392390569960
                  0.24437251453092750930
                 -0.21347205278865516442
                 -0.30636009886724263618
                  0.34804971328060202440
                 -0.34873595181446814806
                  0.01623029115970473640
                  0.20155012062511196147
                 -0.09263462145669400238
                  0.13443752595927038751
                  0.26906639149452299398
                 -0.21862261208662761569
                 -0.10973845921204095077
                 -0.17862424816066016509
                  0.29576169876894436994
                 -0.13684973299398311974
                  0.07120871224891363316
                  0.03813735642896158573
                  0.05799778320953304089
                  0.16452710809284887272
                 -0.00652490826442979777
                 -0.30015521542901996144
                 -0.04226943691908632145
                  0.01778261075846570768
                 -0.17812739737000921059
                  0.08560684382932061409
                 -0.19803487527911856070
                 -0.40861132983724268719
                 -0.21769359851742944856
                 -0.34986623502475472369
                  0.06404292655209152529
                 -0.10545070279364768262
                  0.01531035714698956302
                  0.13095738649485985650
                  0.18215037985386006714
                  0.00131190023083496872
                  0.20804955719405410219
                 -0.14157962304189969371
                  0.04725918485253834123
                  0.09630416570336444715
                  0.31730431100861417049
                 -0.24024459338019893417
                 -0.59675483227068826242
                 -0.14386659863209783072
                  0.04618087845080123127
                 -0.12852995362238459065
                  0.11602650124733898673
                  0.13897707647260379438
                  0.16979518949828231733
                  0.13675237644987489616
                  0.13206832549419547651
                 -0.01954283104494566881
                 -0.23911422040316354654
                  0.22413512807646815417
                  0.07436013593119397691
                 -0.06895494399981416667
                 -0.28222287611737995050
                 -0.15916097985093513589
                 -0.33473692966892387712
                  0.22443256362870592224
                  0.33665066760684780878
                 -0.30229507077235895363
                  0.25377577534043888052
                 -0.31785090380795250065
                  0.30078939479389116274
                  0.31591203458217897992
                 -0.17929551604756865935
                 -0.24173128131569082688
                 -0.08813797338927256697
                 -0.19971223014782099603
                  0.22205671259438469756
                  0.04902591645398651082
                 -0.32922103376896838522
                  0.17805385369990839317
                 -0.40740977488365121006
                  0.03623836927900581095
                 -0.19407474065230859162
                 -0.01823057863359941327
                  0.00671776494240531371
                  0.02469376235118152588
                 -0.26731441124310417745
                  0.24436929238935695130
                  0.16180399193295019744
                  0.00556939424555902285
                 -0.04738687955429345122
                  0.22097041594809449516
                  0.23557979933375147730
                  0.41287384458939763165
                 -0.09933896505235199903
                 -0.06608181678802133030
                 -0.18883837399202207941
                 -0.28508387848044847157
                  0.39457155700162122036
                  0.27180826706372857027
                  0.22562871884004706557
                  0.02501604583876359394
                  0.34202718611449417496
                 -0.43107699730194087850
                 -0.05165898664430899900
                  0.26984257171649034257
                  0.05738184634933313211
                 -0.13503299009780431184
                 -0.00985338799547055486
                 -0.06882320090459420614
                 -0.25129417504086076773
                  0.31463171710398335490
                  0.14238868643599073005
                  0.31359381276575820641
                 -0.34945986106380483305
                  0.01423622789644884805
                  0.10371286593954047450
                  0.11590117074895227300
                  0.23429616195360949971
                 -0.25693879790773366256
                 -0.38089417953614645995
                  0.10831133531023627581
                  0.18707194975560814676
                  0.41182101287034156289
                  0.24710191906375933435
                 -0.05619489622481713131
                  0.28521447747949874030
                  0.10161766098107818945
                  0.17790583173580429288
                 -0.26252154709780667341
                 -0.17734228005734800626
                  0.19473886283773539363
                 -0.08049311513761694958
                  0.20027953417963637039
                  0.18765837469397675386
                 -0.23017319070798758496
                  0.02016879971901344368
                  0.20086537853167679701
                 -0.37341179014292008587
                  0.09053719532174468732
                  0.12923042871160753120
                  0.17820333844529079315
                 -0.22457132782295446960
                 -0.12817479027168088290
                  0.02669285221674642244
                  0.27127924700766103960
                  0.08326553302223166364
                  0.05144010462338381023
                  0.10038460393250361880
                  0.18275172622607294137
                  0.09239952407985448091
                  0.36673000493730395499
                 -0.09382367102922757607
                 -0.17767201554081238357
                  0.15438944246796831861
                 -0.29449079686355067453
                  0.05741621044747842462
                 -0.27355207346740861851
                  0.29328775808618617882
                 -0.24570085274472880377
                 -0.34653525883034402844
                  0.22126005988493138710
                  0.04923913436971182056
                 -0.23120658586261003120
                 -0.13930965861116065274
                  0.09417002539295486752
                 -0.17973844028251884097
                 -0.19246117739766846477
                 -0.03594356806180051822
                  0.07198972214332974295
                  0.46010755418373033843
                 -0.06695058986185685457
                 -0.09837457573425138768
                  0.00074636823469646004
                  0.27912110053515082342
                 -0.03581130011826638010
                 -0.24977701070505170522
                  0.18234795892869151701
                  0.36682951418038406421
                  0.20004495327575821939
                  0.37061949395088816805
                 -0.20806671192366216205
                  0.12184818157446017373
                 -0.00541374603398336353
                 -0.23516718840785696965
                 -0.19990206042893773897
                 -0.25180834540440777403
                 -0.40050115024625737581
                  0.34477873030503886076
                 -0.33558646380834328271
                 -0.26384019837107403061
                 -0.30979491599431585591
                  0.20211883180604456323
                  0.14761777358425731688
                  0.18667088229999478921
                  0.00231083231318010996
                  0.33666902401452292182
                  0.15659279600534112276
                 -0.15343225434011018016
                 -0.30304504848242730386
                  0.22178067458255065758
                  0.23396797419272705176
                  0.37154010529496644955
                  0.32260503515383570639
                  0.03186516950130270642
                  0.08061865104360863010
                 -0.16923650142626783799
                  0.20332182512673441233
                  0.10043524191159311498
                  0.18395881775378317147
                  0.29027048385424675248
                  0.03746944125403983694
                 -0.05640882735431258094
                  0.29184623765304179566
                 -0.00394415798597108364
                  0.37297499035164788372
                  0.14780964827084847046
                  0.10636560369712251550
                  0.24314051113989643138
                 -0.39191858914193627994
                 -0.07256695245911666536
                  0.22563646232728579166
                  0.04481742461264394406
                  0.10212708850604766686
                  0.24202201953402965873
                  0.02529175830776617465
                  0.16771802117282430533
                 -0.33161300576092078707
                 -0.12158825884624087366
                 -0.33854711059050734967
                 -0.03597361307840453437
                  0.32994873919132061690
                 -0.32108221647003132304
                 -0.30354150467297319471
                 -0.02944441194079318314
                 -0.11710984310299621391
                  0.15169445049753416122
                  0.05537681784699576004
                  0.12809817578874169164
                  0.04349835888193639283
                  0.29085396756370457405
                 -0.11765699719472828833
                 -0.22827845295834378603
                 -0.35723831616992696159
                  0.00863986727504579589
                  0.24394057959254700219
                  0.31480146498399846910
                  0.31770901622236025208
                  0.44607523886601885277
                  0.23372140992712805985
                 -0.11130161174306796301
                 -0.11752288928193724282
                  0.02494398725015948073
                  0.04301583555378843404
                  0.32888564992634156114
                  0.07949445468121420222
                  0.27302048858295530076
                  0.33962392826410442437
                  0.30446430404262692093
                  0.11766111778069328342
                 -0.04272477810609663640
                 -0.08505538109657104218
                  0.34892752535179250017
                  0.03309071312630747219
                 -0.12654381097684389013
                 -0.41975261376131306479
                  0.38655903449886003242
                 -0.00698243925194383473
                  0.13261740142019168287
                 -0.32961343790300978718
                 -0.12360552366386609591
                  0.18824927819494827186
                 -0.34434149478421705037
                  0.02090628505368459511
                  0.29104877779307547492
                 -0.21730698157046590691
                 -0.35443726235800127045
                  0.21075632778369340903
                  0.03107186872201994285
                  0.26694391234837949733
                 -0.31123604744112209897
                  0.29741914226949184297
                 -0.15662362619514452744
                  0.15031288751802179826
                  0.16966675520566140700
                  0.18885969927889972864
                 -0.14562835888716163524
                 -0.07651647125168452301
                  0.31161056561941730125
                 -0.00357362486259235395
                 -0.23300068539699242409
                 -0.18809310074456789263
                  0.30681429094255530110
                 -0.04669371435306451240
                 -0.01959605577591067363
                  0.29046092839022219501
                 -0.35390959176371339368
                  0.32010870229912774532
                 -0.19983709370801946981
                 -0.23867092488615654355
                 -0.21558372250200505404
                  0.33292565470106072478
                  0.20164601439713658593
                  0.34388523165755152666
                 -0.26289857857266635266
                  0.29504969103254413687
                 -0.27510806090183897998
                 -0.24979358042534263729
                  0.11397018509752029902
                  0.07146443392231681402
                  0.09526629606290938634
                 -0.31131015966758801561
                 -0.17264045818411138944
                  0.02611458645066811607
                  0.09376089551828539759
                  0.18506892594486260006
                  0.16397331758594257956
                  0.10468086792784324357
                 -0.10920816953763594348
                  0.18866650940889512222
                 -0.27090388703734125109
                 -0.05160112141629619176
                  0.21846353974843457646
                 -0.22691121997228505536
                 -0.08990224052522162446
                 -0.08236871615855385909
                  0.17128634091184241628
                 -0.18989706493909427887
                 -0.18645136466238046435
                  0.20082142377273748401
                 -0.24846074828341824237
                 -0.00176789701700704903
                 -0.12259485713313755806
                 -0.30564075283725045118
                 -0.02295361010793964957
                  0.14254515728964939347
                  0.14022156828010623464
                 -0.27720084443443809841
                 -0.23240671510345145556
                  0.10263386961217210724
                  0.00152260435532803511
                 -0.20259041629243024207
                 -0.00400817845730078864
                  0.15641877982134502756
                  0.21632508057042457161
                  0.23880614078316464433
                 -0.20764537974611790849
                 -0.13248801850230226829
                  0.07316834183613078746
                 -0.53011327120118167944
                 -0.43374999567156968805
                  0.08566742698451024207
                 -0.39597642995567894353
                 -0.08430216104617174744
                 -0.45025721087682141208
                 -0.26887030536608491627
                  0.19664999925645645917
                  0.40654115052455946921
                 -0.24619138256638115059
                 -0.09904305176554625834
                  0.00660588473746565822
                 -0.13505445564044882278
                  0.18431902444928777163
                  0.15589351049641594904
                  0.47226080145990317893
                 -0.00897675221935950382
                 -0.14404803437049396031
                 -0.05914005174478149940
                  0.08826864012301648132
                 -0.46975500528385139010
                  0.01753871002325872730
                  0.13520834495593916924
                  0.27513665362376354961
                  0.17670961081759190003
                 -0.35220664635808252019
                 -0.01321648383418708855
                 -0.09436973823548827633
                 -0.26877269851797092048
                  0.03915236336170745818
                 -0.21571257119205597408
                 -0.20687265274287186534
                 -0.05406333368692479296
                 -0.10731353951386707335
                  0.12438673304329143920
                  0.18362561669423366206
                  0.50442498443643268846
                 -0.21231342088822660608
                 -0.19438178202447403686
                 -0.08438831695631447694
                 -0.40321753843184127142
                 -0.20863520042529276610
                 -0.43144737652596648614
                  0.07548468930113415298
                 -0.27303081450751326420
                  0.25076045884216052739
                  0.33632462089940318162
                 -0.25511512649267925612
                  0.04271608152904195904
                  0.46456259373743696850
                  0.13541550269823920960
                 -0.18695860667307565017
                  0.33715098733231418926
                  0.03485001063980482788
                 -0.00152039145180187397
                 -0.19321009688125020953
                 -0.17662519854120956042
                 -0.33922345589828117873
                  0.20956043632870996474
                 -0.13340778237718647903
                 -0.20762948735209943441
                  0.14877447186704853554
                 -0.01963752401673131073
                  0.20548958157351743248
                  0.18286208755910718371
                 -0.13151982365090772453
                 -0.07930371036995531586
                  0.23727531681353875026
                  0.04348337538053806406
                 -0.07089013087714757244
                 -0.26124287469945955964
                  0.24121787537868358275
                  0.36112152894827587168
                 -0.16023315750110048161
                 -0.08788861882013813964
                  0.29981412567784576639
                 -0.01685397322224528593
                  0.27209892793107126607
                  0.15064963042688275796
                  0.06848929558156460762
                 -0.18209104277823953688
                  0.12394753833417970768
                 -0.12679854614040469984
                  0.16948058924156828020
                  0.32225072504710966514
                  0.11346549394503556429
                  0.05054562127353630363
                  0.13442388449205694423
                 -0.42056463309673974837
                  0.36601271446952116095
                 -0.03458077455821920859
                  0.29861236981809696767
                  0.01846247758098245456
                 -0.32217044909246367324
                  0.01478257354117790655
                  0.03411501362319138697
                  0.27991403102283157756
                  0.20866757381636133473
                  0.02731998009339612482
                 -0.10519799092422804643
                  0.43099467829905846461
                 -0.21139499782704157527
                 -0.30048825563033343400
                  0.35743115582333789826
                 -0.08118616625640941165
                  0.20171696482258202887
                  0.04262036854247654855
                  0.33345383262680666769
                 -0.02130860483210472375
                 -0.23477795462453596165
                  0.32000793091596030360
                  0.33971899150277162782
                  0.13851103616720891742
                 -0.23775162267459426513
                 -0.20380886062528255631
                  0.17294737315736730121
                  0.38274278554372287431
                  0.33589460427329986825
                 -0.23961064614055660460
                  0.29551006778779292938
                  0.16684715022500004600
                 -0.27549790985862776527
                  0.31821335821707902314
                 -0.17892202192716272213
                  0.08393625526421399918
                  0.03854845417912375338
                  0.17693748489335878182
                 -0.11025008802971918154
                  0.31103815648079857770
                  0.33058212883388377046
                  0.01752503093226553260
                 -0.13538679966718308867
                  0.17432592551216988253
                  0.14190136591735075244
                  0.05106690489836485797
                 -0.19888880696040434071
                 -0.34716538763019344493
                  0.29958079430851286551
                 -0.31336603723966904855
                  0.25853135255087600353
                 -0.28349046343065686937
                 -0.29104803483651509044
                 -0.00674277854857405212
                 -0.49506621783622806188
                 -0.27846265472143660880
                 -0.05615104614727183668
                  0.17030549558950724975
                 -0.01227164174856057097
                 -0.08439388974170597413
                  0.20219224774487407070
                  0.09574241586379714231
                 -0.14411440973906444740
                 -0.60552273621579233431
                  0.00009614317960699587
                 -0.04196873918954879823
                  0.13214072571159021785
                  0.36635877545932538091
                  0.14637973452647776162
                 -0.55099166864219206730
                 -0.18244118209204118752
                  0.11591986763478387412
                 -0.30261696070161409056
                  0.13857110912258943647
                  0.20211756698253779962
                  0.00573291706215418514
                  0.10335342570420023856
                 -0.30003529615256058216
                  0.03465877628944607353
                  0.03334293787576180640
                  0.45089603881450496248
                  0.30607630610376312941
                  0.31838789842590575763
                  0.17683663597045148896
                 -0.00759845899390400228
                  0.17937707186367271572
                  0.06935275441310344291
                 -0.17164917010117713980
                  0.27551840329368981752
                  0.12072877879889006014
                 -0.37611506629948304736
                  0.15470900359460709739
                  0.04369013675785436701
                 -0.02380347746157679412
                  0.18918630605325664762
                  0.12101107663957401395
                  0.27598496865591842786
                 -0.19289984801091591970
                  0.07755852617473978083
                 -0.17984914207425822807
                 -0.03177464287854532554
                 -0.00688509006052557410
                  0.00330748516096977720
                 -0.21321675857022368006
                 -0.14666421612854946277
                 -0.23386693236782205019
                 -0.07629116612270957221
                 -0.16081282376665373413
                 -0.31221681103144827141
                  0.10199561148493271889
                  0.09799267351064748499
                 -0.27455047362114332055
                 -0.12647065042122301870
                 -0.55622954058777573927
                  0.10814057613763664034
                  0.09177181364823969179
                  0.00945051681006430638
                  0.24501407098691579955
                  0.15763956903289730316
                 -0.42758508271349549013
                  0.32109709427253751990
                 -0.14856957948828838911
                 -0.43275280682418015843
                  0.02304720920473780910
                  0.29972009391803872136
                 -0.29802278371729840067
                 -0.12373081171490639407
                 -0.07801068093118841695
                 -0.18194006131255222036
                  0.26348167110409087543
                  0.36623481972082244651
                  0.14590496289569512833
                  0.38418717881667130420
                  0.25961479899615785838
                 -0.16852789226361633568
                  0.30874054594376310057
                  0.12227653605735613884
                  0.12304376327750124465
                  0.28609424157761637053
                  0.14972496228288853515
                 -0.04495866086939718370
                  0.31750740320705161945
                 -0.08535285825659970349
                  0.20618168517887505709
                 -0.18150001694628525861
                 -0.22612715688260487390
                 -0.30297207483351884516
                 -0.18952925832776440496
                 -0.23814123066760903291
                  0.12864448563282512850
                 -0.15628975127788963251
                  0.27506295810410563707
                  0.29250087453878609312
                  0.20693503791063944108
                 -0.01285175896255668151
                  0.16030266966131204165
                 -0.20547003824086162993
                 -0.28821704309353468609
                  0.00699794209569552534
                  0.16012292923915946719
                 -0.07984748625359111562
                 -0.04771996470587216294
                 -0.35326064149706920547
                 -0.22987994047110624218
                  0.25559769974979318352
                 -0.20528145246311155225
                 -0.45063234708524491090
                 -0.00004088124934076330
                  0.14473090201405144906
                 -0.36695918631256391196
                  0.26190063161959009630
                  0.01503136792256641943
                  0.24711087824205676955
                  0.17707195404023459706
                  0.14673516247485188235
                  0.18565901745925966759
                  0.32290809429950440013
                 -0.42413363007043447528
                  0.52785470961940239576
                 -0.02839469060074837833
                 -0.13393294099543195941
                  0.18840823892384914173
                  0.07304165976250295844
                  0.03405301518692559898
                  0.22375527201154546408
                 -0.05100579668181151605
                  0.05987004427397418782
                 -0.36108911665569998206
                  0.00282057289660039238
                 -0.08243015179674022253
                 -0.35580237542347298296
                 -0.06634983855317332091
                 -0.04108494186041714014
                 -0.04343633060096869364
                 -0.44630739385091344751
                 -0.14874567550879441713
                 -0.10439569907311985197
                 -0.15093773755069955778
                 -0.01286503025945540113
                  0.15727533520769296227
                  0.05698051265648488434
                 -0.26737628045902467333
                 -0.15705425004396619815
                 -0.00622948168005791822
                  0.07361015785853225468
                  0.24462390551614668355
                  0.07350832274660601406
                  0.05814165044709818791
                  0.19223788492479043644
                  0.09549664736120722086
                 -0.69953156890848833260
                  0.06370644744127251791
                  0.12201813033882571990
                 -0.33582893893874454783
                  0.15956223212060099970
                  0.25531985059667433591
                  0.36584603703902024430
                  0.24099383427039433592
                 -0.14378413906035369951
                  0.18296110895477973868
                  0.12709931031775464905
                  0.06553583059155727863
                  0.09179650056105248535
                 -0.03136091863050861211
                 -0.07110101599773334391
                 -0.39530357643089519826
                  0.07746613483731509819
                  0.14233778130876584278
                 -0.25256637113644075932
                 -0.18031634019577338912
                 -0.38817155845654288671
                 -0.09340357970453994074
                 -0.15173853055886796226
                 -0.00404759111136136773
                 -0.18069840109086551805
                 -0.24024240578465946849
                  0.10839261040649215972
                  0.17300271060674007884
                 -0.24869275882434199731
                  0.14613318769851008083
                  0.35047728915184406251
                  0.16080104052771840295
                  0.00199925382964405689
                  0.10759988010361550004
                  0.21607675524708644388
                  0.27715081801722951660
                 -0.22570313347422940597
                 -0.02317440114126144077
                 -0.12963470858409875675
                 -0.25866866060590298915
                 -0.08508330195306598731
                 -0.03559235379513840669
                 -0.35193192127537159530
                  0.29030491856624834890
                 -0.09378887189171006278
                 -0.41863312308181166443
                 -0.23800527240538588147
                  0.20400969294231843798
                  0.21874294944345995528
                  0.02035292082723558910
                 -0.10896667767559682638
                  0.27704051377882121798
                 -0.16750061531450430308
                 -0.51055391998930022002
                  0.19986333243789231040
                  0.24603555080919689568
                 -0.13009892689144597622
                 -0.51509093802210259572
                  0.01047242558157540464
                  0.11510717203742987236
                  0.28513221091715845734
                 -0.06256946248573860836
                 -0.18595117689231091540
                  0.08088200280022740662
                 -0.19294800048916693758
                  0.02507769433123108183
                  0.26825876895748002049
                 -0.21579333952661175489
                 -0.55870420368280537815
                 -0.10575861295058172629
                 -0.24869060010141119665
                  0.01709931895963591811
                 -0.54316031249761087540
                  0.04875051336319530249
                  0.07244158062734518122
                  0.39485546037973284772
                  0.31665925015956131183
                  0.15427667657623361785
                  0.30322121268692675544
                  0.20920892369693042112
                 -0.25415639050953792166
                 -0.28140393039369909767
                  0.31270924266104949130
                  0.40029687241892175642
                  0.07740318694290702906
                 -0.07323218743942316866
                  0.23082487854745778466
                  0.28540253260909298483
                  0.14917224614917018455
                 -0.08282063829960030488
                 -0.11849292090914333164
                 -0.22542733274103077257
                 -0.48280400461127342959
                 -0.03016208436438128776
                  0.07787762106603031420
                  0.41524876718360664851
                  0.35417066829215526624
                 -0.09902057443162146089
                 -0.16086267839185974804
                  0.13734107445941623471
                  0.11850548073472472188
                 -0.03352694365571361190
                 -0.18708001072729416037
                 -0.36841836518609943907
                  0.02777375311810482972
                 -0.12697102934560930421
                 -0.20586659587992778286
                 -0.11442865557838735602
                 -0.10103846480611106129
                 -0.22994705500370951623
                  0.28083547380353823808
                 -0.06464535648081574937
                  0.08322386965485789601
                 -0.18955455884224717278
                  0.08861328382022592987
                 -0.14790715426597147997
                  0.08619156025963652101
                  0.00640517038128768021
                 -0.03526517220733012964
                  0.02648154589222140309
                  0.17142467740214684113
                  0.00062401854470473667
                  0.23631325135685082861
                  0.04866471671779247499
                  0.12018545198590675771
                 -0.01129435460873815314
                 -0.18317393662959610690
                 -0.34575250663918183358
                  0.07124660358030208973
                 -0.36946218221391002867
                 -0.17560877090898205366
                  0.06160212504624392599
                  0.00129491539312996326
                 -0.10457002760262676389
                  0.07059853950000527512
                 -0.03754259584172010139
                 -0.01386000788912493051
                 -0.35822417362400671426
                  0.38323037099993095822
                 -0.33195784761114316419
                  0.08950548040030498198
                 -0.05457233297293102164
                  0.16656721546048378069
                 -0.10881625331578922977
                  0.13821148859634976858
                  0.16837207375991303238
                  0.13313895831644656509
                 -0.05183312017969021052
                  0.29388238224153007128
                 -0.07329909876827345183
                  0.05677656060425415735
                 -0.10461615844704705292
                 -0.20572361628587401694
                  0.19820092251389456739
                 -0.01264566499752849821
                 -0.11643923457625701690
                 -0.35089258168695719453
                 -0.02841794247598309828
                  0.23501467869839942626
                 -0.36390393313392371821
                  0.14910427669994125166
                  0.24800856202997698108
                  0.18119886351894001764
                  0.28185846403643488589
                 -0.03333438915883982223
                 -0.36839578935760258771
                  0.32742883483270529554
                  0.10687501893093165339
                 -0.05388594885138933699
                 -0.19445185925933911042
                  0.18773955872492276153
                 -0.27903371658733489014
                  0.08407611521295488277
                 -0.17346894422320616180
                  0.26205397009474462600
                  0.22296745558715441726
                  0.01644581487087853899
                 -0.28994342638676989798
                  0.00702717233833235339
                  0.01325402027851535491
                 -0.30758794556986024382
                  0.07665731665494160407
                  0.17310214462211886977
                 -0.07882796073345349486
                  0.07585886740248874716
                 -0.09237798235097460786
                 -0.19008287087303038509
                  0.29029596977082106068
                 -0.25928304317374822885
                  0.19495380292220979013
                 -0.45111560354771790271
                 -0.26181638104377574772
                  0.09985017776227843311
                  0.26873393294885866700
                  0.16675431386472502893
                 -0.20732740650993916609
                 -0.25991710079421004309
                 -0.03810060389499218825
                  0.00102976003164862752
                  0.09931821519750588800
                 -0.16754767913095458542
                 -0.19511338391310342755
                 -0.31063027920317348718
                 -0.16593678900038336121
                  0.24763490011917477229
                 -0.23108039840029490075
                 -0.20160939316065779048
                  0.32142328963958788357
                 -0.25709996806750584630
                  0.24569298137279904637
                  0.04723302743188755037
                 -0.32744225044254077206
                 -0.21689480852087361651
                  0.08155316028691994568
                  0.14764246047587845090
                 -0.14187903137971949463
                  0.07219265631645786774
                  0.07778060934442181107
                 -0.35331752805986238464
                  0.24733838068946753519
                 -0.25625694433663553928
                 -0.25152544748081634429
                 -0.16323121721496802738
                 -0.39935302818334494912
                  0.18250656391415057134
                  0.19766754882557419082
                 -0.26602728707347139681
                  0.15041869826633658125
                  0.04436265348711187356
                 -0.36132645577205579901
                  0.21741191735752829484
                  0.07907560404999464110
                  0.31094259060365947445
                 -0.09407098737628478979
                 -0.05645240772583599853
                  0.09880501397606311631
                  0.06978323142926010081
                 -0.11548204218874692784
                 -0.15565737460833317662
                  0.21695577708265720296
                 -0.10177051748232374129
                  0.13822330492761830678
                  0.11067496625142142497
                 -0.10472556975591848505
                 -0.03940883026471030115
                 -0.03801430239012033863
                  0.01403027151086319417
                  0.27990097555070264645
                 -0.04771073789785184455
                 -0.13490078172423972114
                  0.35583470888491242068
                  0.25625761324237661398
                 -0.06007969496540744442
                 -0.34875539536148009168
                  0.07326512762626925801
                 -0.11996903664341634910
                 -0.27354743164476374995
                  0.31043389810249799599
                  0.08846486228801053731
                  0.09277426903977190054
                  0.38653818056605993014
                  0.05038926571225658263
                 -0.24426079968228434081
                  0.23363848920500979167
                  0.22746300892466173038
                 -0.07827996680636763183
                  0.12643075883715301777
                  0.41500574864702483024
                 -0.24310100236371487425
                  0.02986917288167801471
                 -0.13224418906614077152
                  0.11650945235705952030
                  0.03151436620188065307
                 -0.31277608105170684460
                  0.18352914402521711135
                 -0.28722251915144247914
                 -0.38078281014743337041
                 -0.43494780194280463492
                  0.06341582150115919470
                  0.14957523981978029792
                  0.03907832942264007070
                 -0.19329826029622515504
                  0.18451662473709098955
                 -0.22269257712974002694
                 -0.32749345238742200159
                 -0.18745361111519795450
                  0.22529314576708048268
                 -0.19291970754421353118
                  0.00415009460541436968
                  0.35630173202959453116
                  0.00942415689691294620
                 -0.10794545229816328302
                 -0.16300420805675877589
                 -0.02741371575715935427
                 -0.19530363511505063889
                 -0.08482495946587377544
                  0.10022053767308142236
                 -0.26948259978089128541
                  0.06620495187841966833
                 -0.47783132849448828328
                  0.09540616829746323413
                  0.29314840601141783916
                 -0.33769775907599203224
                 -0.35725740523012605721
                  0.30602034647074716212
                 -0.22070092082152853452
                 -0.33971156110987388299
                  0.00081987697436001344
                 -0.09327377914611972853
                 -0.30017783359105737473
                 -0.04112837170535967729
                 -0.22053074174326700585
                  0.22592330162248897008
                  0.11815877014395435862
                  0.18243402712146394862
                  0.29878840062447503678
                  0.33220132424283060901
                 -0.37228502545381542133
                 -0.13539324398846872000
                  0.15524153116437222621
                  0.01117717576980543394
                  0.01196590418398251442
                  0.23081714940445732798
                  0.26800835900074237994
                  0.13070472655989995303
                 -0.22751984833352520421
                 -0.05260711090039697779
                  0.06566756482529294281
                  0.13571891638465724550
                  0.04031763856565666326
                  0.27307776143088069443
                 -0.28378913357582424837
                 -0.24846208929009647171
                  0.18668865525479694245
                 -0.03606241352872704281
                  0.00552276748822608590
                  0.13454961189794412135
                 -0.13788942421222247225
                 -0.11625864956722260779
                  0.35802638803369291054
                 -0.07907152989360266560
                 -0.23929943452345958654
                 -0.05910317366310879200
                 -0.26950096640442461338
                  0.15132543145405510931
                 -0.38388926805793543995
                 -0.39440628716418124622
                 -0.13702747131661305313
                 -0.44371128218638516971
                 -0.26909344598409362659
                  0.18170050955278410632
                  0.24071760563580749115
                 -0.14479606701977135175
                 -0.34997520084001321194
                  0.08043659884327497567
                  0.32236743088021274639
                  0.31835424274842483161
                  0.19303462760858061675
                 -0.11989257618476302503
                 -0.51823809559417510773
                  0.28737147014547387291
                  0.38843460003636803846
                 -0.05382765722599966440
                  0.05572615772440420168
                 -0.31481500205277868076
                 -0.03900744138354188262
                 -0.09159316808895044681
                  0.21799927864462190219
                  0.04627756367668757476
                  0.00080063836578090145
                 -0.29674879708148577118
                 -0.18543477031938024324
                 -0.08366897269743595045
                 -0.16822243129877900714
                  0.24726369513843568515
                  0.24109514318145336409
                 -0.09897690554406671226
                 -0.03218740885239296939
                 -0.35771941501871701297
                  0.01469822367673474448
                 -0.07600036302130561139
                  0.21717660737714550301
                 -0.06749693001004104798
                 -0.14417950398861989481
                 -0.04846432917916427413
                 -0.15257278839786247993
                 -0.05650319879025934855
                  0.06137050868967255934
                  0.17892935392498879321
                 -0.35329620794446581211
                 -0.14519420931652859963
                 -0.41452303592630768136
                 -0.01115410366353036635
                  0.13621492186657513379
                  0.23763697939524283664
                 -0.13495444516643848032
                  0.16258239410431007954
                  0.30358746301692018932
                  0.12321368380966939149
                 -0.29254841740706766240
                 -0.22077076266249681669
                  0.03864436783516687901
                  0.18578079193347746267
                 -0.22343599386012216734
                 -0.16506088200711052649
                 -0.04895770187912800581
                  0.17889769491508339394
                  0.37778873827342546177
                  0.17532281653845818714
                 -0.13216645826293729749
                 -0.30862110418256027966
                  0.27290807331539429503
                 -0.31360628263663264947
                  0.14516550688746776565
                 -0.09065297303345508373
                 -0.30619503971545858345
                  0.27775762250363489336
                 -0.12082237738475061495
                 -0.36045823605255505884
                 -0.13204275098778256448
                  0.02908029407165123661
                  0.29220961813264834106
                  0.06122335766046718697
                  0.18633772918120050655
                  0.16471839295275933490
                 -0.33984571464778590144
                 -0.20100972794751489903
                 -0.21039175675958646239
                 -0.17904514008416583248
                 -0.57527502762689564086
                 -1.07169195342193335208
                 -0.74188761030477468061
                  0.29904022319745809932
                  0.77212872981135804995
                 -0.82465026941123986681
                 -0.49678497154646694689
                  0.81634063191192673958
                 -0.43621512702475923051
                 -0.53046709214844622871
                  0.47401939583944568968
                  0.15420926740627505236
                 -0.10221245187651338548
                 -0.61479859932483593710
                  0.65317631550501553672
                  1.13010305760912066475
                 -0.79446040129412176523
                  0.88125632105008633310
                 -0.14437324057013570244
                 -0.55230541992149251307
                 -0.39984436884503721243
                 -0.75811120286848110439
                 -0.85130821890275376607
                  0.85757496419131695742
                  0.25414256335838725231
                  0.37645855004988276749
                 -0.83340893063747600866
                 -0.84312582396612112401
                  0.66812579841397312652
                  0.61740310958077138093
                  0.59761708767624355243
                 -0.38975736596622323482
                 -0.55696880452840735742
                 -0.02467059845145538194
                 -0.91683613649896489317
                  0.84079906529233383594
                  0.36488636355471976147
                 -0.66446829508607196946
                 -0.89388173091291256434
                  0.18059129251595401611
                 -0.97120709350872669319
                  0.63784865803397461370
                  0.92594840297202030133
                  0.79289463308713548084
                 -0.27757231916063490607
                  0.83463222471528963897
                 -0.33432413696932855585
                 -0.29197044832540658410
                  0.16847430564483534265
