9	2	1
50	50	
1	3101
  2.4977010000000002	  1.2462420000000001	  2.4927980000000001	  0.1482145000000000	  0.2935940000000000	  2.4828999999999999	  1.2462420000000001	  2.4956784999999999	  7.7500000000000000	  0.6848405850000000
  0.0022990000000001	  1.2462420000000001	 -0.0072019999999999	  0.1482145000000000	  0.0009830000000000	 -0.0170999999999999	 -1.2462420000000001	  0.0043215000000001	 12.2500000000000000	 -0.5337312150000001
                  0.50133879692813454465
                  0.36627945186947674650
                  0.13808201150023738379
                 -0.79662575641210142674
                 -1.17911764979601696446
                  0.20467441902176999879
                 -1.00849537165489144819
                 -0.62497500394755867159
                 -0.22282075290516606403
                  0.35794801474675824737
                 -0.00239793197324634751
                 -0.48962877060503351423
                  0.32655908086307500193
                 -1.05789638781999406625
                 -1.27854483183952138958
                 -0.60666982241675171394
                 -1.01930549771590062136
                  0.19121856406924594984
                  0.12848256785273176606
                  0.58303601857796116814
                  0.71502785326185636094
                 -0.43757603141582590567
                 -0.29976300753138668265
                  0.12442141670546097432
                 -0.90220495640405440341
                  1.36623259907493466159
                 -0.32081870415236968253
                 -0.80306661011292723718
                 -0.81702515024390143239
                 -0.92510349238754685519
                 -0.44726401078580085846
                 -0.81813913850445185716
                  0.22709098555558998589
                 -0.96720486467334232383
                  0.02633087888900902118
                  1.75604183100863320277
                  0.65702074314822267453
                 -0.47612323404919892900
                 -1.01455200080098806303
                 -0.25056942309713614581
                 -0.88827675867431388212
                  1.41825956325679292114
                 -0.06430080314961543475
                  0.62920787603160788226
                  0.00830049698128822872
                 -0.63203305403002540963
                  0.06362211705258666306
                  1.11759295732783270338
                  0.38347995724876537960
                 -1.33494032424239938983
                  0.82242420081025313650
                  0.24997748342390230247
                 -0.56081446209561636174
                  0.05124564684491685757
                 -0.94176336389949943939
                 -0.06785883506552727040
                  0.39529802956613552256
                  1.17031975720124647999
                  0.38043216005036711858
                 -1.07155626439123285998
                 -0.08047586622418834157
                 -0.17671090818140230971
                 -0.01620194871760292574
                 -0.65852161345198090281
                  0.62381822938978870319
                 -0.72384801541551713200
                 -0.61104963245394849913
                  0.75943799359875219235
                  1.14040644576374439190
                 -0.53421794003749756286
                  0.71069962358407834380
                 -0.09538178395780264052
                  1.13786622111466484419
                  0.82485877506397087267
                  1.05459252773586031893
                 -0.46922152335151634528
                  0.12994827799140473701
                 -0.04250289622584185745
                  0.79473013241837731080
                  0.65011730822194413459
                  0.16538927754935617287
                 -1.92403825214196411153
                  0.71421820231978172533
                  0.05936426605626297925
                 -0.82797144270443523428
                  0.44450582474010452705
                  1.71466011241809934695
                 -0.57914600828130824439
                  0.30603038032137497293
                  0.01936051591531445445
                 -0.94030243538484425958
                 -0.92603452934102736815
                  0.06873556865202429256
                 -0.84432572900064961630
                  0.90088211930804240613
                 -1.02443670671817366191
                  0.03077170639661483409
                  0.09511898777495846058
                 -0.23477413103049060705
                  0.57722386912202794385
                  0.25368032733559103820
                  0.44301530689819840214
                 -0.31497671589741554898
                 -0.17547239993663987789
                  1.11759227596139076866
                 -0.34565121163535061921
                  1.23779929247651598878
                  0.03057633176843087969
                  1.02507177043150132789
                 -0.47679677381338064768
                  0.34973995350725128883
                  1.31894871133851143696
                 -1.54431109677894551346
                 -0.06903805636984888805
                  0.70864960288237199837
                 -0.18549383061705415621
                 -0.26158024222528852842
                  0.65754429818616100256
                  0.48336594916894620733
                  0.42140524028556686220
                 -0.15729656192808799675
                  0.28966651031188112020
                 -1.71679702723005633835
                 -0.64307610347207522228
                 -0.81108508521612299180
                 -0.18488078614768882479
                  0.17974991426390191096
                 -0.18136682350527166818
                  0.88198142843307747452
                 -0.14397605309941347018
                  0.62556712404913517034
                 -0.17386159507965356918
                  1.22189640670948773682
                  0.59574368268013722094
                 -0.41707275948986122227
                 -1.02024663566775153356
                 -0.82369995571954968128
                 -0.15254184067086698495
                 -0.72044893773545115589
                  0.29232046462234106965
                 -1.11139226995247120122
                 -0.60856731363797678114
                 -0.65802013170079520776
                  1.83995413728353729432
                  1.32091851680181493478
                  0.56832930047735152890
                  0.40100450406278187465
                  0.26426696201023097688
                  0.21340698122797541192
                 -1.57248917900664153535
                  1.14508532593487366569
                  1.19772580065621103707
                  0.05508921456142239909
                 -0.58821048705738332441
                 -0.06757464163149004555
                 -0.44105982573370594579
                 -0.76116777346839004093
                 -0.19862881776417626312
                  1.70345695943678832052
                  0.58794588912980827455
                 -0.87183052354588153054
                  0.15682365122745381414
                 -1.04176377021355737185
                  1.19738773315842617073
                 -0.39566964752122535387
                 -0.04442963877044959348
                 -0.21000879737570665728
                  0.08648962546338305468
                 -0.39959653686737123257
                  0.64898049774304666926
                  0.11283365382124463383
                  1.14952579378416275269
                 -0.01525522807570162467
                 -1.78219944350358616703
                  0.14648857964264475062
                  1.00619337062596869714
                 -0.28062555661773835869
                  1.02765117558911556195
                  2.25824287479952090507
                 -0.00599679455534590095
                 -0.24717082404270707130
                 -0.71825912023895732705
                 -0.31272890328734403997
                  0.65390313826368318129
                  0.04484517141486687314
                 -0.61909273855534674436
                  0.54553928356340886108
                 -0.30024492052913182016
                  0.40082975904380763188
                  0.03323526999964843825
                 -0.62389962142350063878
                 -0.69710782981189078900
                 -0.32984641009203097273
                 -0.28137726821726055659
                 -0.84371769198164225934
                 -1.06354061798845123121
                  1.11808239962332067741
                 -0.22103678408966898061
                 -1.21352340838971395343
                 -1.09285304336044797324
                 -0.43138396884352386840
                 -0.56327321185814338556
                  0.79314649103924661500
                  1.01724431965236350450
                 -0.16525245760971585263
                 -0.26461594597753212987
                 -0.22987361771820336021
                  0.36072729907086575896
                 -0.75843643960252438152
                  0.59818657443321365808
                  0.88670800506468250290
                  0.78545249636225589196
                  0.65896705850495351786
                 -0.00634132462960675537
                  1.10271761028669001981
                 -0.07579392192828322827
                 -0.99371930137293329466
                  0.20611511876211680017
                  0.72630193518786534401
                 -0.12992087956588671549
                  0.48023830651253707202
                 -1.12465866140465275969
                 -0.58791875447320340875
                  0.07636785473866991580
                  0.17793541699783707588
                 -0.11654897098159294755
                  0.83952027562353004342
                  0.90173767009328598121
                 -1.00578525186773726219
                 -1.40706054558523541154
                 -0.08344052540294266684
                  0.45240121708640074205
                  0.05449697910282626234
                  0.06943871286749175864
                 -0.49794983791982516674
                  0.52680135444426490210
                 -0.53716869791689736413
                 -0.14947093136876224428
                  0.09931571273923149590
                 -0.82765096579025232426
                  0.89947082517957976933
                  1.43653103229508860572
                 -0.12054538285982800694
                 -1.25989678584071418399
                  0.28068455295398159199
                 -0.55770851058631509822
                  0.86388307423938826002
                 -1.06266052573756875077
                  0.39138400545125207053
                  0.03553080396791440110
                 -0.32375562802813162566
                 -0.02480079662261027579
                  0.78653938642436960205
                  0.89040139521658001609
                  0.99962728136289835668
                  0.57037538608038629295
                  0.67794686584551500097
                  0.14730681050706828650
                 -0.24576277846195709875
                  0.65902322016886083489
                  0.47933191174098094267
                 -0.20857229151695172442
                 -0.49272071375949433314
                  1.02978956262143017675
                 -0.65266659475423438597
                  0.81411170859086179341
                 -0.90891050725247413133
                  0.77316946238956729687
                 -0.26746686969138760981
                 -0.12707903172184562002
                 -0.44851818591528003211
                  0.33542068985814771365
                 -0.74178651093051972687
                 -0.80048969821474524888
                 -1.24566213499704048218
                 -0.67217388636162478388
                 -0.83149734426831845013
                 -0.52771314901043797629
                 -0.69700540861394733039
                  0.59412941942643704429
                  0.97759585135335658190
                 -0.42872785921341521886
                 -0.96407316730231584767
                 -0.45326251958817936893
                  0.72171455985367749530
                  0.69933034023893481113
                  0.86499714808703220825
                 -0.04208780023521498104
                 -1.36531289470292116484
                 -0.88573518973650433583
                 -0.64659208898396680620
                 -0.32914760024121642035
                 -0.67528001835838324940
                  1.21951384088812253559
                 -0.26404142546774078681
                  0.89866857451934334389
                 -0.09818773175089906546
                 -0.15683517255622717035
                 -0.52487943561502714562
                 -1.20410753751695986935
                 -0.15539281912230268334
                 -0.50555217862790013950
                  0.82879436886492030556
                 -0.11563645887311646554
                 -0.36407768287037933774
                  0.32465583552376198195
                  0.25421551923853513699
                 -0.23300115059345360979
                  1.37415014106526500726
                 -0.72766941379652450017
                  0.96008503802546607542
                  0.71873497190859481076
                  0.98511848432912729745
                 -0.29506686355576244862
                 -0.02176511828216554784
                 -0.11481407587229246203
                 -1.06135335858719237478
                 -0.38580108178106453654
                 -0.83323461742848148326
                 -0.08253113950056657766
                 -0.16630297562886858787
                  0.51391567211561617334
                 -1.43945185038327005955
                 -0.01175004307678268606
                 -0.23909839934952220597
                 -0.67725701225977541498
                 -0.46038761166369407407
                 -0.76496807313046089050
                 -0.37687461035110725316
                 -0.63986184492679842872
                 -1.03947092744962943378
                 -0.89314694215313150671
                 -0.43074107336145428526
                  0.45193825662952852307
                  0.66264571327097143705
                  0.27862982708424277600
                  0.11144582871715329186
                 -0.49863814816698381893
                  0.09540903770854426702
                 -1.29228517961360012123
                 -0.17540365131977628255
                 -1.08071429752886416509
                  0.82730316817541749153
                  0.80868853965274745121
                 -1.06656708193215887803
                 -0.56691611595280022584
                  0.31276398604886085364
                 -0.35732636200064493703
                  0.70107205727632571080
                 -0.22935556937560544477
                 -0.09861526869035448783
                  1.11739214951413212695
                  0.47676645805003786682
                  0.69093042337280652365
                  1.05431574392414662000
                  0.66137981087882335984
                  0.48768073970779213244
                  0.12637278849707608841
                 -0.97069295441021485882
                 -0.17136830256952281792
                  0.54856812618787720304
                  0.11522118991781653274
                  0.78284140569292037792
                  0.61322219552418932853
                  1.05473310824797605889
                  0.59823582048903767294
                 -0.87944230335750162020
                 -0.58194630894793297760
                  0.31794380535129784793
                 -0.57199245661507425176
                 -0.66498577010745507643
                  0.05282595094509960620
                 -1.18717659163814159839
                 -0.67080576069525699179
                 -1.08202945082491264195
                 -0.75074634806973861156
                  0.99737690454530292250
                  0.10261038560511960560
                 -0.27571644050116284053
                 -1.11829848452352065280
                  0.01294400930815140134
                 -0.18742048888098472581
                  0.15408378850871801147
                 -0.90524661759892588453
                 -0.95529443420175674806
                  0.67605836552230780256
                 -0.63196103703292694220
                  1.60601972016327954051
                  0.23480561791598678067
                 -0.36281025351613238605
                 -0.58145770333559776422
                  0.28464363954980864690
                  0.09596364747816041318
                 -0.72366829204575588985
                  1.58310590595715527940
                 -0.06880283053247479574
                  0.68211268748406828077
                  0.62126819104114916481
                  0.70083305277629048824
                 -1.13531687952117987805
                 -0.01760257149074525088
                 -0.61827954956183350799
                 -0.55634950659387949479
                 -0.36653573942071604463
                 -0.32996466763707521519
                 -1.20358463673557669615
                 -0.21455381336296747152
                  0.05870277975186361658
                 -0.22376839201082543429
                  1.43387814669156243852
                  0.89612682189651227116
                  0.14451788718136601708
                 -0.81835508143941171344
                 -0.13520308961257304636
                  0.46419067703479421905
                 -1.14709965625167487069
                  1.21694811101890332239
                  0.68917157244600224519
                 -0.01550855557547335672
                 -0.28844072403861825693
                 -0.16425332405533046853
                  0.07740299712949738620
                  0.44260127626009510005
                 -0.26075392069348662938
                 -0.00305355588248291043
                 -0.15889136956669969170
                  0.47982413265586998374
                  0.24568651307279718021
                  1.13784142150322931109
                 -1.14673330295347319918
                 -0.75074134716693730063
                 -0.28299274344694808070
                 -0.46664240130719319977
                  0.44063815052877775003
                 -0.61978142048140894005
                  0.60124843813687334215
                 -0.59483503089188982660
                  0.77626317641905473454
                 -0.65652044977005497017
                 -0.79053223511166081927
                  0.73940388897593078976
                  0.76972876108011112350
                  0.80420985736808270339
                 -0.78937731062644445057
                  0.53154081908680350654
                 -0.39022352336806792605
                 -1.06841582893908926266
                 -0.65482362392117110517
                  0.21724648831269485760
                  0.68694487392885650312
                  0.21780562450813703568
                  0.03093027053950291039
                 -0.18808893811695584497
                  0.41631306383761923495
                 -0.18706007791617290659
                  0.29845992615849314955
                  0.39844864857218836862
                  0.05094263387166469981
                  0.01707240754347712219
                  0.14674406864379443971
                 -0.04866946412021325857
                  0.28295749950278775708
                  0.31296585308392493863
                 -0.24989907540428304977
                 -0.26979248950066342383
                 -0.11205801625490854900
                 -0.05831812601740637980
                 -0.24770359663689070495
                 -0.34783540548348440558
                  0.00760071177881332591
                 -0.07783237085284260004
                  0.04141628656327785152
                  0.35322613257560298017
                 -0.19655474071718018192
                 -0.38286657472252744183
                 -0.12728389723007052514
                 -0.40392471238732330363
                  0.29904093777768125939
                 -0.10008474225530604451
                  0.00679005797406717192
                 -0.19084280773852674296
                 -0.33333585148782263197
                 -0.41449439940542348593
                 -0.18850951568637583367
                 -0.32666337219230168198
                  0.25004360086341698155
                  0.17634193867250558263
                 -0.17521750940442190614
                 -0.04661179775842817091
                  0.08671932624369926845
                  0.05032091366912663094
                  0.07575412791480756747
                  0.15102871857460203886
                 -0.02678652494318782551
                  0.10218080484084063331
                  0.13423229667860023251
                 -0.20065609110987586705
                 -0.21228888703728288068
                 -0.44107258531355403308
                  0.05563436994385370649
                 -0.10001078975190387521
                 -0.68024173801329945732
                 -0.14171432265926636740
                 -0.22403944371242531797
                 -0.06103727934183268006
                  0.22298463975775187351
                  0.73984309332819619964
                 -0.20008790624260616720
                  0.20291536568104120986
                 -0.23648142162452170933
                  0.51545762645290116311
                 -0.01544944631528407004
                 -0.58039208329382507845
                  0.43080657659601512277
                  0.10587622602928192794
                  0.02212858623263085772
                 -0.10042726498578306848
                  0.39544182269547883957
                 -0.20943369463179242751
                  0.36880176444798540292
                 -0.07177087330809825416
                  0.07609521270464331133
                  0.14571493786343864274
                 -0.30797232470268764981
                 -0.50388985205835568060
                  0.11620534966582207748
                  0.15969164170562494265
                  0.44769040106455160188
                  0.00730664620351565396
                 -0.35627191067434005323
                  0.27402857176526201899
                  0.44897488125404816373
                 -0.39469352532893037244
                  0.20630012420247323401
                 -0.11946542051018528563
                 -0.17486242955325942416
                  0.29205628442513525966
                 -0.21248354143808720340
                  0.23972535195423480547
                 -0.32323818836622053574
                 -0.07358737099885562238
                 -0.28872971103391553704
                 -0.49245351734118691933
                  0.19410469410093003639
                  0.23268604358768349427
                  0.39320585633745530618
                  0.09717923424776127306
                  0.03800787053199950610
                 -0.43526516604482728967
                 -0.57588033165363339272
                  0.20328988750074755698
                 -0.28117851196134246994
                 -0.26470273270225652684
                 -0.40874053070490395934
                 -0.31631788365012886155
                  0.24697842397289801464
                  0.08749021433209816512
                 -0.49048239134129600902
                  0.33123551913166338068
                  0.04599695130369960833
                  0.13208835343481378777
                  0.10628485051639226244
                 -0.16786980288198996569
                 -0.24596084261982570363
                 -0.18010300745886886897
                  0.03761887428342249734
                  0.11104919458794546006
                  0.01046072783584196461
                  0.07902783640289813560
                 -0.44071043719262265048
                 -0.06412988756113173483
                  0.47626811761120890765
                  0.08750741224093673554
                 -0.43793826939784902263
                 -0.17760984024889245325
                 -0.19028926155127415254
                  0.33026085923279258072
                 -0.10634921806355696061
                  0.24981716580408314110
                  0.50293185573575960312
                 -0.11124178168913985421
                  0.09911076600515450474
                 -0.17224265973910535266
                 -0.20797924154435895594
                 -0.21882001603355996644
                 -0.30709812677952913473
                  0.26552416175665266573
                 -0.10918765834612427501
                 -0.14937005960556343220
                 -0.16807288297370834296
                  0.16566287595621759232
                  0.07937052385043523450
                  0.08376818291919298221
                  0.21508839073981883550
                  0.19436829601426375280
                  0.20814139610241494394
                 -0.30092014087874635608
                 -0.00626211857417975550
                 -0.04594628050637965949
                 -0.12557800734120608266
                 -0.22079115488285094848
                  0.24771450462391392255
                  0.29281997172607709956
                  0.16894407343218115214
                  0.06991055313174190933
                 -0.43783350871123688508
                  0.06432648457196710190
                 -0.03997637405969788060
                 -0.10110643675177333201
                 -0.07233480139259637620
                  0.44080279345121958778
                 -0.03641093659468833815
                  0.12150924320621055152
                 -0.33255351584974279788
                 -0.23092825253408399977
                  0.04293530071081668592
                 -0.10344839079558332262
                 -0.21488063165539184052
                 -0.09344295235125724131
                 -0.63633418897169691242
                  0.06896883087980505700
                  0.11522841116915609472
                  0.05885450486973659717
                  0.21296119128219112571
                  0.14114062791573450673
                 -0.01766778627464961338
                  0.18488671484288843327
                  0.29043973217593127556
                 -0.01303667669726614811
                  0.15429767593467683118
                  0.33769654744602239926
                  0.44676789186740795135
                  0.09955062732855284036
                  0.35752874167544662631
                 -0.44436495626492439337
                 -0.38889814231033381642
                 -0.44422923009668119354
                  0.04365801915456446469
                 -0.02535680982683836612
                  0.29065823708869387154
                  0.26302653567144146374
                  0.23408944126212280490
                  0.35412142330297030623
                 -0.23854503444388119870
                 -0.01357576709631735760
                 -0.32708747117304604046
                 -0.35282129440982329394
                  0.17138682086502596280
                 -0.21521174124927214266
                 -0.16745692642484380497
                 -0.06497905616808795359
                 -0.14308071640543390535
                 -0.34266434448359489595
                  0.28541719822103112092
                 -0.24636710340443751521
                  0.20954990669548598237
                 -0.30856629261125634311
                  0.10824671747290237622
                 -0.26023334261168240555
                  0.25325815788236000214
                 -0.05683989762001445678
                  0.23604732362590327699
                  0.17739231954810993908
                  0.01323527826214803034
                 -0.01491833687118532606
                 -0.05291461697222528404
                 -0.18034978332527021316
                 -0.07232579845989275946
                  0.01675137797052537320
                 -0.26048418749581397913
                 -0.06440717956298833147
                  0.19294942739697126810
                  0.14510136319948413464
                  0.31756816737697518560
                 -0.03805001051687930541
                 -0.67763664957082336837
                 -0.01536127208517683654
                 -0.25871803752761446393
                  0.06389447302851172794
                 -0.15239030188955490774
                 -0.05412404565227941361
                 -0.40209683071831597845
                 -0.07711504615987745115
                 -0.18904369718821062429
                 -0.32921092211294150642
                 -0.41376278232244501076
                 -0.33730525636818309287
                  0.13505256691421632653
                  0.23841149896992935853
                  0.49600760254497777701
                  0.07317657624018401863
                  0.04646157744562473546
                 -0.47134162985761363096
                  0.03322693075345727054
                 -0.11372991764364200062
                 -0.47715808861148717446
                  0.10579400856542478526
                 -0.13361692482858439357
                  0.31053548703670974529
                 -0.21393518165853575574
                 -0.02473630494227996995
                  0.21200209229885086382
                  0.33797458106379418830
                  0.11823949403683754744
                 -0.05836737896669361159
                  0.13466082403238185949
                 -0.14426455072814550751
                 -0.05133080923249640909
                 -0.04423201342658288765
                 -0.25739775651723856287
                 -0.09695490984979192317
                 -0.24256590325088503435
                 -0.11278433916986196905
                  0.47069936138160750616
                  0.48746315161307457453
                  0.34386352589314261863
                 -0.11991122960622026261
                  0.48193806074606398981
                  0.61440853194256728198
                 -0.02579544109518496983
                  0.22608137418796780960
                  0.15386318363413811761
                 -0.07142178905965647362
                  0.09986239182224353195
                 -0.44768444849985061795
                 -0.38265576958556030140
                 -0.58169545249073095761
                 -0.34046529246166196137
                 -0.14180819321128357302
                  0.15177653504213078905
                 -0.34274805418928205869
                 -0.01043534466447261326
                  0.33834460042837993798
                 -0.01741502586750772602
                 -0.10498453498612819734
                 -0.13056326933675629909
                 -0.23926766678505287378
                  0.18654648661825135036
                  0.04051611674366770166
                 -0.89335421769684020266
                  0.48829931254665381868
                  0.12717629575272434983
                 -0.18405433818597533024
                  0.78054283611286512379
                  0.10249929842390829993
                 -0.52249557198908991307
                 -0.10420464988337763135
                  0.32518210626018417830
                 -0.22443519595971120340
                  0.22634843097710846682
                  0.19035223366159345626
                 -0.10371081301044833556
                 -0.14421512723470117368
                  0.00235082679030862267
                  0.12924469941139535289
                 -0.30605418429438080441
                 -0.04063912766000950250
                  0.01040945673962843585
                 -0.27102581514230322801
                  0.11220232991794294730
                  0.37073288082357891415
                  0.22617667601371260755
                  0.44623371687698787369
                 -0.30600566981343579886
                 -0.11107564818008369700
                  0.14042243351771102611
                 -0.35022989188908798530
                  0.03300885489955088237
                 -0.15058213863142966282
                  0.23359025101333011354
                 -0.20097008156827633751
                 -0.28170860601464392525
                 -0.32030024598403128433
                  0.41900139237900813072
                  0.31528837437007706246
                 -0.22170384543808235867
                  0.56377847966219407638
                  0.27913579653999087693
                 -0.20756714581851887225
                  0.21600953061680164269
                 -0.08866986202683525831
                 -0.06895234351752545232
                  0.56483814709276269905
                  0.20715158995598531577
                 -0.11857777976892752703
                  0.47438536592516195034
                 -0.02473642942526511901
                  0.05832417106878513835
                 -0.16678271731014537860
                  0.43561412479639793904
                  0.08719643464306227332
                  0.46019620553566453758
                  0.01022776100521807091
                 -0.31151139691805085352
                  0.11861117367703263858
                  0.43136712400906646048
                  0.14064176064234812369
                 -0.19115700962300041788
                 -0.03007307173649831356
                  0.02898140061590715605
                 -0.33886865966042734044
                 -0.37032414913070310636
                  0.01366772778352453969
                  0.52286779627939750092
                  0.24832067858969761320
                 -0.25204588638084823859
                  0.09659427839700865381
                 -0.05288946953045207955
                  0.10174344415460109814
                  0.14169280099160666553
                  0.34966103477659843390
                 -0.16044812463242877354
                 -0.16622754948594042901
                  0.04277774734358486680
                  0.02187269600340306652
                  0.20811412217158375970
                 -0.04008133168555014919
                 -0.06781954353036950822
                  0.40496453169683305218
                  0.60676785859134318990
                 -0.10186110578985071995
                 -0.03269226039484411650
                  0.39751137925379126381
                 -0.00802767889123475083
                  0.05313477090284403348
                  0.02311817668779538038
                 -0.22370552641935351201
                  0.45940039477983579674
                  0.12188427731360582107
                  0.21356543518081672062
                 -0.31484915694763015992
                 -0.20903779015244286499
                  0.24848895046572022638
                  0.28377035463484528988
                 -0.27297501374218025028
                  0.12726276414078260824
                 -0.17255048035314557442
                 -0.19842379714155258807
                  0.09137273585491938188
                 -0.06177271082748520686
                  0.35588936729062736752
                 -0.01450548850723445277
                 -0.71596665554442173729
                 -0.04577505564745229516
                  0.17905656743713804779
                  0.41748799776696904340
                 -0.30721943604731571931
                 -0.28796854655818365787
                 -0.05647702807266202774
                  0.28805115784567536519
                 -0.00651113145501832236
                 -0.22930737535220141465
                 -0.16270318469632846781
                  0.00676572729160737456
                 -0.13152883039139726118
                  0.45459810528137772900
                  0.49509626533279593730
                 -0.15117139556562841918
                 -0.36393847414385149808
                 -0.28382487312257509426
                  0.30432274943106069065
                 -0.08074087351610093055
                 -0.08769064139644226763
                  0.72972423799848840087
                  0.05332161596348162363
                 -0.07937008276085806557
                  0.09894561465551875157
                  0.04500609233434996886
                  0.11859476948430816567
                  0.25516976893633280810
                 -0.33212333897593876442
                  0.26521979684509827679
                  0.01865401424533162655
                 -0.33635438662829897360
                  0.01146068830120140769
                  0.40973169070423265392
                 -0.64076340924428110135
                  0.08493503168660675173
                  0.08606678118445787451
                  0.31257463355844178343
                  0.02581521294271791472
                  0.62837496500282441492
                  0.64180955447118115398
                  0.38131513711780384845
                 -0.39486183322963058773
                  0.01084301400385047180
                  0.35533017913638920149
                 -0.10712609905311634706
                 -0.19881947920974926691
                 -0.06576480733596426487
                 -0.20360932364893771784
                 -0.11560252286274934341
                 -0.47220060100334038111
                  0.53442156993841827273
                 -0.43858323255763931314
                 -0.30562583362655509900
                 -0.03002349018737521247
                 -0.45576746518445959699
                 -0.41900929042478934905
                  0.19291567288826730331
                  0.44082410018762546722
                 -0.02832331744068315033
                  0.01084032544389029046
                  0.32580550490127807572
                 -0.06356523348614119551
                 -0.08937659518822302362
                  0.29089566491976948104
                 -0.09267103545760807526
                  0.15308503413276827732
                  0.14317730536576731004
                 -0.45502316591476216212
                  0.18696956236483178171
                  0.30979825853275916314
                 -0.26424105379321810583
                 -0.30064248856718878145
                 -0.05311365896651049773
                  0.47482769641629818391
                 -0.56501220025564602434
                 -0.27461393196337868794
                 -0.57579013560844416464
                  0.16600533870087288979
                 -0.00824182579011225463
                 -0.07672602995461490216
                 -0.23439668785060549516
                  0.03174744436298197747
                 -0.41203059453996310202
                  0.02954059692469863593
                 -0.11604774729942007871
                 -0.26890567350809330138
                  0.34032821331257417929
                 -0.34082761645837184039
                 -0.30030701067494552925
                  0.19570756958587440244
                  0.04347798372614149198
                  0.07706040164604827103
                 -0.28996048688624581624
                  0.03732216531631102341
                  0.15708960627990536940
                 -0.19970700335842456186
                 -0.25263142031689139744
                  0.41029144598256178655
                  0.37816850267074786363
                  0.16214396871049827076
                  0.53159198856476364003
                  0.26760343549979753730
                  0.20919248999638970221
                 -0.31041057586570336424
                 -0.11237885340108939858
                  0.09554483991417198063
                  0.80075423318808180984
                  0.07953046949504724572
                  0.23428409043364017972
                  0.10059877140373765791
                  0.41684299880355940582
                  0.55095993281131994124
                 -0.37188504110723813456
                  0.18453867408027704866
                  0.13772818166059008771
                  0.20207721447672782888
                  0.17424216874778761244
                 -0.11771734444590468971
                  0.16693753942365943677
                 -0.48061235444074124068
                 -0.12975944141714665370
                 -0.34148230484876007651
                 -0.08777604012447470794
                  0.29831017608082777137
                 -0.05481224552781248371
                 -0.24374448799121511966
                  0.05673609930810762092
                  0.04178097760431166013
                  0.40126442306828857820
                  0.22165998011468901474
                 -0.13663790549427556886
                  0.23179554693686224565
                  0.11671039529474766527
                 -0.08752180470437359583
                  0.01852322101083212630
                 -0.03134737469467595294
                 -0.24719547687517776091
                 -0.21221775063819842133
                  0.24938316823965347990
                 -0.07339476556807711383
                 -0.20564307418305990960
                 -0.18440655159089427984
                  0.22164768200470302828
                 -0.23057699786034388523
                  0.21519282084559918089
                 -0.28605671817283584435
                  0.56992355896996604869
                  0.10733155785143377869
                  0.16513310288568197604
                  0.07808981182882962502
                  0.51750965232087864365
                  0.15248443500173247678
                  0.05053543419388450975
                  0.13470959215722100311
                  0.01589425421734111388
                  0.15939546833643225554
                 -0.02998369821590017234
                  0.21957747995684731568
                 -0.30747327158704218508
                  0.10968597410037465856
                 -0.07939874226792624501
                 -0.58156753890850798605
                 -0.12333429967829143137
                  0.04211384057776268452
                 -0.25666373734907232951
                  0.28319431488586577217
                  1.06665507548203786214
                 -0.14013867310233765751
                 -0.10315360690655266118
                  0.31275571175527899781
                  0.11776753342134180236
                 -0.10015289849727140870
                 -0.12838285566627949397
                  0.39063456125916179440
                  0.33903099934117297831
                 -0.31358262886868570885
                 -0.57679104255497914977
                 -0.13174864144386752574
                  0.03077518317677721202
                  0.25857030118951268571
                  0.20917722097802168846
                  0.27011547352971859715
                 -0.03755524154757790278
                  0.30152897000344258682
                  0.49754592015074827760
                  0.06431008678267151335
                 -0.40708229999857065140
                 -0.29042910204648175743
                 -0.14460445564025634080
                  0.17369834269717224218
                  0.09137723213112954046
                  0.38826860352940190113
                  0.60645744910415022577
                 -0.04790387111915722640
                  0.11858846825680473269
                 -0.41897398416256043108
                  0.58722554888127465045
                 -0.23696412521743157042
                  0.17621732743381965380
                  0.01015827512192387511
                 -0.04460510686893980753
                 -0.08931580324030481688
                  0.23090425045712664742
                  0.24989153937429223196
                  0.21192756353029684746
                  0.28279331675498159404
                  0.05236529660425974508
                 -0.07614088998036901146
                 -0.16713326894238306197
                  0.11610484167266384159
                  0.22976599693962684867
                  0.17383374562934561514
                  0.25307630716668610971
                  0.03207668053166044114
                 -0.12262379106634360704
                  0.10851226706167439728
                 -0.00233651222972785719
                 -0.21381696490702134517
                 -0.27805370729967432419
                 -0.25008343101995755831
                  0.25242599898566076000
                 -0.37370431105718432407
                 -0.16455660160961524396
                 -0.09374844019562920960
                  0.06788153984996071755
                  0.31263698544838447457
                  0.35714192879042444551
                 -0.29799590817412857646
                  0.35701966417831776379
                  0.25158673639284934165
                  0.01523414034719413820
                 -0.33862193452974814756
                  0.33017846875934830919
                 -0.17365977607445479136
                 -0.05264349555745342218
                  0.03592780439211921278
                 -0.12589336164817002683
                  0.02971185055996130794
                  0.05747253817752381866
                 -0.41170463487113267975
                  0.21612736818011898943
                  0.45557703262375842668
                  0.28049048307809942848
                 -0.16435004450002246856
                 -0.13108132293887755915
                 -0.17158956663270433229
                  0.16422384625735214625
                 -0.34047319405954390437
                 -0.30036563411508770960
                 -0.17849270280692230983
                 -0.27798149415114525862
                 -0.06446668617087510100
                  0.15218960043335824639
                 -0.03286622876123837522
                 -0.02473310147782709426
                  0.03044748107682924976
                 -0.04993859143283174012
                  0.19825444917694845515
                 -0.00565432934443710691
                  0.19573911519112979773
                 -0.21760438475586815765
                 -0.41583287181815981048
                  0.31190016259652242336
                 -0.24005214026877608191
                 -0.25883736294873288530
                  0.15663315172765690519
                  0.38270358367888934747
                  0.22394744583805487048
                 -0.00863315829679572530
                 -0.24706522230803712459
                 -0.02221860991557613602
                  0.24698724799509100269
                  0.29176653621763315449
                 -0.18809574430969971948
                  0.12822432030798733282
                 -0.17421946857147438403
                  0.19476415275578889963
                 -0.10588336872868196747
                 -0.13170848398071535734
                 -0.23169654854524057708
                  0.24449132223487943238
                  0.03157664489823318321
                 -0.07113304670085657255
                  0.21827502091146919194
                 -0.11422409530388503984
                  0.01398535035276821104
                  0.22691120187183169699
                 -0.05722126110096890927
                 -0.55086805472267541539
                 -0.15578881588822829363
                  0.19073380022971439529
                  0.12231479963175585779
                  0.08045040045754550673
                  0.36376557674715487289
                 -0.15571594709995703609
                  0.10512517338334549655
                  0.09478131125170477511
                  0.13581951568313563317
                 -0.03466192850349464338
                 -0.10657482181852506731
                  0.05047072211318986285
                  0.30630436564972829405
                  0.25886086453271589525
                 -0.22757972274047444383
                 -0.18342766586555064867
                  0.24448337009716952783
                 -0.03179110926435654155
                 -0.02072144856135198221
                 -0.31503718299642430312
                 -0.09435717223135640930
                 -0.17064364317593658238
                 -0.14151575985585052031
                  0.31640664272836649396
                  0.40742301647609102666
                  0.43722364077792003068
                  0.05541652881383517248
                  0.05206400296065106376
                  0.39244927983969074559
                  0.39826559617659396118
                  0.25389898045758990675
                  0.14331937536070263328
                 -0.19288651456765118497
                  0.02219884959166968513
                 -0.18313004301047827727
                 -0.18641039916856441683
                  0.25693757656052979010
                 -0.22645494817446715219
                  0.15673415957344291605
                 -0.03263184295561757930
                  0.03167888513258125538
                  0.03885490992841612173
                  0.19059890444153651523
                 -0.63407787915023217096
                 -0.14714833527910034516
                 -0.12229082083527960390
                  0.09930832901329361695
                  0.14807126372811513226
                 -0.22937745301055523228
                  0.48152703085590853327
                 -0.41519307443363856480
                 -0.20429965462626642481
                 -0.23871189598515782371
                  0.49187785269875017313
                  0.14469078338784588378
                  0.23201115001615976730
                 -0.17942808494804476926
                 -0.01178796417118659935
                  0.13259061974701674691
                 -0.04063352181473953856
                  0.21118523850561246591
                  0.30523487160677759134
                 -0.09972227721228950348
                  0.23580799570826418976
                  0.37720630779226316243
                 -0.35597967239745093027
                 -0.39321349207687783522
                  0.00689717542094472284
                 -0.09560472478896442361
                  0.13030066482454091825
                 -0.28027451719697193955
                  0.30335308631009449964
                 -0.19101798891615431875
                  0.11942009640057059394
                  0.08457013973337774992
                 -0.25103515679960253237
                  0.55105363992347955460
                 -0.32715366423975716925
                 -0.00786365167746946696
                  0.10328974382859612557
                  0.11468655530687774102
                  0.13697193333259496950
                 -0.55372144568752512672
                  0.28483093604600318027
                 -0.37036028026630124499
                  0.07264074187805648342
                  0.08389583202542508222
                 -0.15986699313558638824
                  0.00383340555100322028
                 -0.15137243667979713435
                 -0.31175953841450115833
                 -0.05044438601559737834
                 -0.58329957618643879513
                  0.10458186745039634025
                 -0.11591998828421960777
                 -0.01661616367210004552
                 -0.32352884860260350264
                  0.31624741265366723697
                 -0.57216215133028303086
                  0.47920376632232297709
                 -0.03650732705376959902
                 -0.65533314933630304466
                 -0.01343220524024608779
                 -0.26204027236840521375
                 -0.11298721935169439567
                  0.20992836304840073458
                 -0.15586465829311310638
                 -0.26290483662888775029
                 -0.21132401555768792756
                  0.13309681822364927140
                 -0.03039823369704133110
                 -0.04034477356641127943
                 -0.32761248417465632654
                  0.11029175765455508096
                 -0.13014836832930645749
                  0.13743942695231609052
                  0.04075080578978475254
                 -0.00065199792519303468
                 -0.10771362075718442231
                 -0.35022445972476667908
                 -0.08326249126980753146
                 -0.52229522443709286428
                  0.14543131822308469348
                 -0.38383041537571160884
                  0.26681218739999534861
                 -0.46215975261990283052
                  0.26013998750902450618
                 -0.17215146495198632715
                  0.35791703431066707042
                  0.12415123722927526306
                  0.19377342028554556119
                 -0.21025158552132863776
                  0.11316197397681718173
                 -0.22953983596388644051
                 -0.46795405194789008174
                 -0.13592432498258369411
                  0.13594149310333353275
                 -0.62223071688528475143
                  0.14217682252263763587
                  0.07580068938902964626
                 -0.09784579172801362301
                  0.36985457466809723570
                  0.23341040164042420324
                 -0.10562608246098624531
                 -0.41555111735531691242
                  0.00212384736581882737
                  0.07191851212462564702
                  0.39163891505872155951
                  0.25292544977590653010
                 -0.11548901475105598224
                  0.37444063421437839834
                  0.26083875498391106973
                 -0.05647436288158583229
                 -0.12278302211911601427
                 -0.07737397041060541103
                 -0.16844112791441684385
                  0.20661970552616501506
                  0.06587806269270654602
                  0.04805594092003532408
                  0.29682589641469458996
                  0.30802857201860778247
                  0.29394463402458215207
                 -0.21116628122977687543
                  0.38914916131916127418
                  0.07106756905835576177
                 -0.31412967587959139681
                 -0.03728878316152811623
                  0.02994668839220992335
                 -0.20836827973816454684
                 -0.06248230118434890124
                  0.40766042279805114745
                 -0.04501679661040414865
                  0.16273101452931451605
                 -0.34410463808612301584
                  0.13965653246997600245
                 -0.01316936008608326006
                  0.48407739734438864909
                  0.29677009938561776936
                  0.11258149847134597821
                 -0.35565696219261661026
                 -0.48462844255753489975
                 -0.32724763038079190958
                 -0.03585158526792981554
                 -0.12254396629561371823
                 -0.01519982298668969695
                 -0.05184969422326139027
                 -0.01871669591286199974
                 -0.46282247626436523458
                 -0.17298613193367415319
                  0.03753357633155238182
                 -0.02432438253588202481
                  0.03926672352908902597
                 -0.11501869020756397277
                  0.15581288679949173437
                  0.06309450736768089374
                  0.33312319557552394489
                 -0.27371108261598409150
                 -0.06503494773890367009
                 -0.14860616060983936060
                  0.66093288072717404358
                 -0.26190624603823836614
                 -0.10518200354506021532
                 -0.43543420824527406809
                 -0.32200512234635242370
                 -0.00540966205398297692
                  0.06977035104858850256
                 -0.20940490744594050798
                  0.40262257600660483758
                  0.21624421865780973917
                  0.18574615479843245569
                  0.10671896286010244814
                 -0.07954150924789030186
                 -0.22005646797716904572
                 -0.13250558722213687246
                  0.46367072826568667132
                 -0.04051666451609380742
                  0.12175579293984149787
                 -0.18857628022984229688
                  0.18569263354297096957
                 -0.01355892771107004326
                  0.34105037483428457534
                  0.34816464152554083000
                  0.24025811273828537318
                 -0.21817169341960748752
                 -0.09245397585059983436
                 -0.34908341846047996615
                 -0.31967041613507962694
                 -0.25917227907188400415
                 -0.00399008539370567308
                  0.12340027539808089141
                  0.52545967601195153751
                 -0.32107642857446133666
                  0.13581530834399097030
                  0.03961241044292712621
                  0.13276738139200322530
                 -0.04495277006710159118
                 -0.52727473374767841463
                  0.36553507978371180265
                  0.27256897963761833603
                 -0.39739989509418194302
                 -0.37422828043260858433
                  0.30326597030637908459
                 -0.02725589745280754955
                  0.45744123044884904550
                  0.02779835250109841463
                 -0.18507854081249294764
                  0.03880184715348664048
                  0.26006940245319143390
                 -0.06328944868601688034
                  0.05748820379457813406
                 -0.28634715330954441104
                  0.23680711738400289645
                 -0.06284383200706811223
                 -0.43272777802943779291
                  0.32708505505672419433
                  0.16643379924101300849
                  0.02848943006087570340
                  0.14894172377709735677
                  0.02399064293972563017
                  0.28120160362521412489
                 -0.14798379289206320397
                 -0.32194267300108148078
                 -0.14923934475472905303
                  0.34404837122921932968
                 -0.09243146237374229301
                  0.36220644910961763419
                 -0.12550474907660241763
                  0.05521545778963162648
                 -0.04192372653676157412
                  0.22297209056232375479
                  0.05237151548019210873
                  0.31631023536636748705
                 -0.32674712837568242740
                 -0.33953171348752331227
                 -0.01901193034931836223
                 -0.33638422214022739576
                  0.18970898683727629996
                  0.57079273858624512972
                 -0.25167905454280392608
                  0.13530283952574428952
                 -0.67299311543000839286
                 -0.14264194118586337456
                 -0.23094980718996513391
                  0.05247260308900066755
                 -0.42873723440543498597
                  0.10079730831522326628
                 -0.27281311498964427864
                 -0.24461422317365602574
                 -0.34421536582322992404
                  0.03540667053933806846
                 -0.33247878896376115154
                 -0.08357996125323431669
                 -0.09938226830432674019
                  0.32185076666163359160
                  0.73887924735236787388
                  0.47033817619924200848
                  0.16000987112406273027
                 -0.06860218390443739711
                  0.35339722160273773222
                  0.62837286822793880781
                  0.40541579524248205768
                  0.34052634760406658154
                 -0.22761981835368161331
                  0.12596223730461400536
                  0.23473245874799403277
                 -0.14409948073868883434
                  0.31559189527175396384
                  0.21480100981909155955
                 -0.32637491670105645003
                 -0.11378588159893317233
                  0.11442652663871728802
                 -0.29225197705311034557
                 -0.38943828168275862467
                 -0.03801268726157179534
                  0.17658418336413508887
                  0.10442657138735707278
                  0.17803087417009499926
                 -0.03461608654472270175
                 -0.32182356916073351361
                  0.39791632109840463505
                  0.25461839288456578068
                 -0.31500498149150096827
                 -0.06594214467499011356
                  0.19402032554454173852
                 -0.41080269463946678110
                  0.23459286537849344256
                 -0.07321291848091207588
                 -0.56363675598652474008
                 -0.20448945140248173113
                  0.21073849899954716358
                  0.38156013536212379789
                 -0.00987621548420993672
                  0.18169883702532702019
                 -0.09711805061946116036
                  0.15942509020319592383
                 -0.20737506769386715444
                 -0.79706071073095197121
                  0.01356802721539138862
                  0.29915042703869582086
                 -0.04367590812975716275
                 -0.11785782528570523664
                 -0.33794726022884941097
                 -0.26557030114685603595
                  0.26581161413898740653
                  0.32219053463188779274
                  0.58726706615966817182
                  0.34733490337597267006
                 -0.22018828146103791576
                  0.02255239316961212340
                 -0.28485961570227835704
                 -0.02514993540706281921
                  0.16281109907152938043
                  0.06439477961517484084
                  0.34522226130239458408
                  0.13939023580464607321
                 -0.00025209030442817013
                  0.07584979246885083237
                  0.14665663743796011897
                  0.29960429583152614619
                 -0.10135491967601088781
                  0.36299080989314930212
                 -0.14416465171488046515
                 -0.22358630339461585401
                  0.36789341878894110671
                 -0.05977807189187653997
                 -0.36042129914994980311
                  0.00313935361525371180
                 -0.14115603781593238919
                  0.28846833932062826422
                 -0.35083440717596953151
                 -0.20664481886195359972
                 -0.19835579563410754567
                 -0.26302254878545844319
                  0.29890286998705362098
                  0.01808698332092571748
                  0.10715874987074439084
                  0.45364974186283685276
                 -0.48877895080552541396
                 -0.31357881113605784451
                 -0.40443154926230390211
                  0.12252887109281310196
                 -0.00178868465497631843
                 -0.17100619940271399866
                  0.56883019036316007089
                 -0.38151264739945178750
                 -0.10616250325671419685
                 -0.11252496676638297501
                  0.24433735796791619665
                  0.10920360644591603494
                  0.02363539765719529021
                 -0.10299353759656501572
                 -0.51823010938789138002
                 -0.21279049700364227604
                  0.12445832036211809668
                 -0.14656678501685971305
                  0.08096037284014898083
                 -0.24225653383727971391
                 -0.15052152017352932178
                 -0.59994574391722721440
                  0.50582597477913837647
                  0.21316574733806262221
                 -0.17452490603968393024
                 -0.30475516526327056654
                  0.03233717103292201717
                 -0.06213939288503396441
                  0.15995135431312149099
                 -0.07173495117811350130
                 -0.15112939319857007781
                  0.06371578978713149377
                  0.14418801591057608946
                  0.39788739823472768498
                 -0.19543177568891403895
                 -0.24494429125424868610
                  0.22834440043313924962
                 -0.11988361101807176734
                  0.30419919825637048438
                  0.16957349204125790609
                 -0.28940951503485284890
                  0.10653328348091883893
                  0.35240926990812987407
                 -0.17555638546455476501
                  0.07713415498183474883
                  0.36254135644120655257
                  0.34480265357065925658
                 -0.10702303468365963190
                 -0.01164857888469295749
                 -0.12158475396614826236
                  0.20867204952548892849
                 -0.34598743026831163538
                  0.12693231061691429007
                  0.21537325042646854323
                 -0.45368840703310930884
                  0.12578554791042659278
                 -0.29443540642643784011
                 -0.42554871874027178080
                  0.12433594225520634702
                 -0.20898958153452221187
                 -0.21849897203848972493
                 -0.18187261720564437684
                 -0.05054486327371521259
                 -0.10199238307451749530
                  0.51310383701122075362
                 -0.08127564167917378235
                 -0.13169176496204898497
                  0.54167786873517609347
                  0.15122154963500469838
                  0.03249237379388220104
                  0.34383051002089820569
                 -0.22537391441994067409
                  0.01343728633027258500
                  0.03116503250264030661
                 -0.37680900727581251308
                 -0.15589864748799639460
                  0.25546814281805624303
                 -0.26944180624070923624
                  0.07141930758321952954
                  0.51884964761706731107
                  0.47385343929713841238
                  0.12278255227944354089
                 -0.10052961924275509442
                 -0.04645610455454144555
                  0.05512993096808667393
                 -0.10198887488864781525
                 -0.00067624643981297958
                  0.07512106444963682905
                  0.17677262091720474801
                  0.11755244431401917771
                  0.03556435548509581657
                  0.19410308518304808523
                 -0.05974144831285477242
                  0.08349310186163286240
                 -0.25933417771617500724
                 -0.21954663493306203481
                  0.08235027436260927702
                  0.04638828953159099266
                 -0.45882871319335449822
                 -0.29176700786642445484
                 -0.38496528933032159170
                  0.07325193835590305957
                 -0.12032870812042174846
                 -0.73648289870670113899
                  0.20653038478902674413
                  0.31321851826767144189
                  0.02197376543143376992
                 -0.00806068219992332052
                 -0.43209362696084085975
                  0.33129130931109507241
                 -0.41593173116267290190
                  0.27872874108926543046
                 -0.04716863689069620419
                  0.37034941301688606430
                 -0.31551761904693620409
                 -0.05039696378266855792
                  0.28405482327649117513
                 -0.65607697530082897952
                  0.06645438005736899190
                 -0.15627130646763270905
                 -0.45252559917032364467
                 -0.31371493267081435041
                  0.01125325344931039223
                  0.33892740976623114690
                 -0.02809001648406682025
                  0.08184949961483403702
                  0.24556475300575780762
                 -0.01475196506177989253
                 -0.08408413726997687743
                  0.24034726345178999973
                 -0.01712493161377387149
                 -0.09809279642191984228
                  0.44588853922616566994
                  0.02985389303790852988
                  1.08491251145813905055
                 -0.12628382973553120561
                 -0.52001420080547533509
                 -0.23334666196900188950
                  0.03065692434604163491
                  0.02150692067268436189
                 -0.53912200649139907505
                 -0.14938357145221495270
                  0.39427555218095433620
                  0.08342001290738786101
                 -0.00351466025821606937
                  0.00192315256495870224
                  0.64906287493406067401
                 -0.42981795527088784148
                  0.25882033425596218112
                 -0.04217040481531005025
                 -0.25974902931781057580
                 -0.19228327778949877436
                  0.29083889394684109275
                 -0.02976515394309746376
                  0.06569722742457016762
                  0.16830598141782121546
                  0.27326778269452961512
                 -0.09539912626882748881
                 -0.26784253109245531599
                 -0.03579216512803077427
                  0.02059905031560047700
                  0.25357746649598872368
                 -0.19324684277641193675
                 -0.29738314627056594563
                  0.18534125424705125140
                  0.29391053438991521229
                  0.32014098498894677514
                 -0.03860043015314944259
                 -0.28218695618808142811
                 -0.15764681015458500979
                 -0.06119120804834776717
                  0.01064759637660433675
                 -0.00427934235764463114
                 -0.11666587982511703037
                  0.03663180176483418760
                  0.15479485994998651299
                 -0.33943274349759389175
                  0.15509004851313210049
                  0.17959691745487660341
                  0.06996183614666148798
                  0.08611693250808427624
                 -0.09808755482252418112
                  0.06261295091187674133
                  0.00171984932328313016
                 -0.07851439891115460923
                  0.01402533980851717113
                 -0.02007897608720016908
                 -0.08557954700050594832
                  0.34196660634671466328
                 -0.10031639828139587989
                 -0.03203640168811892897
                 -0.08167566178786250797
                 -0.08123797788387004948
                 -0.05139730334494158753
                  0.09814305004462130222
                 -0.34438810489679344551
                 -0.03249488627260337797
                 -0.07103380531697521538
                  0.01362567973740693057
                 -0.06197440996512921380
                 -0.12776681156801816819
                  0.07510977825067133296
                 -0.15373913767557517707
                 -0.36799180390989560951
                 -0.06786816662607839112
                  0.02320886437907196051
                 -0.00683129769662740860
                  0.02339970377409139254
                  0.34390602208482540236
                  0.35191420448424831635
                  0.25670291906109338198
                  0.19761529377511358185
                 -0.17270567446697521197
                 -0.48810461307882985205
                 -0.20395420476094017204
                  0.16406036555341144134
                 -0.38474831845443813183
                  0.10673465550352040365
                 -0.29297278516839952989
                 -0.17185358021185362376
                  0.35311904798442139697
                  0.04761145721895131133
                 -0.31440896658296529909
                 -0.02404827460009597434
                  0.23851520976217757686
                 -0.15791742085728135980
                 -0.23698025761871735484
                 -0.12101895732738210398
                  0.15564156486324748352
                  0.18448758870334208693
                  0.26813911147692626180
                  0.17395518619967093032
                  0.25183919732758114352
                  0.26230937832057316106
                 -0.14482310222089200824
                  0.24376172794358771934
                  0.65660832003906299814
                 -0.11508159906875732592
                  0.00107584891134382757
                 -0.36314131086176348884
                  0.07442534133133285601
                 -0.42259193706937298041
                  0.18070313492990527915
                  0.03696374132476402952
                 -0.47520907456052013940
                  0.11909475401384468640
                 -0.36244039890721280184
                 -0.08892759579439980799
                  0.25102887034355014784
                 -0.21825281613531055669
                 -0.17051296171714469541
                  0.03672966099237197357
                 -0.23895573419278434701
                 -0.28311670546215672584
                  0.14223820152372529391
                  0.04442706173354057236
                 -0.56381055416113778911
                  0.20636346816429948503
                 -0.07162631757156466550
                 -0.23220700866956914266
                 -0.00225845193505185091
                  0.17701840142466002126
                 -0.05176098118541491711
                  0.37105822058593879165
                 -0.08835607758008873214
                 -0.32968114568539469422
                  0.07482904508188341353
                  0.16028912635008277232
                 -0.12651634960849988953
                 -0.18036253398023366357
                 -0.23400415482386152655
                 -0.29804043157990617319
                  0.16192481477645195853
                  0.31196115623916281789
                  0.19470513756054880217
                 -0.13273369402688120489
                 -0.18219060494353539470
                 -0.18153707244891303940
                  0.33974950914239615551
                 -0.40052857916168549401
                  0.24019413200934244812
                  0.11524506218048871653
                  0.21116958916833464266
                  0.27086398325236699103
                  0.13649826081844157466
                 -0.44657178517143425456
                  0.24199752245515704363
                 -0.21002165698391653259
                  0.16559285816891741727
                  0.04664719360245342394
                  0.25071378654988157875
                  0.05783088327360212666
                 -0.24550615409419901392
                 -0.24077750787862572945
                  0.05047074412551288275
                 -0.44988415547923588100
                  0.49547489419209878037
                 -0.06916710867143918695
                  0.17750573208201902986
                 -0.14129881878563857467
                 -0.29132353789488613094
                 -0.17531539504628587678
                 -0.08150196833131298502
                  0.02530510167746290520
                  0.34440982852551654814
                  0.11925548867847357570
                 -0.10147349756797330311
                  0.27960881669955756079
                  0.04768881590910729190
                 -0.03407764973525051477
                 -0.22135636990447071781
                 -0.08010496530564170659
                 -0.01803109044966222374
                 -0.12813194466916336123
                 -0.08589437220181878052
                  0.09802052738999252057
                  0.13248034503447478349
                 -0.32941092529321569504
                 -0.73765034315224631278
                  0.23296893373537602701
                 -0.40088175166273903871
                  0.28708532644471784767
                 -0.20227994340065583168
                 -0.73932843047196994402
                 -0.02807712697988041378
                  0.46560150464992111630
                 -0.58192637777615896510
                  0.03285219992143243589
                  0.02288376517668007024
                  0.24868434131225783390
                 -0.69118795266859833770
                 -0.04774668614525605370
                 -0.48111848063111761764
                 -0.08500452316963261201
                  0.18051159683219672458
                  0.05796600173560505914
                 -0.54623117944152432823
                  0.00432045537389471115
                 -0.38525090831673686198
                 -0.05976568803950101788
                  0.02836885804879297687
                 -0.20650481390511193913
                 -0.03048970945141158545
                 -0.02171136389510330833
                 -0.37446899356904983502
                  0.04351675798739031847
                 -0.14893232611431717061
                  0.15663474524422721368
                  0.32316015385196755760
                  0.37688135046820492313
                  0.12393020494856860081
                 -0.11512400444195594607
                  0.24227624562129840280
                 -0.26531499300208177816
                 -0.07982306003844055753
                  0.06835880768339397395
                  0.14156172726921290028
                 -0.01788757187642008722
                 -0.41034777977010722383
                 -0.07851021709450356489
                  0.10307033214663696707
                 -0.18904779059115228712
                  0.20866256536678981504
                  0.35043478965670110670
                 -0.08206893924542404961
                  0.10433421582963749163
                  0.24456965754711249006
                 -0.02874401681374374323
                  0.22112823718043858601
                  0.33953133582454969597
                 -0.26212723880818972200
                  0.16588284441516001899
                 -0.11370267579906934152
                  0.22522272262341816451
                 -0.27678925991578051669
                 -0.02977291292781897650
                  0.50257028286228999647
                 -0.26420307421464311881
                  0.04609795372434579569
                  0.05964737023812051453
                  0.21440741981463093402
                  0.31621274827445555733
                  0.00659966229193930960
                  0.44083644305087299475
                 -0.16107000074015354052
                 -0.18591769879691291689
                  0.30405927852445313597
                  0.29843028705939883549
                  0.23409497779967436415
                 -0.02733524869750357869
                  0.02090460441530022501
                 -0.16262608081188986708
                  0.24190626009510984851
                  0.03813672140937700294
                  0.01621510856755830482
                  0.30898623372599631765
                  0.13743826101839373699
                  0.01691709479732557073
                  0.20565816936305669760
                 -0.17899525181415690267
                  0.02802212821035869258
                 -0.40310237605164772612
                 -0.25840059382719815506
                 -0.25724974236401870753
                 -0.13913502172820710334
                  0.17439916414627076868
                  0.34839545249502013036
                  0.15570656778321440017
                  0.28291152900780514035
                  0.29163913833236437823
                  0.02247730667605276830
                 -0.25211453748406165154
                 -0.34360271611097475963
                 -0.16409574304960886093
                 -0.25455353569007749259
                 -0.43379550901143421049
                  0.29995553355430176756
                 -0.20348612089364656597
                  0.23375277168099511949
                 -0.17231618050499553085
                  0.12452813478028973426
                  0.37095283221517361127
                 -0.09246650943375166187
                 -0.22059650716357334654
                  0.06945583345045489021
                  0.13145304741897179124
                 -0.08063889995165172964
                 -0.03867825805615920931
                 -0.19751766943827925305
                 -0.04722896799810398505
                 -0.04365357504266829947
                  0.15851497915133411221
                 -0.03984339178961664868
                 -0.71984329197256380350
                  0.01035713637490017630
                 -0.26793818307094741105
                  0.24457912298963480069
                  0.15618854783404317876
                 -0.10472706665700191875
                  0.19620255653472384871
                  0.26635326913332058041
                 -0.12345886471840736287
                 -0.41387229562309102437
                 -0.19686668920699462726
                 -0.15657369893053946219
                 -0.09194300753395448500
                  0.31216111546984909308
                 -0.07649483460078232433
                 -0.46948904094519805508
                 -0.19459274687148969685
                  0.33985244150140703212
                  0.35509989882442838383
                  0.27588336114204126126
                 -0.11959093099804755933
                 -0.30999375654852523443
                  0.07254203282402607589
                 -0.24520499388730512824
                 -0.25419797595511045563
                  0.22859739377459339926
                 -0.27875124648746452127
                 -0.25536896601330399958
                 -0.29264296305478820770
                 -0.35676983938545497876
                 -0.49281226136409961303
                  0.34726651743268172057
                 -0.03826072545142075731
                 -0.34294286982317578882
                  0.57724900558940128725
                 -0.32798939558659090387
                  0.29800988662792909922
                  0.38958665890454396985
                 -0.06325869597760037932
                 -0.39030362326173401177
                 -0.09112222965258295893
                  0.46869848666768848533
                  0.04583045825497764070
                 -0.15011177682473297867
                  0.33543928332636913092
                 -0.02157189369630835643
                  0.38066905714456661380
                  0.50512069713572826934
                 -0.01191634162373245674
                  0.40183506488419762359
                  0.02041656664548461772
                 -0.31761742069190906923
                  0.16186806373739431875
                  0.42447918698647157942
                 -0.21231619547373456469
                  0.13830052366725309465
                 -0.33860729120387683677
                 -0.02859254226083659742
                  0.08260386859863445841
                 -0.39962373072581075517
                 -0.15277349505144388608
                  0.24345048810771027781
                 -0.37661541473863546781
                  0.18780472464620823203
                 -0.35675191506723136214
                  0.21630023736196216100
                 -0.01702981509210243355
                 -0.33839967022232764204
                 -0.12562606033323486798
                  0.10137427802332157900
                 -0.49497869712213049542
                 -0.19592753855253985940
                  0.09756024323145107147
                 -0.34833723179889586330
                 -0.38082231901580032574
                 -0.13826683359632088721
                  0.00274136315724882867
                  0.23958580317043856600
                 -0.35839530593814694637
                 -0.22867907027939804454
                 -0.06046275077751873950
                 -0.37468788733315472328
                  0.27545847318688820859
                 -0.15077302546418822060
                  0.14636472682406423407
                  0.01775082131878634797
                  0.34708494853336413488
                 -0.13701323660246211844
                  0.10805636405062371552
                 -0.08166262359715165120
                 -0.39284676376548566257
                  0.19929243959850578838
                 -0.38976179957374207374
                  0.52009572772987300304
                  0.08457287805152341464
                  0.13897667880795572248
                  0.02067047988280170528
                  0.07398571248634772113
                  0.20799183393793743702
                 -0.04533026130419960664
                  0.09434458519809449384
                  0.02450558427706332060
                  0.23921043696866739481
                 -0.07594616256067730775
                 -0.20764959594860457615
                  0.00873591601108458272
                 -0.37286637300305291998
                 -0.00352852163241507144
                 -0.24494631881544060015
                  0.28678601171643036682
                  0.13500465344220366481
                  0.05275908829443860804
                  0.03190356672878783689
                  0.46184303360751055578
                  0.19474459073836558609
                 -0.50126157740486065872
                 -0.23586055464781932600
                 -0.41195254640634487719
                  0.04484546783192507047
                 -0.36541197892526189328
                 -0.48238288196786560658
                 -0.36907697052907478819
                  0.29069635955265721305
                 -0.41631420197855040222
                  0.26647928758435551755
                 -0.05553264932333282916
                 -0.04230705984104190381
                  0.23009597128418241008
                  0.38537768938626193460
                  0.08264691876688444461
                 -0.15229087275043912131
                 -0.32273500805402438596
                 -0.28921790351063714208
                 -0.11974721826986087225
                  0.03656527139929721670
                 -0.33029174392397570026
                 -0.42106050706085346169
                 -0.30297717926455630666
                  0.12554029673516356458
                 -0.27439575512967767645
                 -0.44780105808442022264
                  0.18162155535254190242
                  0.18961832098672651292
                 -0.21431999786148484000
                  0.11928114655009021405
                  0.08881329555836128820
                 -0.15538040897763555348
                  0.12211252106130948691
                  0.51127128736370353046
                 -0.15021107695220353717
                 -0.08862088536782450343
                  0.91414345086826354070
                 -0.08163943206873987279
                  0.06121248817787054014
                 -0.34150786515018155542
                  0.00905118371060227925
                  0.11042276341709431065
                 -0.01330159932433074878
                 -0.31548883825502971323
                 -0.24555703036240153492
                  0.26245422952058883315
                  0.29811724484030849291
                 -0.21167734545903579835
                  0.38487892079030100456
                 -0.26268821101460676504
                  0.16913107098864893496
                  0.03445603927399234351
                 -0.14745885410305448193
                 -0.13883471473261596585
                  0.02750153267549643871
                 -0.33043635466546039670
                 -0.13904617821054099380
                  0.21180317542769852568
                  0.07621472250479070787
                 -0.12180135866092431374
                  0.13676322641694693694
                 -0.05224382149490833932
                  0.46048358250440712958
                  0.17189364309811244746
                 -0.04409262277893681581
                 -0.36592496273308627863
                 -0.38159789606707428256
                 -0.21099973799731047697
                 -0.24733620658156782457
                 -0.17960886537822934317
                  0.13645870338050819504
                  0.11464130289110209537
                  0.15665076204928524151
                  0.01380774406899963440
                 -0.52804450157077453820
                 -0.04861229158775576265
                 -0.19959814726550403896
                 -0.08502797479148577198
                  0.25969286398546542749
                  0.01003763472057775732
                  0.03569912854733030272
                 -0.43063635698479024727
                 -0.24328713815517061247
                  0.08949860973306396350
                 -0.10277911307946596686
                  0.42674925340324565415
                  0.08748660962201419700
                  0.11832043246721642149
                  0.03225686107822397369
                 -0.42602666757120377650
                  0.20705287903297078800
                  0.42588659215780688694
                  0.26286217933627098464
                  0.01390359802670717779
                 -0.12649760627108719291
                  0.01798088010799575934
                 -0.03385857172621946354
                  0.18347292069894716171
                  0.14809295701026820025
                 -0.09286477252405615779
                 -0.19522909340612917828
                  0.15997150684582461810
                 -0.18519469822796302827
                 -0.13947943851036914698
                 -0.28902981143761274918
                  0.09280253029443422119
                  0.51892726147075352028
                  0.40913988407078505372
                  0.56637193755558201680
                  0.15988476449387262202
                  0.08796277028213891902
                  0.30362446246890911761
                  0.01717724252365591953
                  0.29541541970617291035
                  0.65527392570504960911
                  0.30619295223259340721
                  0.15585124678223497008
                  0.25402578025861072275
                 -0.24993079121084119110
                 -0.19644646773426310826
                 -0.17459586399859094996
                 -0.04475173767341990294
                 -0.03410241268165861012
                  0.05578784051698480739
                 -0.30868599834656984537
                 -0.42943717421143345891
                  0.33368386814013095698
                  0.14982371112402087521
                 -0.32596671035266994165
                 -0.32116080409201042123
                 -0.08431837287447771501
                  0.03690170480898222194
                 -0.84739024811126817394
                 -0.17652780324428757330
                 -0.03576837744027923371
                 -0.65855064925863882053
                 -0.13176939001054047140
                  0.28168981526500852519
                  0.16613831887843324986
                  0.13067841960535422907
                 -0.21906499954401617569
                  0.17884407590182824221
                 -0.29944753504144272505
                 -0.08266305824386589729
                  0.35788409215654387596
                  0.00934697940862213444
                  0.32020070440553394242
                 -0.18152370532635286882
                  0.02939730586279348801
                 -0.45389354441212081959
                  0.00104001652317282055
                  0.33962226334581485654
                  0.07398241864576170224
                 -0.00124696463735761822
                  0.13632152563925364896
                  0.77380623960781436121
                 -0.54324762121897118838
                 -0.17227049191818002982
                 -0.10291924988063201607
                  0.33021367503240706132
                 -0.20351104461488542241
                  0.06975067117420290230
                 -0.47992008913142458759
                  0.11384002693120982841
                 -0.16298847838752544837
                  0.46478003363831055239
                  0.02983334930166879617
                  0.17270917482142175703
                 -0.18897423900450494028
                 -0.27125119483067694492
                  0.06964100746036652745
                  0.19511473278564986367
                  0.17582049282052233941
                 -0.21695291848382805555
                 -0.23382515907062378924
                  0.21114416912032221707
                 -0.11443606745224213506
                 -0.07358079677994452950
                 -0.29755577100193431050
                 -0.32863738674997688971
                  0.33044957252991741248
                 -0.19222060286494541126
                  0.30022376452939453229
                 -0.08425663544014133644
                 -0.07530975280303589536
                 -0.01137981770017590030
                 -0.33804234259920179495
                 -0.19551171117555654622
                  0.27411305958742770983
                  0.17623926896407809961
                 -0.26458708521527307678
                 -0.05886676311330932970
                  0.38357088924642029903
                 -0.18627554700206783167
                 -0.13691458941966602736
                 -0.00398202032366912900
                 -0.34046895997230269826
                 -0.49770851071933663867
                  0.12889172541351870405
                 -0.03434283651575757018
                  0.64280182185247192184
                 -0.22230186727561684901
                 -0.11468846326633225230
                 -0.17635182612519659240
                  0.13572970205448064984
                 -0.48913224124922199954
                 -0.18112025513752125216
                  0.17152993473305999661
                  0.19844948127246073155
                  0.21263846125531066233
                  0.11485490084160376867
                 -0.36682634982421430392
                  0.30410326102815388172
                  0.32623973725587979144
                  0.29366008356266432022
                 -0.23291815981353977683
                 -0.57988725561605891645
                 -0.22172108634688275641
                 -0.25874353141906536457
                  0.00818151480907176702
                  0.18180377552551263420
                  0.05881329353531306037
                  0.25467219508187760590
                  0.35254880120728276927
                 -0.06791307312006163166
                  0.13212268752495204271
                  0.31562560663514704906
                 -0.17912212761068782574
                 -0.41775973354172762919
                 -0.03114288176050380649
                 -0.14861447601936761398
                  0.02581436416883251678
                  0.46558805849338874561
                  0.11955742131486503388
                  0.19109662356347997814
                  0.09407579414600619749
                 -0.34908018717290639765
                 -0.10932693924417369313
                  0.12250158990754274335
                  0.07156520745141718709
                  0.19894697581383186114
                 -0.27815142637179957052
                  0.10517905737551475065
                 -0.11015949778074410337
                 -0.36501590181266285740
                 -0.08069312260089729627
                 -0.45740393619900765465
                 -0.23106596700825632329
                 -0.09333004275035805541
                 -0.69602272053057323564
                 -0.11565128052638939948
                 -0.16862923886926925454
                 -0.12952869950202292038
                  0.25031849511590364976
                 -0.36088034723037704099
                  0.58468791105014439324
                  0.13038084136128288981
                  0.15985473868330132841
                  0.06436065942260855988
                 -0.16900885842431254136
                  0.14841336151805839538
                 -0.14039439359973021615
                  0.00618812050958805933
                 -0.25046088650981462864
                  0.00633578980793876763
                 -0.03331305897271950173
                 -0.30638745036357512008
                  0.54942270071203336279
                  0.09716954142733354172
                  0.21765631349399983119
                 -0.06720039117404727480
                  0.25739698684853390409
                  0.26375876915027646197
                 -0.08354150715811275996
                 -0.07342008455558848845
                 -0.05937847892065743066
                  0.11712624497965833104
                  0.03371432474807323221
                 -0.02500401997135451304
                 -0.03502452426913243988
                  0.20238983028731280522
                  0.06373803084591653234
                 -0.18601185854014626320
                 -0.34038542153520062739
                 -0.42385852319610950456
                 -0.09705894954340746339
                 -0.07981862215672320959
                  0.46657891683013358319
                 -0.36500798837296988264
                  0.17411769715470579167
                 -0.19607925746637000497
                  0.20787828154561471816
                  0.20894032471658699479
                 -0.02587904522546933400
                  0.23823883798697365055
                 -0.19364075549094736384
                 -0.09221385139114755825
                 -0.20902556717254533458
                 -0.47416812910711120255
                 -0.29790056664353481430
                  0.40766469494260609840
                 -0.35238426972483838373
                  0.34546031565012325082
                  0.09321692527550826113
                 -0.11075006179882772306
                 -0.17887078138109382963
                  0.25256125547255842134
                 -0.11685637871681617272
                  0.03757560790305749382
                 -0.37360719034945832906
                  0.41050577972400137394
                 -0.03338783924601268494
                  0.36366082054128767709
                  0.08109241076487386235
                  0.11899654514815452555
                 -0.16913527304139985841
                  0.11970100672604899739
                  0.19909466494358543653
                  0.47461877733737467544
                 -0.10998587772277892971
                  0.30503498235000287009
                  0.02285034685652195113
                  0.02826300577318026364
                  0.04161281296594284557
                  0.35393095243505734437
                  0.27262723700864127663
                  0.01562430935634605278
                 -0.29962545110482485811
                 -0.01985343754338390193
                 -0.05580274363895210143
                 -0.00083608820259643249
                 -0.18920559833089453661
                 -0.09562880082191546616
                 -0.49906325086981839778
                 -0.24054227173102027404
                  0.22697038815472481144
                 -0.37647773784187121837
                 -0.47919065755189660383
                 -0.68232575885290047690
                  0.10997576324998767361
                  0.12608999377713775436
                 -0.44350642590489680606
                 -0.26199333242322275783
                  0.22397404065785259109
                  0.45264238369865328337
                  0.11753118566815332069
                 -0.00606043891815925828
                 -0.15428875013285428541
                  0.10053212216387720501
                  0.31354984378859479532
                 -0.40825413155915285524
                 -0.09918508785104365733
                  0.14808420941203317978
                  0.03373066501801740003
                 -0.19836244242173217689
                  0.45477035232983692437
                 -0.48105910883405089695
                 -0.08713100138354293311
                 -0.04701700193189972676
                  0.39047520930377033199
                 -0.11214631335937534640
                 -0.52027589732432411029
                 -0.18055414635001434953
                 -0.10527205206093537271
                 -0.19422023949017602762
                  0.01513792125815881240
                 -0.07018514825986195416
                  0.02520323521550032336
                 -0.30930978755668797620
                  0.04442574070270115250
                 -0.13186833354058952184
                  0.07888697836443243905
                  0.10439980048590948025
                 -0.17130901890964556067
                 -0.32854861040717758813
                 -0.34923344438830677960
                 -0.18289924775889160324
                  0.04905507467250992681
                 -0.17631714595645536781
                 -0.52707968039276009709
                  0.02942191143002175630
                  0.53777548077103398683
                  0.37075379491472815197
                  0.15246395720114019889
                  0.04363262417344921512
                 -0.01439863593878418918
                 -0.11299684413526694948
                  0.57384357812395103693
                  0.47923640983620929834
                 -0.01134016017671652526
                 -0.09983742480024454524
                  0.32383220346826263603
                  0.36411370154611100158
                  0.06990644536502811646
                 -0.11180952589714018841
                 -0.07217840340681309919
                 -0.18865179543431501163
                 -0.10493132925689603596
                 -0.17267376794490627012
                 -0.18883485650197523453
                  0.13391005360553040471
                  0.51552995059496475871
                 -0.18254356919421421690
                 -0.44662186500450551385
                 -0.47198947176231076384
                 -0.48312781009763938744
                  0.23450478815677477940
                 -0.36688045269344776722
                  0.69694167993523525872
                  0.26367853668530183420
                  0.11700864000004246313
                 -0.31168728797494971161
                 -0.25600739877209560680
                  0.06221316279535322319
                 -0.11364349270847927398
                 -0.22417831460835602186
                 -0.16583880681420221093
                 -0.06105601872278143549
                  0.29633207214387990991
                  0.47800433121704033468
                 -0.17618569527306074396
                  0.15138802863358291617
                  0.13515822443245364970
                  0.32190093062528096768
                  0.22420011274297257930
                  0.18126504688149797095
                  0.19043574780080377296
                 -0.05597997644061387945
                  0.28520416586781305313
                  0.02764133617581305061
                  0.03669311646752082545
                  0.22260012225455189094
                 -0.31892215462243933555
                  0.01590450375902382682
                 -0.15212963492215136885
                  0.16199432201714408786
                  0.17181049613423346467
                 -0.05043954624597705300
                  0.39656373052688054237
                 -0.11981791795628726760
                  0.33803377940787904254
                 -0.19077605391413746116
                  0.07563223016090413198
                 -0.25835060964578382414
                 -0.45391489109524774115
                  0.33245077881933271513
                  0.22032836905190456012
                 -0.11943002121459043996
                 -0.68240218505110727953
                  0.44551125404463992608
                  0.09083261178356019649
                  0.26164432340809939959
                  0.04764816282003991876
                  0.09009665569584131284
                  0.20589495159520970757
                 -0.32985127559102839223
                  0.01627277886476440755
                  0.11394204436881355536
                 -0.14710624681954589943
                  0.00572351508950992571
                  0.30729702705364519977
                  0.16593031715054301634
                 -0.36992049034507801242
                 -0.11967286938785839934
                  0.24588628022937186746
                  0.17935392208798422997
                  0.27132387729181756120
                  0.20446810298769180214
                 -0.06273658472997870050
                 -0.10948493852887290767
                  0.56544348137618305472
                  0.09403997802579677767
                  0.13517310203145688208
                 -0.15614758381459251102
                 -0.10531428390728425626
                 -0.18435504069005897998
                 -0.30482211325261399093
                 -0.07857189995021980622
                  0.14546828176447018643
                  0.04928771812805061991
                  0.02774405585500546584
                 -0.41995917974285096319
                 -0.37571985363150744996
                 -0.33542537417408430089
                 -0.32395842038963490461
                 -0.16955818975170416918
                 -0.12653459068156253098
                 -0.22326385785972269193
                 -0.53763932305899497788
                  0.19697610888047939470
                 -0.25465114217165357724
                 -0.11598429963513058605
                  0.20441466271470845606
                  0.30806322051856571687
                  0.35674162892719285534
                 -0.35571315337723269367
                 -0.14786735354642110973
                  0.04431508521394343647
                 -0.13061269523081028843
                  0.11221679442727180986
                  0.12905378757551205782
                  0.21863261380320450633
                 -0.27861992243409083869
                 -0.19713034161969850144
                 -0.30299266402191221692
                 -0.65095966031154184339
                 -0.20444712271507042844
                  0.11873741468008675026
                  0.32778025559437629077
                 -0.25549791786935516225
                  0.00780402457233663610
                  0.09217687737281556049
                  0.07513606756774239559
                  0.17854543531706623671
                 -0.35151301750315744332
                 -0.14210656455406028842
                 -0.01495334671309256173
                 -0.21480414299121203259
                 -0.08616656167771299946
                  0.10728748861584155860
                 -0.07602995886764449263
                  0.42098726256361862497
                  0.14851097939382973401
                 -0.36919779234442917648
                  0.01730203685598074789
                 -0.25928274436153292415
                  0.04496818987934050882
                  0.15052220369380911458
                  0.11434929956025895181
                 -0.40543142462625175737
                 -0.19022486836586330328
                 -0.03930146497006421769
                  0.05642268825713763619
                 -0.10010432350412233615
                  0.07753341600908612852
                 -0.32440525766201910862
                 -0.09194733790834858089
                 -0.00440329847687652084
                  0.37965660798850203728
                  0.37206908184269960049
                 -0.29018350606787152168
                 -0.19297670021361204573
                  0.23911745483375207444
                 -0.02154984079250209586
                 -0.06007129469456719273
                  0.26335332449707105074
                  0.19607537118987836133
                 -0.45753568976600983431
                 -0.81652825837059617164
                  0.29551428706058208151
                  0.34431847977583429632
                 -0.19564126259308306510
                  0.68940102472857078819
                  0.13593965489428549986
                 -0.01253441202839717522
                 -0.31810979215421608668
                  0.13289505501228471296
                 -0.33128408507846157649
                  0.01498315610024920919
                 -0.07206683902352889470
                  0.24991628445989569340
                 -0.06025454863876895939
                 -0.26802284246066698792
                 -0.06622772672497087565
                 -0.21238005512718410861
                  0.41087785167667562058
                 -0.14972350376631859969
                 -0.14480383672916591342
                 -0.71018270493510105013
                 -0.29277245285681413600
                  0.43988715956916601968
                 -0.23156367208470962638
                  0.32372759497382042060
                 -0.40699263265910573528
                  0.59669303625840541816
                 -0.29970834241846527890
                 -0.53272479389244820069
                 -0.25887191972457029854
                  0.18904499964486906616
                 -0.28325420719726979168
                  0.02734548946756684348
                 -0.47593294053767937202
                 -0.14320466214644161917
                  0.24270416917849191307
                  0.09604855100221867947
                  0.39642100592119539071
                  0.14993720454829481681
                  0.09569676053753251033
                 -0.28512549780300516789
                 -0.25235630573791117959
                  0.02022033581463407101
                 -0.38499486705103952433
                 -0.13617565179946056197
                  0.36384014117772150998
                  0.37283745949304963885
                  0.09015909078487735484
                 -0.16983341394353618226
                 -0.25440043758345232128
                 -0.38497759390551811176
                 -0.03064369747120450696
                 -0.24391787247078422496
                  0.31030365467294773740
                 -0.14153409660194221642
                 -0.22541286651850073186
                 -0.47606958348287314875
                 -0.16648557191201288075
                  0.29958039045122020205
                 -0.05086291072953402076
                  0.44161272768544285183
                  0.02111383746291840141
                  0.30868415888610001296
                  0.03848704518612448139
                 -0.11640472602901169585
                 -0.22965594148894019622
                 -0.14021682337881202773
                 -0.07113286947977835728
                 -0.23289549490379690688
                 -0.17965078100739342859
                 -0.17808011452428973431
                  0.13518207885188684991
                 -0.04111164227840682917
                  0.27545389689725491289
                 -0.01320226404966106173
                  0.25621828083998648973
                  0.26491880193632677543
                  0.19416761930161915983
                 -0.08132100599118659290
                  0.15550299846745133103
                  0.14004479558526630734
                 -0.36548931067501144732
                 -0.09741820637521014792
                 -0.20358954196265108272
                 -0.15425220759396718329
                 -0.10557189639059225139
                 -0.03598511251830727176
                 -0.06237262242494902298
                 -0.30130478257646109430
                 -0.00879969720320475726
                 -0.13294797379177544783
                 -0.00822030304348773944
                  0.19227148993315934522
                  0.00256567735405266797
                 -0.14489938638584684560
                 -0.11003990589723330884
                 -0.41645862622084056648
                  0.25137602515819007509
                  0.05448888056712611339
                 -0.23773638198692964574
                 -0.05553698735757553462
                  0.42725845986235444496
                  0.03539042549240437735
                 -0.60408872690025472441
                  0.37080734460663483665
                  0.17684420294198391344
                  0.12406551837093710011
                 -0.25257062045433609221
                 -0.28236003666203307594
                  0.02147607249654270509
                  0.04819677233262581462
                  0.26177294808743473142
                  0.08059657683048039589
                 -0.19824736485237204331
                 -0.38930659312324567001
                 -0.55764211168518784678
                 -0.14516739798407768403
                  0.45021763861416008723
                 -0.02682809489279272541
                  0.13470721276260783084
                 -0.26511461134715713639
                 -0.53121144637293371549
                  0.63824276467240637079
                 -0.20028656115048229513
                 -0.18469140440322157071
                 -0.17542131312360209616
                  0.12026992119180399121
                 -0.55204108260884299231
                 -0.41632454264780982545
                  0.04652714233880266004
                  0.32396249369055024614
                 -0.26022342864508635207
                 -0.09956773049676966025
                 -0.38078135489572972894
                 -0.07751759572357851125
                 -0.15661691339394981370
                  0.20001468249359416474
                 -0.10524816409731964362
                 -0.24394975321292411419
                 -0.01149350305483712309
                  0.36323540822571642739
                  0.16710907488159712497
                 -0.24264173532401142608
                  0.23386523601833089647
                  0.12798150638550173652
                 -0.03549278128220755696
                 -0.11418046593192074378
                 -0.28716042085637394354
                 -0.04983969789780109266
                 -0.01415466386570856869
                 -0.31417011886728207770
                 -0.19577463257521535156
                 -0.42797199666417778952
                 -0.39595351993553895564
                  0.35701204417652532275
                 -0.15390631555538783481
                  0.08137145694168386456
                  0.11045201307750888986
                  0.00091415886463175160
                 -0.23652877446107259396
                 -0.19573151885449949217
                  0.16814648363938761166
                 -0.24244400895335266322
                 -0.06779669166620774790
                 -0.36817961973711038626
                  0.29309048869519682690
                 -0.27699138258487360220
                  0.31153582437364185642
                 -0.23380942913453001131
                  0.40121533527721475743
                 -0.57063117704881305414
                  0.01517183405281970557
                 -0.05078851347350132189
                  0.25814308886647047148
                  0.02559696038796219902
                  0.25999482601477053034
                 -0.00188018969579549500
                  0.04396916315287289351
                 -0.00947308652541578068
                  0.04361990484081246233
                 -0.37420406738492750787
                  0.18238850854411201019
                 -0.12184613494218807239
                 -0.12415868954164373250
                  0.14350046368769461824
                  0.02004810283054347594
                  0.65676697250171556242
                 -0.27654372227647183724
                  0.00338696449388010013
                  0.11939730486081126526
                 -0.14655805738182350884
                 -0.07396926793957571411
                  0.07915715510429774393
                 -0.16571814254152555934
                 -0.00197148639890322441
                 -0.31950196632578270473
                  0.16238263101443292657
                 -0.06493671246573776146
                  0.02825100303707476362
                 -0.12617131140164489222
                  0.04934910974697789832
                  0.15119736315788326331
                 -0.38260148014256095683
                 -0.22247842814118984345
                  0.48620324077356030790
                  0.07502916995002664735
                 -0.33926024826316014682
                 -0.03023113247617940924
                 -0.32017134882339304269
                 -0.12760029727349964102
                  0.10511995339485161183
                  0.05158727846810387541
                 -0.16878637490646272723
                 -0.23465991569846697540
                 -0.58654316760849811718
                  0.27513246825964232656
                 -0.16225024423047651467
                 -0.11172218101656790357
                  0.21553389142833384584
                 -0.09345749032668056178
                  0.26246172811012941084
                  0.66169249230313953447
                 -0.30850896878681915991
                 -0.10366492119465324506
                  0.00107222022632060985
                 -0.20452608184934031876
                 -0.28411694992526981274
                 -0.53836811703946496621
                 -0.11260641872853505152
                  0.38989858708316121882
                  0.32387702835759096809
                  0.14582367245809341183
                  0.12572263912843217870
                 -0.29877507809543696338
                  0.46482880053233605055
                  0.03443158288741542117
                  0.10983612458490815689
                  0.02427630237864124643
                 -0.33923059994248982996
                 -0.00332525238131626318
                  0.21181345864437153836
                 -0.46746149824818877816
                 -0.23200079684493093990
                  0.34985609693518704422
                 -0.00334801550220955712
                  0.26786396602189727068
                 -0.16020926053650846876
                  0.22041148847009853218
                 -0.08733502845779732293
                 -0.15548711485355617978
                  0.13785224031291254398
                 -0.34902670704602289931
                 -0.21651675285989804842
                  0.08830907066555004903
                  0.02748306110939236629
                  0.23027997749157075313
                  0.12003213453069697114
                  0.14064707555070601885
                 -0.17149626369481849042
                  0.30754200533985526222
                 -0.14357530971558160604
                 -0.11591914957387619567
                  0.13275673863662909580
                  0.09495879447130967099
                  0.14128438546960256361
                  0.12734236371934962162
                  0.19298597963493305252
                 -0.12150138189687494095
                  0.38355825035044699423
                 -0.34548529378829273551
                  0.01525014879142918764
                  0.17511864513324160164
                 -0.32251218519077118341
                 -0.46232088205647436929
                  0.31985850793076792131
                  0.36823283669068607171
                 -0.20253054899052255755
                 -0.09619103725481993605
                 -0.30438007087813068186
                  0.29707557712842180830
                 -0.04341096482047087507
                  0.33199227874648223890
                  0.19261652675563786796
                  0.33666593283515056090
                 -0.15651343813150567219
                 -0.28488758658058671580
                 -0.07876159154623367520
                 -0.02101086787321380586
                 -0.16949891569348815579
                 -0.23373796109402214527
                 -0.07002877176135058335
                 -0.03073485945869935260
                  0.21035009063629012127
                  0.04883709161296637125
                 -0.10154311102058051486
                  0.14265700569324099578
                 -0.14782981201295636309
                 -0.33006995325304344657
                  0.47246122810714596962
                 -0.02232895544448222636
                 -0.08482035163341178352
                  0.13794808880694897635
                  0.13861292303782141166
                 -0.35527195865263916374
                 -0.24405615924021575869
                 -0.07747080148890378437
                  0.23977620259607576592
                  0.03142729438882078952
                  0.30922965568900834255
                  0.07288136560518720941
                  0.30808103429588479250
                  0.02627662416613405980
                 -0.20845593263094502889
                 -0.20649151397353882054
                 -0.30505227174411864155
                  0.05086782077428955717
                 -0.01659323874606098009
                 -0.06443984617797277048
                 -0.31816215030598105074
                  0.12412957139215535785
                  0.04207416729126474408
                  0.01743741028144360147
                  0.06016784833702062962
                  0.09758110118308552239
                  0.12628021319675192258
                 -0.35641738383908405652
                  0.25643095403414772893
                  0.73163714479712738115
                 -0.21266636184516848895
                 -0.32082901117376089184
                 -0.12225127138445260333
                 -0.38976811972888769642
                  0.14061210941644392003
                 -0.03156703691997094635
                 -0.18345145859406980504
                 -0.07832458585375653981
                 -0.09702359148664588262
                  0.19308550363898996372
                 -0.23450054332286451864
                  0.20853618825583961072
                 -0.19059474651027166758
                  0.26404479275426806506
                 -0.22079050577840783620
                  0.24880400240432298808
                  0.25955910714248908722
                  0.75701074945534951866
                  1.09042839237536726138
                 -0.62406267136406157192
                 -0.48780471308575229505
                 -1.02351133228946755693
                 -1.37649316911251307083
                  1.09902807890947151748
                  0.64940198330374621083
                  1.21106016410484440549
                  0.57671880729743907334
                  0.57267290816816174281
                 -1.01825434191566577269
                 -0.65306653876950426785
                 -0.94639213162636870447
                  0.53339901744180484577
                  0.68965485552297867144
                  0.66964895436875493395
                  0.87512861894860949352
                 -0.85450046000705248694
                  0.34865982390336741625
                 -0.93047775574026703183
                 -0.87210540195028629640
                 -0.48521621182111568382
                  0.48100835442333778058
                 -0.50435739141029933830
                 -0.90760112519648106222
                  0.44499401831527973794
                  0.69001704297295685109
                 -0.91146118115654850556
                  0.31694684568976538852
                  0.46087415307892759531
                  0.26466432514578297486
                 -0.60781743786907105331
                  1.31981571939073960564
                  0.43000774967695909456
                  0.73498830304706663785
                  0.67087692592495362653
                  0.64441316794390735012
                 -0.73157281645871563569
                 -0.56351088987527619967
                 -0.56423214109637753744
                 -0.74227626757798781387
                 -0.24749796960233963472
                 -1.23254896392611001943
                  0.84999888380920585185
                 -0.41557976825262504805
                 -0.55947558213931580795
                  0.50096331846286989986
                 -0.03509378489832583325
                 -0.73020032130311185448
