9	2	1
50	50	
1	3101
  2.4977010000000002	  1.2462420000000001	  2.4927980000000001	  0.1482145000000000	  0.2935940000000000	  2.4828999999999999	  1.2462420000000001	  2.4956784999999999	  7.7500000000000000	  0.6848405850000000
  0.0022990000000001	  1.2462420000000001	 -0.0072019999999999	  0.1482145000000000	  0.0009830000000000	 -0.0170999999999999	 -1.2462420000000001	  0.0043215000000001	 12.2500000000000000	 -0.5337312150000001
                  0.46859491591554658374
                  0.74643057758224562459
                  0.45986178985404002617
                  1.02326299609992221740
                 -0.03361210939567785272
                  1.00663739154376985496
                 -0.73927402896502292240
                 -0.43435410536347285326
                  0.66833869530103540146
                  0.74927787227576747586
                 -0.21090621768089870547
                 -0.45580917380096935831
                 -1.10136866289494772531
                 -0.48074310283889704065
                  0.96788745331432823882
                  0.28046190658479663860
                 -0.63126009106769820356
                  0.16413360008338578888
                 -0.46544711334960986449
                  0.91949255510562166727
                 -1.26957448132007244546
                  0.05662295120302114626
                 -0.09177003552014108279
                 -0.25220221452279673047
                  1.07150803268938710211
                 -0.28605415652284571504
                 -0.40145481773503305378
                 -0.59241299054655283118
                  0.94119230160563605025
                  0.22628704242260169743
                 -1.23351730156869510147
                 -0.84692105745886403501
                  0.40729428524719185623
                  0.76220083869820121070
                 -0.66877315933575443019
                  0.17088904810913066457
                 -0.70329845989640571435
                  0.29643424577447802237
                 -0.31805968636986209352
                  0.41482916070035530387
                  0.89519437907537124932
                 -1.16462949549122796178
                  0.47279691479638108476
                 -0.17572420810091493593
                  0.58415175677165653845
                 -0.41202495863312016411
                 -0.74326511423386942834
                  1.37489293130683565280
                  0.44857697553723735462
                  1.06319864458459711898
                 -0.41976110928093812724
                 -0.70907312665992794365
                  0.24357539667144131879
                  0.45398507317976449782
                 -0.49396528573915687854
                 -0.40512477234456889530
                 -0.67345363972508009986
                 -0.62666727008879163918
                  0.18953880552314517072
                 -1.58027541846525809710
                 -0.33467326660327084697
                 -1.28824890234569333636
                  1.87797574314046400445
                 -0.82293776327680945304
                 -0.34038167452918605127
                 -1.21518391555382176961
                  0.58782640593186585853
                  0.29927448195722228252
                  0.49679940063546129680
                  0.12741347904514485623
                  0.50436002733415385979
                 -0.53653205247635893382
                 -0.25360607864021389446
                  0.29970004126681631940
                  0.58755963980117276169
                 -0.70750374435334251189
                  1.02643881985202112261
                  0.23562868535580627771
                  0.32843595688432164481
                 -1.01831748038402358780
                 -0.39689787239485357917
                 -1.94172195446869588764
                  0.06552350819730358433
                 -0.04673183768890500078
                 -0.33128838322545584028
                  0.29220854060112211315
                  1.27591302395437478090
                 -1.34504376597442898422
                  0.27315378575185950139
                  0.14285538826398633261
                  0.42761774817925163328
                 -0.55069199640399824069
                  0.52016319830993529294
                 -0.07989666790609467606
                 -0.92704740331337975867
                  0.83058695660271131267
                 -1.12238509003984687773
                 -0.63251212855778771171
                  0.63850604514063380446
                 -0.05854921801975259549
                  0.74244412178566510097
                 -0.81155750624019329376
                 -0.60529629209569968395
                  1.18599643651813058121
                 -0.31061824129482296097
                  0.62345859102031930821
                  0.46172090435876167458
                  0.91475559304113007730
                 -0.68448207179217290808
                 -0.79403669803804222127
                  0.78251892344374529564
                 -0.79847556895756177653
                 -0.78679461366069780581
                  0.38333054225655316394
                  0.40388906467984375670
                  0.37091199407359193296
                 -0.37095852918202276705
                  0.34251758347056998621
                 -1.39101239975459600728
                  1.71942656560472562077
                  1.12791629493873379886
                 -0.22698624713041637424
                 -0.91697458271180998235
                 -0.58852865734469173020
                 -0.22653584162728881979
                 -0.08399507096536226736
                 -1.11440678026816830659
                  0.62623057923880376396
                 -1.19329450954880278424
                 -0.03563118499226432256
                  0.08636847317100797283
                 -0.52174611757087718811
                 -0.43954732665917534140
                  1.21666534145821980673
                 -0.25809670623060093630
                  0.10730290822426553909
                 -1.56422325031430364817
                 -0.19077650791693201437
                  0.56020689429429992856
                 -0.37830510076688811383
                  0.11433705711552852313
                 -0.81742714241633562811
                 -1.36187330196820566286
                  0.06952759369735871109
                  1.06820538362584316339
                 -1.01382593562688749778
                 -1.01079598169462103741
                  0.34814620115500938269
                  0.05317146717556422292
                  0.00915509167025480367
                 -0.91955404674523866237
                 -0.37808938609955744514
                 -0.14618653401172634898
                 -0.83448383664649039559
                  0.47658643633323766187
                 -1.20691883458363591330
                 -0.14752216914841836948
                  0.78632195121413861472
                  0.83108587292631497245
                  0.11207210169324435811
                 -0.45414333143658297542
                  0.02412093295678818458
                 -0.47675207512520750841
                 -1.09066505734489815893
                  1.47206003596972023750
                 -1.00281980818965243962
                 -0.26746377515477681719
                 -0.87851349947608059487
                 -0.53452324639684589691
                 -0.17462613660406539617
                  0.22479079684342415102
                  1.43109819539947769051
                 -0.56303858635370229724
                 -0.88395944085686506408
                 -0.50291730020200386964
                 -0.36609464663034174681
                 -2.00326453174486651676
                 -1.21564996049803553113
                  0.27703446097263778602
                  0.13039864230816428092
                  0.89207978370588558725
                 -0.75382649227857367880
                  0.46973344652499909868
                 -0.79167413778452544459
                 -0.91037546985655326548
                 -0.51922824811804135781
                  0.14128758210486050406
                 -0.96700589731230079948
                 -0.01759677993412272351
                  0.85076721465992410920
                  0.00003062102243151822
                  0.29810919428541965415
                  1.19520547389957476625
                 -0.78905851978419694337
                 -1.04698529512922156037
                 -0.38115965026714487829
                 -1.24511248080788416992
                 -0.05588446115952599991
                  0.93157811378741783859
                 -0.39993798910423733473
                 -0.33051087019910174725
                 -0.16575419556892059814
                  0.18969312256837006503
                  0.46843159632795394742
                 -1.25741860894549351002
                  0.19589651391952606074
                  0.12872725394790004994
                 -0.90034759739603720252
                  0.82165058467058205149
                  0.29489936731519866830
                 -0.33288282011669634297
                  0.10549554390189311293
                 -0.86861112583558242051
                  0.58049878245577679614
                  0.54206504545357636626
                 -0.85948966277166538585
                  0.32990818234350144378
                  0.64545793276360685642
                  1.18927732326550228414
                 -0.47044595739642341981
                 -0.05021154236377800562
                  0.04537824928258253621
                  0.06621397253928697213
                  0.97913403719032210404
                  0.14930375561990291700
                 -1.17137131358962065519
                  0.17719463625715231592
                 -0.21299020738001667175
                 -0.46837769029151621325
                 -0.22237548797540876433
                 -1.10129497971159717729
                 -0.97309816871117948978
                  0.25980419032947676961
                 -0.26682246659518749077
                  0.66976483175397150127
                  0.11027750015316810372
                 -1.79290141783020495758
                 -0.05972320105780847682
                 -0.94896081369684059936
                 -0.43032540200516666840
                  0.61587875074795006558
                  1.28659063474106960534
                  0.15045207531592244554
                  0.80464587006102572531
                  0.52920921045895774615
                  0.43059887776787669766
                 -0.54580652860066503074
                  0.01748627047386803329
                  1.23836960987147670643
                  0.61846015244840790714
                 -0.10893341970025868792
                  0.09322391409638496051
                 -0.58415174828028304521
                  0.82059934903585496357
                  0.74802311130748355694
                 -0.08230989660621947090
                  0.19012616301861917645
                  0.57985126973541056827
                  1.06664675265749475663
                 -0.35564238769634731741
                  0.68384288674799331709
                  0.28372550757538944621
                  0.81650111955285464838
                 -0.46322096890024905269
                  0.37812702426889549523
                  0.45018941691295671914
                  0.16929615219495819378
                 -0.63232875570070168347
                  1.06302093827999222242
                 -0.20368401680092562689
                  0.59940676384985702718
                 -0.05539652905564751428
                  0.45744480784051039235
                  1.03170449236170758134
                  0.96956576132741745244
                  0.75490107345268042671
                 -0.70733754440989193846
                  0.16271872619216398714
                  0.56466152893715515493
                 -0.10708745506323708030
                  0.21432414412213199317
                  0.75585841852056623313
                  0.15754013405717867680
                 -1.14522818962305183987
                 -0.54213747955475488638
                  0.17489697516862229287
                  1.15847784119396579605
                  0.01373920959793194924
                 -0.18015259658419738309
                 -0.19845840879518816813
                 -0.28729066209583881131
                  0.81373355679922265704
                  0.80597146604185843088
                 -0.44185396597348930436
                 -0.08722128926831139439
                 -0.76515063730951615728
                  0.27159638605939268041
                 -1.41289491431632319163
                 -0.05772668597034898152
                  1.08850808815977240229
                  0.02311938909592527527
                 -0.38573303538930975298
                  2.00070226790144767293
                  0.76786226669397628086
                 -0.93160565141503925979
                 -0.05001243481380597544
                  0.66363147751059214929
                  0.46066600525112932907
                 -0.24761571519717695544
                  0.99974661309429013745
                 -0.32895058040525032572
                 -0.67583717088121109118
                  0.40104910117033748529
                  0.96987103194824486607
                 -0.36297612605725154689
                  0.75250197869301194142
                 -0.39237039604080653499
                  0.30327207456610716374
                  0.54098574023753742690
                  0.98106519204988351657
                 -0.83041555154047919096
                 -0.06720930037264014056
                 -0.40170858619259042221
                 -0.36949423207016052206
                  0.91269817465417235614
                 -0.39222149831526331720
                 -0.94427250157336584113
                  0.47725899514014058500
                  0.82762169685966446853
                  0.21401598429509119392
                  0.17646140626385090067
                 -0.48122808946407069630
                  0.03781693328713506969
                  0.15043694975808363790
                  0.05677964431247590343
                 -1.02906849712412573616
                  0.13430934771959160412
                 -0.28487816497688145390
                 -0.89245930459229616538
                 -0.91574185882460346075
                 -1.34885618251745209584
                 -0.06049947708721610529
                 -0.33619871202721551828
                 -1.00403173756842378772
                  0.30684250713607957861
                  1.60174891959748899595
                  1.11873211880227740878
                  0.61629953869815889966
                 -0.48149772061056922423
                 -1.39164065578971807291
                 -0.10983116579796320389
                  0.42365425803773132385
                  0.86939096946777827402
                 -0.57056402449072252114
                 -1.79988300041565185694
                  0.10644148785920078126
                 -0.53848470332542341943
                 -0.12539119716879132405
                  1.06334268822566557766
                  0.06708975096904076785
                 -0.30003418685011162825
                 -0.77366074982394650306
                  0.56694600736290756693
                 -0.49918470633558836846
                  0.78417634507382638631
                 -0.50874929393084133977
                 -0.21947252432310745962
                 -0.32807051234828787933
                 -0.94608630886072031529
                  1.10569500222853478455
                  0.14500531628023929920
                 -0.24165528375510197945
                 -1.21902106796553755252
                 -0.76155896456307603515
                 -0.08684213850081756725
                  0.08564057621448993574
                 -0.37130723503522894413
                  0.18093080569709837913
                 -0.86420367846103429699
                  0.28119943549951170736
                  0.61774021912898158249
                 -1.12145894053213113217
                  0.65876244793498472951
                 -0.61797345401395920028
                  0.71306375523872123079
                 -1.36738267379882660890
                 -0.02172937579605925540
                 -0.11439718838109366739
                  0.97325831315340949335
                  0.27222032629130771264
                  0.52334841481758997972
                 -0.87419542632593427722
                 -0.48870363573092451270
                 -0.64731102228954962019
                 -0.15939033173436040203
                 -0.56109270764148833077
                 -0.21039417685274533487
                  0.41848116115777694857
                 -1.15553396150039922041
                  0.67999655805297909428
                 -0.50475156275707000475
                  0.71520903337651375864
                 -0.73099718299232463448
                  0.87986417062144905987
                  0.01276750171920667740
                 -0.41335466919638158556
                  0.45776753168261835603
                  0.56145196571359690108
                  1.11797496559614661926
                  0.46341093811454553419
                 -1.09869632889490986827
                  1.08957323443233300431
                 -0.75712395676128574351
                 -0.00028006868163617249
                  0.73313101639380617858
                 -0.02341129184464689830
                 -0.97065291260767649906
                  0.67872485899883927551
                 -1.46894035242569431787
                 -0.83934206823737245173
                 -0.92437560947206987017
                  0.17690588541722027105
                  0.23316810630236572965
                 -0.85207085053005104935
                 -1.76721416271947506793
                 -1.82027294992167942844
                  0.23903494748110445944
                 -0.22375309433696294326
                  0.88366533262676638660
                  0.14214997718213118194
                  0.87863182425211872051
                 -0.01881510589195971306
                  1.06635880115818659775
                 -1.07067971288550523035
                 -0.12983673816827667746
                  0.18211005899550461451
                  0.22571389715646225649
                  0.93700594624373212405
                 -0.02253784522813260388
                 -1.06673056505595686971
                  0.13825443280703761384
                  0.50493250233056197196
                 -0.30616006444403970344
                 -0.44596558343912146016
                 -0.20029289889398163571
                 -0.26310614198922899210
                 -0.19879315103298930700
                 -0.02882786350073112888
                 -1.18381342120497579096
                  1.39787375530112956135
                  0.03698318134236616012
                 -0.10066440494325364086
                 -0.19821527787430218148
                 -0.12426706387884994820
                  0.01664505750611706969
                 -0.47483157555853383602
                  0.03223006143009236879
                  0.17407541553566008297
                  0.10299425185956152806
                  0.35713701957828070110
                  0.21168233067327099639
                  0.10714858688749637206
                  0.08017958224768725883
                  0.12903659954178203773
                 -0.31110308995096985774
                  0.36308680135397736199
                 -0.00807007286453757626
                  0.07424923485580489646
                 -0.23748465985229916253
                 -0.02032531961080996652
                 -0.01263722451971352120
                 -0.20773963129767061830
                 -0.28599359923890865787
                 -0.05677225331842488537
                 -0.39710450165869176642
                  0.59970836632815749390
                 -0.41367584423244918579
                  0.24633871017017922034
                  0.11598485761854639142
                  0.54639608545564177788
                  0.20543694634677675537
                 -0.19600335117552669661
                 -0.36715697327311430653
                  0.10036195764370466066
                 -0.52730194212953729327
                  0.35305143711388392580
                  0.23780555788830223807
                  0.22310786076812461065
                 -0.25351758222259596076
                 -0.14099289251982297100
                 -0.10346420158475333473
                 -0.11628511659717090387
                  0.20365559232034011194
                 -0.22404398449302750929
                 -0.01056198722679298901
                 -0.11841742221507757515
                  0.22498264996635508606
                 -0.37825217741281974559
                 -0.20945796638389030386
                  0.30441761737854544645
                 -0.13796288138036583160
                  0.19114576441666061846
                 -0.28065557327984169689
                 -0.46583070860335629160
                 -0.00815196957069053672
                 -0.37395399736512352495
                 -0.01245319227344425517
                 -0.05511445889384554431
                 -0.09665560408445909857
                 -0.37137479526211886194
                 -0.12710565602678686181
                 -0.21223534993399842397
                  0.05754661515047637677
                  0.05740317047242623344
                 -0.18697490284846970954
                 -0.08376482857487906053
                 -0.23232059797229404063
                  0.22438376128861645120
                  0.10495520329821539374
                  0.20296008867647094553
                  0.13064489049675193089
                  0.35466392134247792800
                  0.11903871692806863858
                  0.07947390670453757799
                  0.03295826154849964412
                 -0.00099611425641521392
                 -0.07613640908883223535
                  0.21810644321148514591
                 -0.14573981274416947240
                  0.18786584509716613978
                  0.18653591957146103963
                 -0.03376975356748743162
                  0.06049712459452510904
                 -0.05546699481882486765
                 -0.06530569541507619258
                 -0.15329619423054913208
                  0.18710605153169540538
                  0.04826659644423630935
                 -0.44509571178107687484
                  0.59235959525353454325
                  0.02153030466516148503
                  0.03833502684415087541
                  0.15559651057005244312
                 -0.13870432519942682559
                  0.55128116902623636175
                  0.16952900570217011023
                 -0.02223119324098030147
                 -0.02780955526294700761
                  0.26322918496729730276
                 -0.13732807058100893194
                  0.08560340841351356256
                  0.64200496879380808402
                  0.34319282598138489693
                  0.39859137620621892806
                  0.11473968678193657844
                 -0.31751738552863945086
                  0.17412250328121897658
                 -0.00019509043006575230
                  0.30162473841421311160
                 -0.15471933505576299095
                  0.08812349718211200111
                 -0.15749212951468458122
                 -0.14288725889747511122
                 -0.52862599368451845816
                 -0.18674401644151716884
                  0.39621074824789381807
                 -0.15296221252660657797
                 -0.09243534340323769638
                 -0.20914943094086588249
                  0.10293977332180426210
                 -0.44772101075677689375
                 -0.28196510242257172285
                  0.02758426793942712202
                  0.07164279852123889292
                  0.31707149284393304489
                 -0.17378664302352428428
                 -0.00264426787010895933
                 -0.21423523720311762886
                  0.11066665587933521842
                  0.09476022096462714817
                  0.01511868440281070002
                  0.60639120878028118788
                  0.04753160620136431119
                 -0.07620980777454709754
                  0.16046019607764386294
                  0.32834791945639479893
                  0.08214659375172464473
                 -0.01923471199354970934
                 -0.16683859521588700892
                  0.33041191245048701086
                 -0.00156745527793519801
                 -0.55654500695804121069
                  0.01871646190548786198
                  0.08733958176927854311
                  0.06770519766982885379
                 -0.61103875351452996423
                  0.02472185048150870451
                  0.20342534644583640246
                  0.03655728756059285073
                  0.06050967865426153114
                  0.32665404533314690294
                  0.16620144089822863620
                  0.25063768867552593811
                 -0.15390119505371188668
                  0.06313128995861967685
                  0.40649714338753500931
                  0.30116004929939294010
                  0.37054447375720794833
                  0.12545975280262441909
                 -0.16039133796351331962
                  0.32820354649738298081
                 -0.35331556467109070940
                  0.00569402772881595371
                  0.10136958242026833377
                 -0.07700690824695342884
                 -0.11248938332429993248
                  0.34488157606558400570
                  0.05645529706548192000
                 -0.10972802771734185834
                  0.28359635008142558554
                 -0.08993630633256374796
                 -0.21569190313799552206
                  0.12214192082535779704
                  0.04726322214131189331
                 -0.34226015369872581084
                  0.06377131168767399827
                  0.13950673166374216727
                 -0.11246285207840732434
                 -0.10748476153386901655
                 -0.28722452812170268244
                  0.18986446413807653300
                 -0.06005486126153598836
                 -0.14479341614504415148
                 -0.37413112331970571622
                  0.37153773871540923812
                  0.23479844926529136462
                  0.04299878136112955662
                  0.31564423430276694615
                  0.61449913776389786246
                 -0.10190831453912140014
                 -0.30299832348579724961
                  0.25262126917253180380
                  0.20444856347277878816
                  0.19294186604845964261
                 -0.38396302592218845007
                  0.12202295701547397067
                 -0.44194602640635505253
                  0.04563547385402285522
                  0.04768836726425920713
                  0.26310156315191463028
                  0.18698912085872812505
                  0.34067577159599360392
                  0.01937356130210076549
                 -0.01879702618063688532
                  0.24983824781431601680
                  0.37907780631756260448
                  0.10756302305179146761
                 -0.15868529560551522528
                  0.24065172343369095609
                  0.18669043685376190966
                 -0.38932803565061629980
                  0.24848535924121506469
                 -0.06205014090009116495
                 -0.03838403077114621587
                 -0.00174136303002964468
                  0.30741883084278004423
                 -0.56425937354376587418
                 -0.31978737736513573875
                  0.21996294859100262720
                  0.12292873950855986998
                  0.22845636436654220836
                 -0.09910530547402708612
                  0.02741184434193893321
                  0.12046596758942453020
                  0.48775299920448800250
                 -0.27802831152414808624
                  0.08548935273196929530
                  0.34747344843665323166
                 -0.18373507461733187829
                  0.03485450606973798660
                 -0.02237809673315796152
                 -0.10710885202193565213
                 -0.14382608307377672818
                 -0.19999913954830286777
                 -0.14501991950512524432
                 -0.07608992903463440705
                 -0.16121508267121276159
                 -0.07658923462676792138
                  0.07115511177319323866
                 -0.10508482547229160142
                  0.11410010417276617023
                 -0.30050265284699695378
                 -0.34273290456032579065
                  0.22761581372375114252
                 -0.32701407645142888114
                  0.08781650376266487978
                 -0.34519053242982289387
                  0.22822689593371733863
                 -0.12524515524677451439
                 -0.14948363815100132457
                  0.01475948708624568936
                 -0.01206880676425738444
                  0.18315914431149390995
                 -0.04456868908090570042
                 -0.29184011749330940333
                  0.16343308239664161574
                 -0.05143939798564461929
                 -0.07703378650696877938
                 -0.23339255749695839159
                  0.18435692429831834760
                  0.17604526521365393421
                 -0.19164441533538872919
                 -0.05392134497139179639
                 -0.18778182864432030330
                  0.00264837260493773746
                  0.32011495674150086677
                 -0.29981758115215084715
                 -0.31851398339511255431
                 -0.26522401333532685808
                 -0.18338513174197260125
                 -0.26562567087673716326
                  0.15414193437037759793
                  0.28102453734616456016
                 -0.17153643863241901935
                  0.20130837534968029634
                 -0.12406580497893304749
                  0.19490344462648226398
                 -0.44896895715556062179
                  0.29036960907548803323
                  0.26039017710888068269
                  0.23229434747141955442
                 -0.01234677505769464848
                 -0.36096337247523280212
                  0.23454654065323693457
                 -0.00874795808567262537
                  0.12318435266536560679
                 -0.00415573978389447048
                  0.07543975446065384616
                  0.22872196707052377951
                  0.20209900930839869160
                 -0.37255778583858478736
                 -0.56816257374474354869
                  0.05261584585239655054
                  0.23641920100561611418
                  0.32368892528307147138
                 -0.11089925533073108355
                 -0.31585940670042045308
                 -0.14674304394387213679
                 -0.09809637609357164945
                 -0.22388675735955060331
                 -0.31745789110163108449
                 -0.02145840577463985557
                  0.14700015741588240425
                 -0.29301650264119116773
                 -0.17458516650533018044
                  0.21356393520978764200
                 -0.42833343106894450347
                 -0.22090867380654033436
                  0.08775618239083358973
                  0.26666023741534183866
                 -0.25401642093327880811
                 -0.07401187488987491514
                  0.11599404511853925182
                  0.13541557234320000802
                 -0.25094916425229873980
                  0.03106828895545345193
                 -0.10594714375628115632
                  0.14269134252517004513
                  0.02894034915059140456
                 -0.13924205827158159243
                 -0.27293876106204256748
                 -0.03941175764691016992
                 -0.29238231008609710804
                 -0.13562745308568094349
                 -0.15693061151849632684
                 -0.22535621174576392356
                  0.02960651857091817565
                  0.48429367039309001441
                 -0.37865098417198600478
                 -0.42221527257053581561
                 -0.11786103037781769931
                 -0.27289259293371009862
                 -0.14990015666383632587
                  0.18008686195130832464
                 -0.08371408986189590729
                  0.10052412632526690206
                 -0.59467571958880116600
                  0.14509054407388852215
                 -0.36091800705304855068
                  0.00835094053314258331
                 -0.24299030427490267425
                  0.19226690704354665318
                  0.20403881828201786419
                  0.23135502439500621463
                 -0.15193519602591490369
                 -0.27410202489170581996
                  0.11084152086651852254
                  0.27430048509063070794
                 -0.46602600428099438812
                  0.10300410901374647266
                 -0.22582991975587513034
                  0.34232762278740752615
                  0.04684567864999060471
                  0.37014050261800546249
                 -0.31842283895956419171
                 -0.20549388805062243635
                  0.35523091438340387294
                  0.06365696034670463577
                  0.23422289963035142213
                 -0.17502807600438352598
                 -0.08797783110728546463
                  0.06507508382194905627
                 -0.32748224033499373498
                 -0.18199041949681341035
                  0.27672706559872595200
                  0.16556401933699785300
                 -0.72539087518637812568
                 -0.24825728814479819384
                 -0.26955717251985400473
                  0.01821808827240051915
                  0.12255806811604620654
                 -0.09626093539732509530
                 -0.06328775251569419835
                 -0.25988491929637269617
                 -0.20143496453640402644
                  0.30504303627367068685
                  0.18067185870776164558
                 -0.01244618356592630537
                  0.18682105982174995740
                  0.09406919976831724928
                 -0.04205750184090106120
                 -0.26275420571736368691
                  0.09981412147181971395
                 -0.03418491642494177890
                  0.30657696802804063063
                  0.17059221931157747543
                 -0.56267601326890215319
                  0.00704815790725652098
                 -0.06557815042738343592
                  0.38697323613157630362
                 -0.11350548563209454656
                  0.11768756884191355905
                  0.34076261056930334803
                 -0.02114610198892735715
                 -0.01125826203776084458
                  0.45307997413034645229
                 -0.10448348515302020856
                  0.18544368405169675551
                 -0.20198470292478712396
                 -0.00340276732954559622
                  0.33492118488878719340
                 -0.44687439827609093390
                 -0.50539475176529169431
                 -0.42356226726595580523
                  0.21104088624224581761
                  0.38660832595365968167
                  0.05324131648928508154
                  0.02342631804620871200
                 -0.30321453744376047901
                 -0.19489756007153724582
                 -0.23886064748814531122
                 -0.12918191602168066501
                 -0.15913893702695705579
                 -0.26378256239737485345
                  0.15311839019137019058
                  0.79494107815635040026
                 -0.22739870072530765643
                 -0.01566544854406244636
                  0.33802927418260375614
                 -0.14962906155834337918
                 -0.42575724101332734772
                 -0.02275668082801305184
                 -0.09109279291837862891
                 -0.01869092457381589176
                  0.03252083048400778581
                  0.32728817332013931951
                 -0.08485688260779783443
                 -0.18168468402566342879
                  0.02959081058650830584
                  0.06937650972814939088
                  0.08368290815762548240
                 -0.24635641024199492199
                 -0.48268586783913969285
                  0.12072455547386823360
                 -0.08058237762111200575
                  0.37121705711359809232
                  0.15889123443986261086
                 -0.12202452933917608269
                  0.10639420026221915738
                  0.00536930855856825734
                 -0.10782722859533398763
                 -0.43102430873691838231
                 -0.10550257948780109030
                  0.01741371480095038962
                  0.22111212174943489783
                 -0.65467907636251310155
                  0.05226422851561611516
                 -0.13743342985260420530
                  0.11166816007139358791
                 -0.19090052853375880093
                 -0.10146631106232291419
                 -0.22017618862485457965
                  0.21198611205807796343
                  0.13344061423768652230
                  0.29712051014663726223
                  0.25498800875232419116
                  0.15722230350835508794
                  0.01897138217003794397
                  0.09121193208108242800
                 -0.32620225629495941400
                  0.03014551064081568560
                 -0.18992401311817069809
                 -0.31629968877239378333
                  0.20027820594450726488
                 -0.19813805515978472060
                 -0.12705039881380739142
                  0.20744042971746703974
                  0.11619665120728663033
                 -0.34697097730721282449
                 -0.27307892752181006646
                  0.35408515492598269248
                 -0.02453025230617763425
                  0.05169167291451971097
                  0.20858174204051838085
                 -0.02816680521858230812
                  0.27161706015414432969
                  0.10886641150084244711
                  0.06506594937850937455
                  0.19782265297822743122
                  0.22678361805630292691
                 -0.17208848485560931940
                 -0.31054337625839967263
                 -0.03442916831898229502
                 -0.13389272652280237441
                  0.07594650095362458220
                  0.01775846648734258348
                 -0.15418184917902719167
                 -0.32142563427393250342
                  0.13011840593099988084
                 -0.25160090517528704845
                 -0.15263589032049812433
                 -0.40045314368745699163
                 -0.26392711262488693924
                  0.31554109012877246121
                 -0.05451432204528423864
                 -0.20548955569310026203
                  0.14726070483715178461
                  0.37648080289068974746
                  0.24545234581835734256
                 -0.20575055609851050642
                 -0.15082828766027137068
                  0.13820510302914815193
                  0.29703203167883263092
                  0.04685054186579019897
                 -0.02310425606287916378
                  0.12381743676879573834
                  0.09268243469318181160
                  0.16816082743492516416
                 -0.23273949459431081399
                 -0.07603926699433069536
                  0.18808202632035253554
                  0.28970572472706579426
                 -0.21786690157547641822
                  0.34724441047252946335
                  0.46642060879391461503
                 -0.37014903860448367112
                  0.39590576406737520987
                 -0.03895933719227118175
                  0.01221240810735761684
                  0.01452119469692205248
                  0.04332328856033369757
                 -0.36491849594127589995
                 -0.05348681159742234292
                 -0.09549089202401529752
                  0.09478690274656900727
                 -0.22602289189665225599
                  0.13527058709706399342
                  0.11692907564468413284
                 -0.49269749704989790340
                 -0.34890153303367293924
                 -0.17571468474153259520
                  0.53011708919424604947
                  0.36748082796012804252
                  0.05166364084645150984
                 -0.07825728510315294040
                 -0.27842011347293771362
                  0.25164168673369791129
                  0.08605799081359449820
                  0.64851243966330940349
                 -0.36755939427751210813
                 -0.11065229200520862451
                 -0.08842966619549749718
                  0.36025099661276138718
                 -0.04305444212042282282
                 -0.08629083787879032741
                 -0.05236855028667391360
                  0.34066509972967429221
                 -0.01999268894018698534
                  0.01001009020881232087
                  0.09884539616377016613
                  0.10385598408731001874
                  0.12622512303590993632
                  0.29870414011241097629
                 -0.10284106980809906706
                  0.04651330600354443290
                 -0.17294135338846464145
                  0.16766416673630182843
                  0.03530808507310152083
                  0.18675414145581920033
                 -0.36734871731434998177
                 -0.08563600194362323836
                 -0.18761853495826871785
                 -0.30897768668492309185
                  0.40759176287157883323
                  0.19452945231135276849
                  0.21338211694927131101
                 -0.21542237462636631973
                 -0.39390469107005815497
                 -0.07657961254988525368
                  0.34926159145916757520
                  0.37308783968561348710
                 -0.19896022730674123302
                 -0.00381145628960251554
                 -0.04549850636180093055
                 -0.36306927017960211046
                 -0.31134815592874071077
                  0.31616698670426662821
                  0.06391929120062957159
                 -0.27635770891028349494
                 -0.43774503651498442025
                  0.36659511244724296564
                  0.34480551359536132372
                 -0.12326344295275200313
                 -0.08148653085578747013
                 -0.28693723776384510993
                  0.28961819531292731789
                 -0.45502496615075421760
                  0.28004953211244743017
                  0.15169061447782680729
                 -0.05843900906551757757
                 -0.07337292091114806791
                  0.11229323649106087712
                  0.17662158068735933636
                  0.45614504124153271158
                  0.03848530120342531086
                  0.25864029056495596581
                  0.00427399634716913585
                  0.06267392653140929637
                  0.00431075757827742954
                 -0.08904685250312427414
                  0.26339118423095203569
                 -0.05313385231582386931
                 -0.31961634134509375738
                  0.13423814961521890465
                 -0.16503815022992912587
                 -0.20194361250399003871
                  0.23878248739405413814
                 -0.13372326494427483334
                 -0.28168409400070365534
                 -0.04973018747422816577
                  0.38522004182766117486
                 -0.14033008887660919362
                  0.30553306014807551927
                 -0.14252351202484844772
                  0.02148136421898110687
                  0.02146684157072282356
                 -0.10608505547798847968
                 -0.37377669415117170670
                 -0.03383105246861768667
                 -0.03739309361146588712
                  0.41749605626282165760
                 -0.13166520162269365612
                 -0.12947792603977467674
                 -0.15602880075435390794
                  0.51415341102842737619
                 -0.10366163448837807659
                  0.30717966015824960113
                 -0.23929553895380303863
                 -0.33235510731336637136
                  0.31318287566712177394
                 -0.18323300987947371832
                  0.16823510109005054836
                  0.32642498802891162235
                  0.32110732459229679447
                 -0.26741977254126714225
                  0.23026347793042759027
                  0.20263904293387291489
                  0.21999707836946374995
                  0.03827350784483823931
                  0.27453378284245388841
                 -0.36543131512435184094
                 -0.46988925998717034904
                  0.31228153163120675462
                  0.19040948799884654941
                 -0.27444125136397740095
                 -0.36973466775594115985
                  0.13510845453820824469
                  0.26145833955221814415
                 -0.14246156196667211780
                  0.00066246408120830720
                  0.15638309868878300102
                 -0.07847668854144350392
                 -0.10449692623017205195
                 -0.22249974071488226590
                 -0.02827609677325908927
                  0.17710137769648026662
                  0.19839314110656652845
                 -0.17147118236962854976
                  0.41854139248882732405
                  0.30013905938009877161
                  0.20374970956654706034
                 -0.18190347695624087265
                 -0.36911246050164331356
                 -0.15649089478754096838
                  0.16604637416512318948
                  0.03067606380146180312
                 -0.22343358270205099236
                  0.58315506493055291326
                  0.08896072752801906236
                  0.65571834706631804135
                  0.33278126833858567846
                 -0.08221205185855967601
                  0.00292256807206792016
                 -0.06528791194336859560
                  0.34398641511378230673
                  0.15567273986944210606
                 -0.10821534814199049168
                  0.36925803956028874220
                  0.31900382455139292270
                  0.37759897165179379108
                 -0.16623008671127681435
                 -0.16977687461593185536
                 -0.28908673137860974034
                 -0.52810793117547516484
                 -0.24013395795977998670
                 -0.05694461401905653170
                  0.02405650298045163005
                  0.11612614397155583690
                 -0.42813102526557406113
                  0.43397855735146906309
                 -0.17521274077723064666
                 -0.16929104583841692033
                 -0.26980879878266544880
                 -0.10994865213937833615
                 -0.12647332797546023686
                 -0.15049291822018096010
                  0.16590782237441287217
                 -0.20606802013377611971
                 -0.06649651466665990052
                 -0.04822044706157567473
                 -0.19897665733420080714
                  0.05889516420096914395
                  0.17757527805688316791
                 -0.10755807822252809458
                 -0.12893060021577176788
                 -0.12309919025432969342
                 -0.18041194678934208140
                 -0.64631855105453384081
                 -0.04180728403829396533
                  0.04941729836841397133
                 -0.10905212825528075304
                 -0.02640125251189823913
                 -0.10672748841229456884
                 -0.40887783632980195803
                 -0.41251455641279521913
                 -0.44933033381893755509
                  0.10995279484676037662
                  0.74254470746586886953
                  0.38961902600553993681
                 -0.26366429502708266241
                 -0.27232097347949640875
                  0.21891515384461057714
                 -0.14791307400291162089
                  0.20787702000220642518
                 -0.13340111761145229119
                 -0.15142225763806846373
                 -0.44042560381560297289
                 -0.03800461991703955184
                  0.52779130952518105158
                  0.07109702922740514242
                  0.06719237551249132578
                 -0.15254848830687578465
                 -0.32341660260887522549
                  0.04287056901456880870
                  0.00401730767965206501
                  0.12312200953302815387
                 -0.45691602436716044489
                  0.14575623100339876737
                 -0.26881695224282953216
                  0.34395169620599608251
                  0.03712119335784933027
                 -0.12090805173165311559
                 -0.01624993872197858305
                  0.08774928819184173168
                  0.10344733428571624423
                 -0.09057678148078855684
                 -0.09848369187722251505
                 -0.09945725587891611486
                 -0.25511685321347454813
                  0.05159403047031774908
                 -0.11475808799855655162
                  0.03685679923090039861
                  0.10406588755896975518
                 -0.14679452655819119622
                 -0.00497855777835167282
                  0.50369443833667026933
                 -0.16300677968310314792
                  0.25406293949522773534
                 -0.44871940685404981819
                  0.00255191706592737110
                 -0.23042766635596562130
                  0.16700615961878556570
                 -0.28379045198659230698
                 -0.19893934353316550245
                  0.14505923067783707547
                 -0.30123756812685548168
                  0.09707054324162667225
                 -0.04411790443720126076
                  0.36725038708809898402
                  0.39548112420102293774
                  0.06240363093529047167
                  0.16345220168715340892
                  0.08090289449588436432
                  0.04070050599220101373
                  0.25596118862655337090
                  0.17187158796260415539
                  0.38847978669545291108
                  0.00039640934905318091
                 -0.39828794372917780686
                  0.29609889768431729706
                 -0.34885878566312328308
                  0.27566500418544226392
                  0.07229830396287892369
                 -0.39891630909468572819
                 -0.31414625177029226188
                 -0.09399376867950542946
                 -0.45181746885571016925
                 -0.15961951631431534060
                 -0.03029045872660035554
                  0.63296756557935396348
                 -0.25111722429362776099
                  0.01494395535332165847
                 -0.42998388729381187279
                 -0.20440270214643432856
                 -0.01781619778200467866
                 -0.08287171124901600294
                  0.06995295842638694916
                  0.08732260403970577844
                  0.09346992901737370685
                 -0.05343591809890777672
                  0.41006517093885319625
                  0.17601055996068745713
                  0.00254431134952178353
                 -0.03372732456369910425
                  0.14194611472655749296
                  0.29312239528849831638
                 -0.26483965206863435693
                  0.48568257387519103707
                  0.09290830875959635304
                  0.02137351421999999709
                  0.44023488117076026160
                  0.34376997014268023678
                 -0.21647477174859827698
                 -0.44553393889606668354
                 -0.05546180452113351478
                  0.28270318019700146905
                  0.23603384850002828710
                 -0.11557931753115305296
                  0.02146540058697503014
                  0.10561015196892617474
                  0.22069047944851974408
                  0.07227202754959935471
                  0.02084369741607460663
                  0.06702462038923698295
                 -0.04015501770247956181
                 -0.19330266805651361017
                 -0.07091888000503124290
                  0.37440793613179645938
                 -0.08478050810360454603
                 -0.35105770923344686851
                 -0.12772213132618659426
                 -0.05615853400040089760
                  0.34661661968710766324
                 -0.80478376803003137674
                  0.49784965091995742048
                  0.12103122217869571875
                  0.19424744295964457841
                 -0.23933871212391208405
                  0.01592468345375344652
                 -0.13202580405947214603
                  0.24237608517453712587
                 -0.04936243635072905950
                  0.14072249317839910510
                  0.02382653129349240201
                  0.33398561264256287906
                  0.26181551817777026780
                  0.23019892076983949902
                  0.09476202730442646882
                 -0.23350130138578162331
                 -0.20451834642005092824
                 -0.21729777445533468572
                  0.03468590393627058593
                 -0.09568738553512591560
                 -0.40963271721437138906
                  0.24221750135423622541
                  0.37505300528745166844
                  0.17202785362873351804
                  0.03918938173990457047
                 -0.07678619598445414474
                 -0.42134229856434990413
                 -0.28645680242093302104
                  0.05006275342109872684
                  0.04265151452728646597
                 -0.35445811021591144829
                 -0.29400855298732431198
                  0.36964661052783392980
                 -0.48849485633526251727
                  0.08482403119013803838
                 -0.06657612194469236799
                  0.34215533621885013682
                 -0.26662878787118687862
                 -0.31009268658118166462
                 -0.13786448336978074369
                  0.36378965416924374798
                  0.13405393627567591119
                 -0.00621757857618969630
                  0.09683543811956352165
                 -0.18079359411577355932
                  0.07032860303489449350
                 -0.28079437451075478505
                 -0.15971861083285679439
                 -0.29967142795735707272
                  0.21672254055214004720
                 -0.23710782953189801781
                 -0.33088606663118169671
                 -0.01238017348033884808
                  0.21991575557929210483
                  0.25040695748667257670
                  0.32311567416571179701
                 -0.05960068552678729481
                 -0.37675348287809368175
                 -0.41812093622880402988
                  0.29943418704123481167
                 -0.08182213676173316630
                 -0.15811492954147937651
                 -0.06242816183331811181
                  0.17132594713864257585
                 -0.01293096690730627558
                 -0.20378057039643643344
                 -0.18665222183015450774
                  0.32051667176680059823
                  0.30813023444963288933
                 -0.45350875350523800478
                  0.12016638278777826143
                 -0.27068669545417467504
                  0.35902792353226692379
                 -0.10333723488425748671
                  0.06822202939573859815
                  0.23452255704864152785
                 -0.46702764653621797741
                 -0.09102190783937225138
                  0.17452977726853916018
                 -0.17720880055540172426
                 -0.03722190854361791951
                 -0.27543443186450627946
                 -0.21354101954781504191
                 -0.10754444583011465997
                  0.21333806671990013237
                  0.12265791943644199780
                  0.70265326532073812960
                 -0.04750514760996488867
                  0.13507930625833325378
                 -0.44203317576758133223
                  0.14401643303896011217
                  0.11876011147985693350
                 -0.36141592545730660824
                  0.12010838303106918801
                 -0.07838752054645051204
                  0.14287309899611957964
                 -0.17770440724556343937
                 -0.01734433404672466872
                  0.08933180428365654346
                  0.33425019431176550277
                  0.06477426843133811396
                 -0.38871560188936493674
                 -0.34080652601303013105
                  0.24213839430034619915
                  0.35737855696338471923
                 -0.06849119261580186024
                  0.33167338611453739405
                  0.13121870207364830230
                 -0.00532167025751198106
                  0.07803433567565994100
                  0.37600602330905757986
                  0.17929802342735567944
                  0.32626413041216151267
                  0.00651187113584049924
                  0.13256144849629475369
                 -0.11808218668895847925
                 -0.46428314665860187516
                  0.00264686330606432900
                  0.36139838099149201867
                 -0.12475995384546355316
                  0.28444669940074468473
                  0.10953433088547620544
                  0.49366603156804983454
                 -0.32227094087833679792
                  0.44569754757956342450
                 -0.19649441681930815418
                  0.22016424214928220771
                  0.27037575233150384912
                 -0.17425067612552480600
                  0.30462820604818929837
                 -0.31817326090888459200
                  0.18243817935465994617
                 -0.19936835719740994555
                 -0.03348394257893969050
                  0.79368298472556941814
                  0.10073522675152571382
                 -0.13421072643297288218
                 -0.29159290503633655822
                  0.05235912757935265449
                 -0.01962493610989201470
                 -0.00771570395781874530
                 -0.61367231294635071759
                 -0.17696774585173202787
                  0.03853746747617202428
                 -0.11152520195864221164
                  0.11927957588792133248
                  0.01650320665189683109
                 -0.08729599097977362721
                 -0.32537088016516207967
                  0.22812446387799020786
                  0.63211477716811204086
                  0.18581445014199388099
                 -0.26543784122923375079
                 -0.15672138807730370824
                 -0.26365391801130394489
                  0.05478379709854747093
                  0.07686116096919370921
                 -0.25973406441623508867
                  0.39236635455499968561
                  0.25963110415990620083
                  0.03951916249095253214
                  0.07325283214490858896
                 -0.05529616289915989524
                 -0.18081269651294595846
                  0.28734881532152040107
                  0.04968327273706782399
                  0.03892191847684322442
                 -0.14141911129939363501
                 -0.18758033890466258020
                  0.13657466347601490697
                  0.28173809739091221216
                  0.24801115021888509027
                  0.34659710291516082625
                  0.17303526011145689556
                  0.00491237032402690437
                  0.21217581038973667984
                 -0.12151455738606951884
                 -0.15127079756040659464
                  0.19240562377437575581
                  0.34330044184360092308
                 -0.08482252796998758504
                  0.07004388939578878870
                 -0.13685070862993786722
                 -0.28523355396459387778
                  0.19758017830770480128
                  0.11178047048154242382
                  0.12908314531472364628
                  0.33671683213800374102
                  0.34868718987552405064
                  0.21472405477813494290
                  0.16910907274591310823
                 -0.39699586129442521187
                  0.26313141300781289766
                 -0.38424491039027275363
                  0.24277180948549106909
                 -0.27988553607481653218
                 -0.19582934111614339057
                 -0.10338946370453810930
                  0.14712652028966810569
                 -0.26327466197280796623
                 -0.26407255737512252969
                 -0.29906966322281380855
                  0.09222848183280855927
                  0.17171703693584122741
                  0.21731340493482506626
                 -0.10507737047093645977
                  0.11174463594435374292
                  0.37403383127367068051
                 -0.30813522940073051481
                  0.02563480948943050453
                 -0.01024793841151834181
                 -0.00205081555506839847
                  0.04582357487963078374
                  0.37592411578838330621
                 -0.37153245429730602511
                 -0.15987283430454032884
                 -0.03821554890936906812
                  0.08583481260483703801
                  0.09622620966027703449
                  0.12282473176134570125
                 -0.35430457791975134008
                 -0.09708936394382981783
                  0.08595899516985325284
                  0.24150524098317965871
                 -0.01236024302542930095
                 -0.02156776470487033540
                  0.40015302184187984125
                  0.16596781695910781118
                 -0.01531761100172347040
                  0.00834627943159471294
                  0.01011975343304157178
                  0.16657833038847530416
                 -0.13669999375477678849
                  0.43380623070018481391
                 -0.04706540443729854278
                 -0.05741697623226669350
                 -0.42571903230560759201
                 -0.33334532932351407242
                 -0.02331757496244525607
                 -0.00762694114153828796
                  0.00379479335429379339
                 -0.17629422118966669997
                  0.08876472055349997337
                  0.24374477843471498151
                  0.20756564777348973649
                  0.15656447420086802569
                  0.01547671116317347190
                  0.41360985155945106939
                 -0.27738183361503548907
                 -0.28949462774005269017
                 -0.24161557220244839206
                 -0.01293855224194637860
                  0.66909910959082796733
                 -0.15794517187498594013
                 -0.30484989216079977359
                 -0.39690452498696215944
                  0.41903073407987895260
                  0.14184864174748756938
                 -0.48812846463715420242
                 -0.15706516341883694499
                  0.03711252660841575512
                 -0.03126930682094435088
                 -0.32677757013848007794
                  0.17529656179445729514
                  0.12307863636059465651
                 -0.26536601437555246141
                 -0.68020083413602305811
                  0.20160495033925371344
                 -0.21942789123172698473
                 -0.24760172987927006605
                 -0.21783994368465750546
                 -0.10078436592949298334
                  0.14385506781751400407
                  0.01939000554539215687
                  0.02996169337323172782
                 -0.02092244331096424978
                 -0.01413896983487038239
                 -0.17654584743433374139
                  0.18737675503426065582
                 -0.26688403980717217978
                 -0.11883981545858009199
                  0.02384774779134494344
                  0.14863225645767697003
                 -0.08368311664053164345
                 -0.38336853723941222150
                 -0.02306053692225715906
                  0.13090585692713008203
                  0.40152024515762840817
                  0.29196482837213516559
                  0.17068100574924000012
                 -0.02464462402441385327
                  0.25695699626212170630
                  0.18063871758201316409
                 -0.02750463440980406918
                  0.34591927255856697032
                 -0.07394663738385731655
                 -0.19843630152393154642
                  0.31388635476677534397
                 -0.11830245546538148416
                 -0.28518193674972830420
                  0.03573091983049629661
                  0.10860673535491903452
                  0.21378005624540502572
                 -0.14668656366450008588
                  0.26654894295588160702
                  0.02375340590976708979
                 -0.03449392358054796659
                  0.05818594419664498835
                  0.13309877825409074936
                 -0.27730888071897907832
                 -0.16658741236018734244
                  0.11651682556881563790
                 -0.20445830842497875190
                  0.08973340974525331748
                 -0.38444924541338582058
                  0.05601866203298545149
                 -0.19192096361506408297
                 -0.15135872289585683426
                 -0.09441400549181633295
                 -0.26720523332147555484
                 -0.23966211814093899002
                 -0.19564592203655553626
                 -0.01168747063840399475
                  0.07446270260032528121
                 -0.06120272687629271791
                 -0.33198632297974500771
                 -0.31802428931462406458
                  0.29950019136356975658
                 -0.26149964565663669225
                 -0.12595306821970939093
                 -0.39794049225574396056
                 -0.32283133719640333403
                 -0.26723821054239949024
                 -0.42665122187161125256
                  0.25895914723484075859
                 -0.02454772604536681682
                 -0.09745061370233298881
                 -0.00046846563476072439
                  0.01773393495511822737
                  0.30288103687738887615
                  0.02214343086934690563
                 -0.08225723210033565602
                 -0.31669766620758316167
                  0.19592045057016416187
                  0.22821932166883257542
                 -0.02810460878002132498
                 -0.00437525396928424831
                 -0.34458798591211836637
                 -0.41244045718770855347
                 -0.19559922161832640763
                  0.12708732212860895938
                 -0.00499445899046992679
                  0.01040599791506027424
                 -0.12373994471084720503
                  0.25448619078850798214
                 -0.26587519739026721499
                  0.31358602884581771031
                 -0.14876694197033044076
                  0.17791831942442001835
                  0.06867021412075377529
                  0.32120960058851488750
                 -0.09963261809922271950
                  0.04631224615248001608
                  0.05795297663035229446
                 -0.05751811535034492134
                 -0.21301845643963157606
                 -0.02681031460822639115
                 -0.18532626576580954469
                 -0.01824280874979933992
                 -0.48541107008005318635
                  0.05377252352431691890
                 -0.18386074919394884697
                 -0.19921373256639407501
                  0.05092287671220918632
                  0.26132410223647045688
                  0.04923201277074460563
                  0.21386910688429228156
                  0.20734938421362777983
                 -0.10042753450870343934
                 -0.14885506896680153477
                 -0.39173037796536208655
                  0.57002207134604432337
                 -0.13030779985378912467
                  0.08410752708472198080
                 -0.18509934387801310618
                 -0.21898741397665466568
                 -0.10327722944929554338
                 -0.26058770756360793985
                 -0.46541671640295456669
                 -0.14318914100064381034
                  0.06202064348453601578
                  0.02646526041070980384
                 -0.47240789178964032180
                  0.25761000331977573774
                 -0.45014079206271784273
                  0.00193359774442209038
                 -0.14475219704322589420
                  0.05298895805490538846
                 -0.13043221904915458520
                  0.00038144248624850594
                 -0.53345298498433624257
                 -0.00933271622400353405
                 -0.04266599042282093190
                 -0.35645522575600757653
                 -0.09971583408494992529
                  0.18606319501974843966
                  0.08310228215299748922
                 -0.09019390062357542093
                 -0.55551963975947016294
                 -0.13136177317874264681
                  0.20576140643055182422
                  0.18066511096810977666
                  0.03016035105232666574
                  0.11735326488825760516
                  0.40560431485076414715
                  0.08101261868565583224
                  0.36115379101066419354
                  0.03613438219216551922
                 -0.20712319957491731603
                 -0.20122265125194394031
                  0.23547027586671426258
                  0.12509315046441457642
                 -0.04442908901080780404
                  0.34877288679535090044
                 -0.12435564724551796678
                  0.05997903170523379013
                 -0.04478179953549672049
                 -0.16437732974783872408
                  0.01755538612943305030
                  0.41903267023798407287
                 -0.40664462466982398414
                 -0.05985719451310581030
                 -0.11966396718693406154
                  0.15076792429823568376
                  0.62346467003625505310
                  0.66311280604337152766
                  0.27236570460387443671
                 -0.48050331323459694044
                 -0.11874749715861368515
                  0.14202575579727322319
                  0.18872523060081544677
                 -0.13744241759071670894
                 -0.01150567902721088415
                 -0.38153492976459718600
                  0.15608751059670197825
                  0.33746872233529695562
                 -0.01859617339755708504
                 -0.02279722334138278503
                  0.35664390370165133248
                  0.02279526860409339384
                  0.84118880230616732696
                 -0.41455554168610908583
                 -0.08992098744230409002
                 -0.74185009577875860032
                  0.20383952020855941600
                 -0.59526577514638001620
                 -0.19025232834456035080
                 -0.10781501569242150917
                 -0.33650924249377467401
                 -0.27014112112773097651
                  0.10601502858503060456
                 -0.48447455971315928069
                  0.02866708926918880990
                 -0.03859863525716016736
                  0.23352212637255045924
                  0.30210553875501561238
                  0.15473995201392931609
                  0.11490401410114296776
                 -0.44516156412977436752
                 -0.11578733427883705631
                 -0.44325192215500591741
                 -0.06091530147233552989
                 -0.18467700395153566206
                 -0.07544379631523558116
                 -0.07775003741462757634
                  0.09764085046463971684
                  0.33461873102284567238
                 -0.27718734032984337912
                  0.28243212685938928752
                 -0.29942340529579192232
                  0.46795118570811800041
                  0.29029882917922839036
                  0.06844190430971049122
                 -0.70121568297808445358
                 -0.33918134419747031361
                 -0.07513181811677727140
                 -0.25947815489910264208
                  0.14128266912947332057
                 -0.19304102131399861197
                  0.31978414967807244906
                 -0.01340773697466020840
                 -0.00654295331040727693
                  0.01806859450347012702
                  0.21556843583229923222
                 -0.07650746946020434147
                 -0.00090122489984055879
                  0.28472304123408176402
                 -0.14206836240496492629
                 -0.10916633510462618595
                  0.17356521952590620028
                 -0.35105343470624744695
                 -0.42219242089411745944
                 -0.09783845761446385847
                  0.13257458107808339776
                  0.03281837967801490979
                  0.10342410457039794003
                 -0.58406085083773295885
                 -0.02185446132409193248
                  0.19996450613824043319
                  0.25146550695229352712
                 -0.04916374568230842679
                 -0.40444824659899103469
                  0.40946067028139898625
                  0.09435764417899013268
                 -0.11639536539999646714
                 -0.40083685727415074851
                 -0.08184394862362995293
                  0.29668284470106670581
                 -0.06720058694370295571
                 -0.21934907925278410157
                  0.42912192761512840677
                 -0.20998127273724065400
                  0.35870939573938959155
                 -0.04698119385245711627
                 -0.06034156841051474540
                 -0.19816948608815521116
                  0.26074988485111061376
                 -0.37054822814643101347
                  0.00957617244443904198
                  0.13373469551382868858
                  0.47659652709117944491
                  0.19908821416527205939
                 -0.05619290145711302448
                  0.03466240965769488980
                  0.46994007778550606069
                  0.09130660213465582875
                 -0.28108701914071670958
                 -0.27441007738663319993
                 -0.00048088449179081207
                  0.05609435025096087823
                  0.16474974314650761564
                  0.17095785849626085606
                 -0.23867384708211092370
                  0.08348571749815345000
                 -0.19208137615636050599
                  0.05012567062519562161
                  0.22434901456238276474
                 -0.22098880988028823946
                  0.02960559930316826807
                  0.21579280852796822732
                  0.12795347972542536752
                 -0.64640490342176204486
                  0.37949924129976253528
                 -0.21110836203271216016
                 -0.18666437782987455041
                  0.53308491727154339035
                 -0.22217459738734424146
                  0.02918134265346031958
                  0.04226030248316958032
                 -0.06892979163278839527
                  0.09167511367751289553
                 -0.11100563188666333347
                 -0.04847076050426544352
                 -0.13300487244127595643
                  0.22561900679170041051
                 -0.45613640926242482454
                  0.16799645775254509750
                  0.25116546270840384159
                  0.03304953289400878319
                  0.20212180453676639735
                  0.08708472037132383714
                  0.03537657587572245327
                 -0.10763232237462497243
                  0.05668153954179226683
                  0.06158837899165865715
                  0.28227392323461197865
                  0.23429405651640061725
                 -0.27192772002314241631
                 -0.01091999545924753415
                  0.11143717397056045193
                 -0.14854484196810338603
                  0.46578593624561870357
                 -0.11381726558991717146
                  0.35566343269338190902
                  0.03788678857880405093
                  0.12854044995613228553
                 -0.09330945631594764200
                 -0.14860986697463046680
                 -0.07962138460111993499
                  0.38247727772735362617
                 -0.15642275937072105951
                  0.59886841921242250919
                 -0.27999753003134059126
                  0.29574032660120047611
                 -0.05047431641109506595
                 -0.19957673364461125942
                  0.18241240900748931231
                 -0.23104687892836553442
                  0.33831518345890421173
                 -0.05110497302162980010
                 -0.83993806672503390498
                  0.09774905122473696861
                 -0.07437832571377747670
                 -0.40835078313434364228
                 -0.29775667613734080330
                 -0.09916296052468150102
                  0.45965334887552306009
                 -0.11306389915906135679
                  0.21725819278537014667
                 -0.37688681535933055144
                  0.11207380231498308143
                 -0.19705944340027556350
                 -0.06835814737437780064
                 -0.05311434386982754469
                  0.04512733103854571493
                 -0.20866944348295773937
                  0.07756185437387633219
                 -0.03774504013646059336
                  0.08398115849237307307
                  0.35630608611838360256
                  0.45596337832654643130
                 -0.31704973130903746359
                 -0.29233880243076937333
                  0.07344061609657046019
                  0.37829021784768129821
                  0.04735207233847052444
                  0.33736047389620199555
                  0.11948184741839204537
                 -0.36499450402273270200
                 -0.02673189787147144114
                  0.19485319176885554371
                 -0.11249911467465982529
                  0.29468913923638440089
                 -0.04840605416557107465
                  0.24556367310585519581
                 -0.00751650057126317453
                  0.31859232708686213709
                 -0.15400327847517830682
                  0.20207338522476919751
                 -0.10050889940762949837
                 -0.18854564571206552936
                 -0.05610943644688817789
                 -0.06842062124521335054
                 -0.16928707379194579685
                 -0.06216583447456495298
                 -0.20031298742173364591
                 -0.47823254734187409243
                 -0.09958116559003075963
                 -0.10216294489461680284
                  0.12725814023046863599
                  0.04751436761693960537
                  0.16347685968782896260
                  0.24741138320431974029
                  0.10163499314339569102
                 -0.09538376857739297443
                 -0.12321041026454142286
                  0.26778658925309645200
                  0.30266031156237532818
                 -0.20699923885475243757
                 -0.08463125524234350883
                  0.69312054149453705687
                 -0.06848750682392586164
                  0.14214839643317983553
                 -0.06967063693555657078
                  0.15378997518187947913
                 -0.24083062425228257686
                  0.17777191628943839197
                  0.38756790721082795548
                  0.03437441132558649581
                  0.21622046575879474983
                  0.10335699943283117863
                 -0.27945868039028481933
                  0.27925933260989110885
                 -0.11954233672208494643
                 -0.51811138379988974645
                  0.16682689948321841045
                  0.09996338608488120059
                 -0.13496169658855830531
                 -0.09504125718554590208
                 -0.51742270888856956024
                 -0.59337168587208666271
                  0.01228554362995297120
                  0.00605632050184568872
                 -0.02555028653877548447
                  0.01988161578009825514
                  0.01654126992999458562
                 -0.06504688122251926774
                 -0.51221155794291151064
                 -0.31678386930082963469
                  0.00811283161903803875
                  0.23104061241920492709
                  0.21965295369756535071
                  0.05743895830002917341
                  0.22517730736805427472
                  0.12692528074176442909
                  0.26515481435114857112
                 -0.48520497061213840873
                  0.03680309078708407511
                  0.41567522740891793553
                 -0.35146089257052492982
                 -0.14088030939842624556
                  0.19774345028048503914
                 -0.10066963220519056788
                  0.26343489387067497987
                  0.15290864474812315699
                 -0.44161722474872766586
                 -0.09152528273897342359
                  0.02218254169376722429
                 -0.73699636630377352020
                  0.05574275278941443618
                 -0.29830888469293509457
                  0.35512462282942747205
                 -0.36795382509752910805
                  0.06788041867434926879
                  0.17942964874120070906
                  0.29886226618287514700
                 -0.25136050590111103098
                 -0.07680851074850206239
                  0.01658438319191863838
                  0.31948521453218547972
                  0.14340772356625194894
                 -0.19714560763042171532
                  0.21544262699616364976
                 -0.02982399953595800401
                 -0.01088569804162086568
                  0.09523109561587295158
                 -0.25089572922387703979
                  0.23522399569968810429
                 -0.11563535025732712969
                  0.06026505629827515198
                 -0.14147622138022103444
                 -0.41079579268566174255
                 -0.16440794701350563978
                 -0.36550432669710658518
                  0.35440505336542915682
                 -0.49228241956416374236
                  0.20625382737721933979
                 -0.08345152415282768021
                 -0.22814784673747912080
                 -0.23271824664179585618
                  0.03327170195261505009
                  0.20884508089837641731
                 -0.09735285428303970534
                  0.10140022882891822076
                 -0.04918006616027717492
                 -0.20209048891938069525
                  0.44188940655988262485
                 -0.28949845909432092572
                  0.58536392479082510754
                  0.07885180063576940901
                 -0.19773244400869374737
                 -0.15126813243338374515
                 -0.62260868130167013046
                 -0.02638002110271960715
                 -0.02997480896005237996
                 -0.39031331441032318663
                 -0.39796594334610091437
                 -0.22359618831226088509
                  0.22256201638621492256
                  0.23579709341625132435
                 -0.06843827561273072013
                  0.34049001144452156753
                 -0.34511873292357375664
                 -0.41829864502244529234
                  0.18130622005865290602
                  0.20262021690130618823
                 -0.36093437234501735134
                  0.27455972492254748785
                  0.10480367054717915076
                 -0.35425940009624301563
                 -0.07412073307247674103
                 -0.68115614501526156044
                  0.23464880940000534815
                  0.20808285542650040156
                 -0.09327082781199508288
                  0.33088297842875885602
                  0.56111538297491136973
                  0.07967457394655803882
                 -0.29889835750858079200
                 -0.20414009472954849911
                 -0.06880025992683681813
                  0.20023318276140070204
                  0.05402699044711096327
                  0.27365099258023206641
                 -0.05268680553022997426
                  0.10062811182261066634
                 -0.12175040805141801314
                 -0.19120950823437793398
                 -0.48306996353148096146
                 -0.15656115621194260923
                 -0.12727820332637254652
                  0.08100551045578970044
                  0.49069733182356756185
                 -0.11094208569489617811
                 -0.47216235140786128044
                  0.20157446876071810626
                 -0.31791088487593677225
                  0.15171248078773269530
                  0.04941919331857632519
                 -0.47574295370493618895
                 -0.11709377282836583301
                  0.20263205646640150559
                  0.00118724519388162773
                  0.19262197138438014177
                  0.08120457471557775142
                  0.24165372922121997057
                 -0.10930933800537133427
                 -0.15865314148888146062
                 -0.47069401431982754724
                  0.15166065097852271526
                 -0.04605035882505581490
                  0.34499400966069626584
                 -0.40424495129331733390
                 -0.06648714665388519296
                  0.34101923346586560104
                  0.23074024541831827939
                  0.07278338534041983721
                  0.17134112099439791077
                  0.00436418176693510740
                 -0.36726565603389477177
                 -0.07639376602449454712
                  0.08126328774704638658
                  0.01977774799843222756
                  0.21107019880290872615
                 -0.02150826244882896379
                  0.12714391490342466517
                  0.89844512539858389921
                  0.12992482005198441319
                 -0.31332162438412847205
                 -0.63050793464947063605
                  0.65887312125824970543
                  0.15353412207906036446
                  0.78532736427954208391
                 -0.20750909968727146437
                 -0.41635788255920891388
                 -0.47174906489150275624
                 -1.09320133837173427693
                  0.38423281062144132303
                 -0.14910157840323240430
                  0.48031201499804848654
                 -0.01332102151679992810
                  0.16543463366954377913
                 -0.46771826597743426657
                  1.19133276180954861267
                 -0.15542744834819580135
                 -0.23174831457703815030
                 -0.94345806966439571539
                  0.06545603422727939991
                 -0.00196868847819143059
                 -0.07134644023397784807
                 -0.62018349010801909760
                  0.38652883323377418279
                  0.02754350409400422792
                  0.73616541532757362454
                 -0.01104655493541614047
                  0.25295610087046282999
                 -0.22728642395738124504
                  0.22308140012321772683
                 -0.03075499691850560463
                  0.28466226401997191120
                  0.01573155712076934956
                  0.60504252706031491638
                 -0.00875871070603909292
                  0.29566844449198481648
                 -1.20858549998584297036
                 -0.53503218099391813833
                  0.02512875190884249904
                 -0.00705579841978951940
                 -0.34863666609461452239
                  0.17628316214878916868
                  0.13433249833258428807
                 -0.07139389987446005670
                  0.04004040754137951075
                 -0.35795058426935189022
                 -0.08531205974094491218
                 -0.13131798400115851644
                  0.30660159284509574951
                 -0.21331459280567088843
                  0.28608928731578520122
                  0.17398098793344260460
                  0.23024344139962274469
                 -0.04860282046523330124
                  0.06930345672325398387
                 -0.07928469166111232203
                  0.41056164701404607165
                 -0.16663532680299009137
                 -0.33893892557498755957
                 -0.26218324717627511378
                 -0.04822431910950658596
                  0.09873067749745086108
                 -0.23810985743055618213
                  0.38865495972294050731
                  0.19034153479185408897
                  0.08358678679116486598
                  0.17642756178722945881
                  0.03062379975018113265
                  0.45492159730688425112
                  0.10993473472281781178
                  0.33518439718439835273
                 -0.38579271413361571064
                 -0.04666275680758224381
                  0.19423977011643361879
                  0.08042674229062851676
                 -0.26123637974011348906
                  0.28126540072547762117
                 -0.11818110876222853722
                  0.02114103217117822495
                 -0.06287729609452344381
                  0.16459152237600774282
                  0.05597937108601715173
                  0.05595300486656551442
                  0.11588859555407829416
                 -0.27144635707958014725
                 -0.37509160492332799253
                  0.06609562430277413081
                  0.02744393871399281731
                 -0.05816883792208381310
                  0.50084629460353002894
                  0.05332059512040093763
                 -0.55780412262206535701
                  0.07932304571269195581
                  0.16755994696483683670
                 -0.31146363990064790395
                 -0.37383135138186840418
                 -0.02660116447213760338
                 -0.42018976568974564234
                 -0.04898303658831329455
                  0.22167680526695945908
                 -0.53632190279587466097
                 -0.35493977967402917661
                 -0.22971595245576736932
                 -0.09788542943805980667
                  0.27500954889448114837
                  0.17688636598702656144
                  0.09612672303949358621
                 -0.26066725811021906889
                  0.09597652081864954665
                  0.45426598019381031479
                  0.10774453007906586999
                 -0.38402066509849647202
                 -0.06369379343808143079
                 -0.04434422960506238798
                  0.33855365293736783272
                  0.27507731058351975184
                 -0.31592254021593968449
                  0.41686689401762505591
                  0.17824504264992371838
                  0.28082439348781951249
                  0.10552149220132864271
                 -0.36861364190725265377
                  0.00029319137741146920
                  0.04502188298522852294
                  0.20002687180986802873
                 -0.04949311133480771563
                 -0.31066176820136914838
                  0.01359885798029128456
                  0.28426320894877432632
                  0.87968406758516437538
                  0.12406987295839744245
                 -0.41419607849264228339
                  0.21672222485299255657
                  0.26306163916040048445
                 -0.11670270657836569195
                  0.17875352064982802380
                 -0.10416114318783972759
                  0.16302717405824529440
                 -0.51118460404565257971
                 -0.09695620292484034841
                 -0.28012588881672578767
                 -0.06108666675306281824
                 -0.36248314909381434967
                  0.10120687783571309659
                 -0.09364069549670590853
                  0.16923764550379666316
                 -0.03596883351869235163
                 -0.22256278153271288889
                  0.01340186089081907804
                  0.00017396087371968419
                 -0.09945106669877196159
                  0.23912794191550973411
                 -0.19560163280037978772
                 -0.34510113112902107702
                  0.08861064836689630519
                  0.38348712034402876458
                  0.15501607885838078471
                  0.35151472825869001237
                 -0.21390728424935037677
                  0.13555920893160033902
                  0.00421705020311905106
                  0.30602849739771575965
                  0.03090290722356501749
                  0.24654729107889367112
                 -0.53162578335416055264
                  0.07023516272200683308
                  0.26431304901933588836
                 -0.07693687408770114033
                  0.05728816312950466005
                  0.10960214423754914559
                  0.06178416527582795970
                 -0.04353244303139282984
                  0.56025574816869028183
                  0.19707791199879093336
                  0.37305533601297607982
                 -0.17093736534232692459
                  0.06955924548447654787
                 -0.19170445244684342079
                  0.24337950600555391389
                 -0.05628829554775970079
                 -0.19533138663995838757
                 -0.40475200576711456435
                  0.09876667099087742263
                  0.46262545443025071545
                 -0.23993882399844052022
                  0.09741539727946074700
                  0.32681648921733624791
                  0.01778147698894916307
                  0.12210069096852452231
                  0.28309282880392483417
                 -0.17283437237215240612
                  0.03734648584148900219
                  0.09274577160600624981
                 -0.12065139664683087461
                  0.47887353118849917966
                  0.56582769388498588281
                  0.00988733408373474419
                  0.35619164467926511808
                 -0.23876414603787757263
                  0.37566799714234794250
                 -0.04430181202012153929
                 -0.09137606322504773781
                  0.17805258400627327342
                  0.20736881658919198435
                 -0.14611636941066802331
                  0.05185537996745513689
                  0.40356178079114618518
                 -0.25137957228286278433
                 -0.18833542661684077313
                 -0.15020597134224358826
                  0.20934379674417916140
                  0.06883741143684166119
                 -0.21298000189663648940
                  0.06128076607697606482
                 -0.14697617112613980961
                 -0.06219890396780680675
                  0.59602828641435334767
                  0.22922878441625582635
                  0.24826624611807121545
                  0.15328865471373942508
                 -0.20087312511247906732
                  0.05384897569263093209
                  0.07675368953963872254
                  0.03325094713563837151
                 -0.33929188571811480513
                 -0.42550542282145531470
                  0.45522615047091702367
                 -0.33436592036670714778
                  0.52144395824304345943
                 -0.50645279011386035162
                 -0.39219429953501816488
                 -0.46074624952381781906
                 -0.26053741874079600072
                 -0.08123600709974011791
                 -0.26033991519999982733
                 -0.01820769949227734816
                  0.00479389491166075637
                 -0.13421256369468495540
                  0.10756120551126827078
                  0.12985383991323118380
                 -0.37835156594046698286
                  0.41828281449540150039
                  0.14216942238240604102
                 -0.23866419652349460390
                  0.50255470556682613203
                 -0.16017966531331082058
                 -0.17138267173115021014
                 -0.02684063211238369231
                 -0.10122482348757545767
                  0.03431529716404387031
                 -0.19602579884539086952
                 -0.12042441164515647889
                 -0.15641525075687226498
                  0.40233223136799495245
                 -0.20693840406137906096
                 -0.16081280365078384764
                  0.06424608846097845660
                  0.41943242638830602331
                  0.44798716349306605400
                  0.26002715182781593883
                  0.07125332903444214772
                  0.09389733749801054685
                  0.27192442638963937318
                 -0.28118125601235066657
                  0.05343525885996906755
                 -0.16916059006168529533
                  0.02069070386105585982
                  0.34139087770084397544
                  0.07468255242839239028
                 -0.29589840941685452425
                  0.45242003228370425427
                  0.03732709836686046861
                  0.06232598214104851514
                 -0.10065661124807122329
                 -0.04083429352636565313
                 -0.13117250785681311420
                 -0.19847157005757354309
                  0.12782957557290494655
                  0.05350955014261040560
                 -0.07483231971700636531
                  0.01719881848968388832
                 -0.20551202012663208341
                  0.13306780755113850612
                 -0.14030693511706993082
                 -0.21473177696132597636
                  0.48140358677053374237
                 -0.73731948396269975099
                  0.30122436495802634715
                 -0.11562922930132625565
                  0.06857502980650269364
                 -0.13845234138412834679
                 -0.18211435583843704755
                 -0.22203719003227193052
                  0.11522537001971751291
                  0.07872190234573726852
                 -0.07402514468655328750
                 -0.24622957119171492990
                 -0.02854971582017391124
                 -0.22616383104102347201
                 -0.06121637980834016002
                  0.07787699456449741209
                 -0.32340654962072079570
                  0.06659098286221022678
                 -0.44358878786681543716
                 -0.27086278924396411938
                  0.21638783144335227426
                 -0.22399667285727759003
                  0.37852025257833965544
                 -0.36012422290353174326
                 -0.33033433408576240442
                 -0.31019740813643098543
                  0.04932996682239358666
                  0.20920918281155773122
                 -0.15650221351974621942
                 -0.15658770922353734689
                  0.07639351483909023743
                 -0.34744123251128355978
                  0.39039146691282267110
                  0.04316222414429858600
                  0.03534621434478992658
                  0.02617609012422689868
                 -0.17610432979913467899
                  0.08100835793425746612
                  0.18812065392791474383
                  0.19746042455011353356
                  0.06763131383741066704
                  0.05875249814185134339
                 -0.38593543395792295758
                  0.27818687122525670441
                  0.11194553370753064503
                 -0.06384011788612209415
                 -0.52427045807772643116
                 -0.10290318752028335125
                 -0.29506457607237829288
                 -0.42676115780996742854
                  0.39913144862555405279
                 -0.11146602569850026787
                  0.24184634076951985748
                 -0.04530955845482866062
                  0.27264240844636467020
                 -0.00908198088580350685
                 -0.09424865405294814702
                 -0.13698204057971377634
                  0.14271046508070894809
                  0.11252164491422241011
                 -0.05453467691225689223
                  0.21511708614664248884
                 -0.21090500864857852914
                 -0.07088875989868723138
                 -0.03555130886129624634
                 -0.16995197459263330919
                  0.51184668875733696503
                 -0.29893917485754656349
                 -0.32774008082144906462
                 -0.06030018785596854419
                 -0.15522074661859269762
                 -0.17393307774942992627
                 -0.11464701883353027589
                  0.23431530502323563714
                 -0.18192954686876836035
                 -0.19112716330602091963
                  0.25544209519610638903
                 -0.38945816127115390204
                 -0.47890507171249130369
                  0.25565690843452104630
                 -0.26044682734197804885
                 -0.15867172975926316369
                  0.06038364843035880919
                  0.18970632578603854879
                 -0.54873195059048107680
                 -0.46767601806572084433
                 -0.38719088895863129629
                 -0.04035789461246630516
                 -0.07490925880366311462
                  0.00921755549495683821
                  0.37800927285269103617
                 -0.25974617044499959118
                 -0.28886585337038006571
                 -0.24448266247896305314
                 -0.17831104655489635191
                 -0.36768466928020893114
                 -0.06816071950839372451
                 -0.24752766600367234751
                 -0.23453586393436445801
                  0.31252428153486039308
                  0.07358234976711310049
                 -0.49734324938953827777
                  0.03662018175155713762
                 -0.27560307252437771242
                  0.01903131754738156961
                  0.43777832174036002133
                  0.16259590528124173714
                 -0.07452811987570973074
                 -0.14866597876923759447
                  0.21134868269457274259
                  0.26197285613557230732
                 -0.10102880509185803437
                  0.15756574251830299249
                  0.11634094037084420636
                 -0.03662572801309635362
                  0.05361766235164171918
                 -0.07137813625557412611
                  0.46065898831998758345
                 -0.03458325995658166618
                 -0.34538192862148936468
                 -0.67004338101477067813
                 -0.12897952758443251287
                 -0.11302687799461090534
                  0.14201232117998080495
                  0.41160088954226720093
                  0.12768309483111270342
                 -0.12491891930172764613
                 -0.04597981183984623660
                  0.29257613194415682534
                 -0.10142966336954577222
                 -0.29748471366078216294
                 -0.29460952213926949739
                 -0.27555461983391510428
                  0.22789605284430339283
                  0.12841137856047896149
                  0.16692545453738277805
                  0.28078304937679171571
                 -0.13517170659597710358
                 -0.18337483570530388466
                 -0.26782135427252218296
                  0.12474287368980033208
                 -0.09981914987466969369
                 -0.41509657807310029742
                 -0.04776294933070528159
                  0.24294890633804130942
                  0.11581167492745285397
                 -0.06745118076178946431
                  0.13284584711449434757
                 -0.10396569042273308414
                 -0.40043722233353812312
                 -0.05267243453835021572
                 -0.00936230240657416266
                  0.00147191786467724788
                  0.12201283945673853382
                  0.15238459988266989109
                  0.28967966451366722325
                  0.05794254108621822719
                  0.21876210338520499232
                 -0.22928680955813168785
                 -0.63793284670653904733
                  0.38655116974327446977
                  0.01367082572966658686
                  0.06456318720529427568
                  0.32948893930162465038
                 -0.05303425016037810469
                 -0.12927120048557297349
                 -0.35571741433122106013
                  0.57702360033523314442
                 -0.09920918718665866498
                  0.69613123834564705206
                 -0.15809591271895639952
                 -0.21409664758572638510
                  0.03758283289014517636
                 -0.60229462407597189610
                  0.51462209427405924966
                 -0.15238226235892840532
                  0.00296894757597996814
                 -0.08068094122300212279
                 -0.05721788532796973081
                 -0.31610821548005268999
                  0.52528625541373330510
                 -0.47403611727671890463
                 -0.36434531446380363784
                 -0.16840556232582329366
                  0.62476538381328450278
                 -0.06081210064918128599
                 -0.11159690310195222174
                  0.34238123212880866575
                  0.24701788935115165380
                  0.34778911750359481347
                  0.33545783167120912793
                 -0.21786376638349513879
                  0.03593441332072055960
                 -0.43172390500707125138
                  0.14697651662815597318
                  0.35995529405440812587
                  0.20777543052766780929
                  0.16774894235818027521
                  0.07698773376963925774
                  0.14235086523569320804
                  0.79889932205347335969
                 -0.74582773902607557570
                  0.03162520556935877192
                 -0.59894621405507408873
                  0.00048604673734529199
                  0.01856676157060661164
                  0.07770989248518202219
                  0.23265784820749499384
                  0.34954875014517533538
                  0.08351006716083146653
                 -0.37304841433527585748
                 -0.02768381750045044443
                  0.06469101046427021273
                 -0.36640908013337136762
                 -0.13150671660212512326
                 -0.18476876447873727405
                  0.27303402782905028534
                  0.14967784513543533342
                 -0.37929877816083951148
                  0.04413026854154247086
                  0.34016883161996441798
                 -0.04150184129255151538
                  0.26609836084914900711
                  0.33885998342579565223
                 -0.03126052841122529263
                 -0.11045370171126604741
                 -0.25406629282954618088
                 -0.16407778279081222661
                  0.19336579679045412528
                  0.19714061845408631379
                  0.27770460072492220149
                  0.13218827383551184917
                  0.02808656520154206165
                 -0.20116156378172023178
                 -0.06637066938928985749
                  0.19318923417311223423
                 -0.35068916823490720036
                  0.20182760030351157288
                 -0.14593444746159559000
                  0.10126267941843362930
                  0.22528207104795411331
                  0.31831374802969947257
                  0.09400180866211590991
                 -0.22422734731822260845
                 -0.00006851954316333103
                 -0.15156080715432357353
                 -0.27956352982737125989
                 -0.33048943827517834881
                  0.02202692996095414329
                 -0.40172903523154940286
                 -0.02287232290210585925
                 -0.28712191235452799720
                  0.08292173222903627405
                 -0.00514970421951989679
                  0.17144812447400092914
                  0.16159974812137428701
                  0.31489827419505045381
                 -0.05220540803883146064
                  0.15587260693524684907
                 -0.33259464254109072368
                  0.10029010242831559729
                  0.46991968064990713438
                 -0.09484636828056451641
                 -0.00448332083301893926
                 -0.08911037173912685072
                  0.19073764087262515265
                 -0.24439890228244920412
                  0.01767800135288124380
                  0.23684180836254711822
                 -0.29662027044738603632
                 -0.45881190332264654153
                 -0.24939708130108351192
                  0.02208938130875869044
                 -0.26373350865844796820
                 -0.01429442897872120095
                 -0.26079720673092915417
                 -0.01385029226200799879
                  0.04650503890460640916
                  0.03466337814136452589
                  0.02976001399433811020
                 -0.10183550804249931476
                 -0.17307533611217931768
                  0.30826199068067788867
                  0.28273937023923412237
                 -0.10469984150476663309
                 -0.04909007234636929284
                 -0.15609060547065783942
                  0.03455070112895355927
                  0.23033478620753378152
                  0.24188081683866516358
                 -0.02530221457467521015
                  0.30359389880980919285
                  0.37283966187831613093
                 -0.07719992608576900506
                  0.40780380550264033745
                  0.10763528409051809076
                 -0.25674704924535424189
                  0.23513628047772963670
                 -0.24439015723019044679
                 -0.29191713097336741134
                 -0.23615236541387829572
                 -0.09206416863206418055
                 -0.22771481511110425178
                  0.00337089383931150509
                  0.42899015191043465833
                  0.01809406377758337320
                  0.06369381597292976538
                 -0.10349023875161213193
                  0.29436246040849362027
                 -0.21994749790498796527
                  0.04894557403704710014
                 -0.19990979247254875295
                  0.08793854852262633637
                  0.29066465806108071623
                 -0.31375207194389626020
                  0.14219673732193885418
                  0.14392002139484616485
                  0.06329686956754311533
                 -0.04450438513285886327
                  0.28329644620436833513
                 -0.34522047853587256583
                  0.00269663125274770613
                 -0.00155901022436584838
                  0.13290433352612343598
                  0.50535107443945348482
                  0.33112175136896238037
                 -0.16244553937268599308
                  0.10553561201629338417
                  0.22352959303915040379
                  0.11779500621451131914
                 -0.11186238364256707867
                  0.23328984899535895603
                 -0.00384064235838906670
                  0.21337247403720180361
                  0.12888635623283464793
                 -0.19431500898201947702
                  0.35253180860754940174
                  0.16422622465977201878
                 -0.20346590606273798341
                 -0.06528048881165712802
                  0.08543284905469175627
                 -0.06817544611809230048
                  0.18762195386393529239
                 -0.20045172878951877937
                  0.11684021964597197940
                  0.43245384464000896640
                  0.18703325079674229525
                  0.02287593357063525887
                  0.07032348116292336249
                  0.01963700175639116266
                 -0.36484400035616504354
                 -0.30951889227564099993
                 -0.39652708910282929988
                 -0.36477274147625876610
                 -0.07363182992342608146
                 -0.40807849615087643524
                  0.35888933845453591109
                 -0.24229888116498879413
                  0.20077309094223849684
                  0.02624258209672033007
                  0.08336300448743606817
                  0.27825746002707218985
                 -0.31455956205869767262
                 -0.24875930334370904840
                 -0.17969417348836277948
                 -0.06507504632350383234
                  0.10710635814323446469
                 -0.21571227600491041376
                 -0.25419637799328737016
                 -0.13261035773503035418
                  0.23349686393374813331
                 -0.32947780830010015007
                  0.27865258516116309107
                  0.06401234123859994574
                  0.31152745218468852473
                  0.00720546979846899832
                 -0.11542457127655522675
                 -0.15127523803947837133
                  0.28517728889455795649
                  0.29582689395653138931
                  0.39506726040361461738
                  0.10769192680836392473
                 -0.00212321138708567933
                  0.15203917766455285476
                  0.20011612744957091303
                 -0.17537636430000050347
                 -0.12870328590340174291
                  0.24429984041287575169
                  0.16240308143338777480
                  0.12176068329319944539
                 -0.25697039460004378331
                 -0.05919669844544847570
                  0.05897962118118319635
                  0.39090435048711652533
                  0.15712534984799064741
                  0.38879242118452655985
                  0.11022421006719763936
                 -0.11918920122788319305
                 -0.30601147524416250079
                  0.03303560295796630075
                 -0.24685070126429259352
                  0.27366002908038478125
                 -0.16200246520974678766
                 -0.15649941259989341713
                  0.26134234319768606669
                  0.39570665123316106637
                  0.22249794417535248559
                  0.31610806368774158059
                  0.19414932985159688572
                  0.30464443532561408245
                 -0.35446000326325971530
                 -0.17038918345532841347
                  0.28343152212835898140
                  0.43083121373581845237
                 -0.14011545482044537869
                  0.26891428978981973819
                  0.19060757813619136347
                 -0.22752944925759163719
                 -0.02289909962519814240
                  0.33479907206403591857
                 -0.29171300036374947506
                  0.17744789559382703747
                 -0.18517019376285870358
                  0.41874652752201202421
                 -0.08139005282271606634
                 -0.07072239719740129604
                  0.09147782872311475966
                  0.08289486871719534133
                 -0.07850682622956935142
                 -0.23955759104252039027
                 -0.25933115792694572121
                  0.05712096302825039190
                  0.09802979013001654474
                  0.03796778883012616457
                 -0.10045935890969720505
                 -0.19472248799757899129
                  0.12847380951393364001
                 -0.24659767925035783187
                 -0.00078686375912033306
                  0.22538375831204790489
                  0.10297000107651771428
                  0.21739463710775475125
                 -0.20132061527431024950
                 -0.37565856455022678118
                 -0.52024812028758438132
                 -0.09641654439421103173
                 -0.12541634751323246788
                 -0.22992610520103656802
                 -0.17430804315511119751
                  0.12634486599160138498
                  0.34404327844795284941
                  0.30646133051652374446
                 -0.08423844733138687035
                 -0.30052676079554496713
                  0.08716119112833377314
                 -0.03063219850352241758
                 -0.14413370613986575819
                 -0.26516994576532659789
                 -0.23891058125238115450
                 -0.00309012499069693213
                  0.30168723743844172436
                 -0.13183722252657398277
                 -0.17000461370939212724
                  0.46999928995176698532
                 -0.38665334822283814464
                 -0.32336042985554558360
                  0.15819525116623206484
                  0.32390765837785145953
                 -0.21703765368367361477
                  0.31265486928575192405
                  0.52212988522246728262
                  0.15247160681536234272
                  0.25832008454216009996
                  0.24623953550324767514
                  0.11074918442160318344
                 -0.25006010536805878264
                  0.01806056485502237352
                 -0.15593150326109700421
                  0.10542864004631492814
                  0.33016741041562314152
                 -0.53139922922634419411
                 -0.11718888565850604788
                 -0.26019641602570614536
                  0.35267379746204707835
                  0.16984409880954912109
                  0.10093236849992906490
                 -0.29178359430415190534
                 -0.39545102206608678808
                  0.23716715891624901014
                 -0.03698976247671712653
                  0.13622487344976774715
                  0.39724341535671192638
                  0.42379238588014023215
                  0.06713712455540200852
                  0.18951668502062091193
                 -0.09446553079831149224
                 -0.09098002020428568037
                 -0.28581190022816094221
                  0.05218490459239744084
                  0.19445079369655571266
                  0.06384571491826879219
                 -0.06235999693647797243
                  0.20893746959529221896
                  0.59676944574125290188
                  0.14199717081544188657
                 -0.42406430257859800692
                  0.19003012357793730436
                  0.07572566004279578100
                 -0.01428961669404295309
                  0.26096021386698248223
                 -0.05350153314334597787
                 -0.24719930173036536170
                  0.30013825079883599267
                 -0.01883471675877010712
                 -0.23205353488771898740
                 -0.23772282570652211731
                 -0.00814332097118226732
                  0.04261631958359452660
                  0.01705215691095267327
                 -0.19651912994206591212
                 -0.15016881731466899530
                  0.05344218616586522697
                  0.04975217198026755244
                  0.28340104758847661781
                 -0.04818086896086316157
                  0.39464496086977934874
                  0.09052252930817260290
                  0.06850934395708982438
                 -0.17819285954220398516
                 -0.12774226167498475837
                 -0.35555339199377072879
                  0.24539203077679336285
                 -0.09647338241733291464
                  0.37921831650781495648
                 -0.09894935639454575937
                  0.34602329289564837111
                  0.08756427773961711347
                 -0.17538023151876347416
                 -0.13772452902444068390
                  0.15562550299154651046
                  0.24394811496145674123
                  0.18287380949524445484
                 -0.13827142389585861393
                 -0.24270808945432351122
                 -0.22771983956457303444
                 -0.05984392931822553330
                 -0.45114409896669371847
                 -0.06821867546757562351
                 -0.32647909158694998766
                  0.33677954051687758463
                 -0.13525680718202529040
                 -0.08195706990276035997
                  0.14820507781419162141
                 -0.01618198288291786829
                  0.22317402291995977470
                  1.16873255133744735623
                  0.73954284783622836752
                 -0.65904204073490191274
                  1.02575147764413721063
                  0.32767996179993230665
                  0.53534721651730821090
                 -1.33278239674636544976
                 -0.68376699435494492363
                  0.14948922648774606858
                  0.75402957775611711977
                  0.72797064094231789255
                 -0.69940931238683778925
                 -0.10830199982829426253
                 -0.53119839433085647151
                  0.83779106203795594698
                  0.91853104326312007277
                 -0.43056590041826175996
                 -1.08537616473689091379
                  0.19169407354401202248
                  0.58313473531409609762
                 -0.46054881236622369212
                  0.54151486221551248246
                  0.92338838559593405808
                  0.52087625935148262890
                  0.72505827262199062933
                 -0.59807534868054768040
                  0.61770913435507612821
                 -0.92297304867872131950
                 -0.37869440315577007627
                 -0.75334078538816817705
                 -0.44248852466601118483
                  0.88805689052129799244
                  1.69151343804700360351
                  0.46558078422333998292
                  0.90579623299830802630
                 -0.93797457226172875622
                  0.17898177667353765141
                  0.62451007442976669282
                  0.63598574113951056308
                  0.33611030395684116101
                 -0.81138373220490622728
                 -1.37368168073901530946
                 -0.05702085842853273079
                 -0.16234727481228375390
                  0.65757745846405635248
                  0.86060820019846884232
                  0.70795071849321211666
                  0.22086283452589952625
                 -0.99616912767715415367
