9	2	1
50	50	
1	3101
  2.4977010000000002	  1.2462420000000001	  2.4927980000000001	  0.1482145000000000	  0.2935940000000000	  2.4828999999999999	  1.2462420000000001	  2.4956784999999999	  7.7500000000000000	  1.5561353100000002
  0.0022990000000001	  1.2462420000000001	 -0.0072019999999999	  0.1482145000000000	  0.0009830000000000	 -0.0170999999999999	 -1.2462420000000001	  0.0043215000000001	 12.2500000000000000	  0.3779116600000000
                 -1.56087968423843381771
                  0.40634460284498846727
                 -0.63859568877067807158
                 -0.83826475087788210327
                 -1.09247711913764633529
                  1.05722687734063569565
                 -0.80920165269677690745
                  0.23892360029086182061
                  0.00081793898274053157
                  0.77670052469397454775
                 -0.10541368606883166903
                 -0.56415170215352916649
                  0.65929716462757936846
                 -0.52621904928937512924
                  0.93221353010523710925
                  0.14269727448168864625
                 -0.37679636542027639123
                 -2.62016282754651141929
                 -0.72546343519827671820
                  0.92003486072979634436
                 -0.50717448183675706286
                 -0.61850967638203036003
                  1.22819742121789188261
                  0.14328792361076744810
                  0.37918893980689671874
                  0.01258135781076377344
                 -0.68983853919822135659
                  0.02965860905969836675
                  0.50713934097795054790
                  1.26547114857612452710
                 -1.05864924104103641511
                 -1.32723384788674714230
                 -1.64255751014628903484
                  0.04172525334043816758
                  0.97302385059243201582
                  0.66950210897188411341
                  0.44895883710867190430
                 -0.26485479457907262768
                 -0.77170039226563547086
                  0.18852995049623569312
                  0.88425104438644330784
                  1.50630628038098945964
                  0.25686062224532746345
                 -0.60012970681392829864
                  0.14682593132628582455
                 -0.31948389084053835374
                 -0.51593659743807906981
                 -0.48151130201816016996
                 -0.02029778745623659481
                 -0.29098562058831173305
                  0.04964212816764629332
                 -0.83170102571533022218
                 -0.53054600101803950363
                  2.42149423406924313440
                 -0.10941586918270089501
                 -0.49052034883016287781
                  0.30979904299344085405
                  0.81261094491451202337
                 -1.06551804901098190470
                  0.73886081143560200513
                  0.70884504475208942598
                  0.29771577143387106812
                 -0.06230253130579553600
                  0.68911118484092015457
                  0.30454278965958780923
                 -0.31086999536036291625
                  0.64382271624676967736
                  0.73746424402115839936
                  0.55075605186763054721
                 -0.87078762505497531166
                  1.11838104511420133313
                  0.52085089126407613236
                 -0.76696457189516287212
                 -0.60975079857317571186
                 -0.51908161484221215787
                  0.98229211348827238925
                  0.27650123318369301817
                  0.82160546147859259136
                 -0.84266035439946662677
                 -0.94015338475396204032
                  0.05120709008228609832
                  0.70422043945727774705
                 -0.79316455999011903355
                 -0.26726304604984396640
                  0.63267047886554794722
                 -1.15262099542478924086
                  1.24668258445947266466
                 -0.00929383013869247883
                  0.43327852122507604093
                 -0.88483154426295673733
                  0.58924639148824120571
                 -1.10233420444993690523
                  0.80463520093836882197
                  0.90186521130883468000
                 -0.46545295926655499974
                  0.83230135643825353675
                 -0.56971940661786435456
                 -1.15236080807756691158
                 -0.23583969424986742092
                  0.93943344329117806080
                 -0.66499248116621512139
                 -1.37891000966200061306
                 -0.50779896476139707584
                  0.17531058904317325942
                 -1.25209585455064442705
                 -0.30960480426491432393
                  0.99811506999824761710
                  0.02716056547819396469
                  0.52295548262743996037
                  0.77221160589176629507
                 -0.43322274786061876206
                  0.00640730378987347873
                 -0.24280446176035444528
                 -0.28410361482181478721
                 -0.86623968566293008120
                 -0.39204364285119092104
                  0.14698335996086780986
                  0.10182416080224285237
                  0.97564103019172609965
                  0.38440466105371190464
                  0.39229365168174817891
                 -0.95493530002961968250
                 -0.37340345609687092265
                 -0.35121120389202770129
                  0.01325518281907604907
                  0.64426291755038656017
                  1.50045217798376029350
                 -0.45458307829695732138
                 -0.64627517045387306016
                  0.68670036652795618526
                 -0.47315244263104488942
                 -0.35638747275257748326
                  0.43008201946451496411
                  0.83395609750594756893
                 -0.18579832992654227164
                  0.82272496885284285284
                  0.40029822209642162978
                 -1.06388436224713167633
                  0.18570093225565625916
                  0.80583125308555547672
                  0.33031259348777314289
                 -0.32322135273698887614
                  0.56126459512839621535
                 -0.39406295121562451289
                  0.03024910507055537240
                 -0.14871308786603718022
                 -0.87592118260880202918
                 -0.26333303366896976261
                 -0.06563183520892633405
                  1.00734935759441257552
                 -0.33739707824814929582
                  0.32608929506038913937
                  0.20975409580298437495
                 -1.13633686612032236418
                 -0.58414532625010817668
                 -1.54075366725747930907
                 -1.36862936393993850359
                  0.38460441705148623592
                 -0.37649853239289532425
                 -0.94674081271135901439
                 -1.22014102220686160294
                 -0.13505476745431657659
                  0.03292453614858938810
                  0.19376136148705916384
                  0.73722453019092093474
                 -0.11520194803505562353
                  0.55327720671511226858
                 -1.03469540797768244644
                  0.78888559050879747403
                  1.07827548827655439467
                  0.31623271009482994964
                 -0.48121899831891384869
                  0.83824821498772950079
                  1.45808963206911701427
                 -0.08370836374632337207
                  0.34141615236927347343
                 -0.20718192382644770588
                 -0.83242831129577388172
                 -0.90457448972078002836
                  0.07226266022799490707
                  0.47358222014285428214
                 -0.80469331217266815148
                 -0.26139448672036719179
                  0.47180413987353747585
                  0.36448648212129935997
                 -0.76354918642009295127
                 -0.08332291238017197621
                 -1.11505414156210758136
                 -0.06477354536168564159
                  0.48972021675067889390
                 -0.26774396517112586391
                  1.01992839048601879881
                  0.17289911597930915366
                 -0.06255212318421929374
                 -0.65955698061345358063
                 -0.86455370494220840083
                 -1.29534723380738148180
                  0.19789163647519480982
                  0.61519822070596363872
                 -0.80511463397769744699
                 -1.00415959042839197934
                  0.36043394293804592587
                  0.79315067568237995754
                 -0.81814771113023898597
                  0.32959191967051737482
                  1.60737661444425405932
                 -0.02289054587018452686
                 -0.54075006403071657068
                 -0.00198679558704218306
                 -1.11672755988059946297
                  0.60127683009287369309
                  0.82100514835177573758
                 -0.88525897514568674396
                 -0.21259190808901487491
                 -0.90310531160214035928
                 -0.03445708139354665411
                  0.19707977056065112409
                  0.57789860307225293656
                  0.42096962335950938172
                  1.02164940367790624265
                  1.35061258103353143412
                  0.15562790161005224387
                  0.09503194896226159483
                 -1.74000354972540205445
                  0.02988278934060683775
                  1.15452447614694420075
                 -0.47068496622506122984
                 -1.14651494864907332882
                 -0.42502033315260046020
                  0.53169901202787939187
                 -1.18468896076706720066
                 -0.06079143499956779495
                  0.31516951536334203432
                 -0.26748866316251451725
                 -0.99537058331753724971
                  0.64604450020942627564
                 -0.72481426410545080063
                 -0.52772907137726199345
                 -0.62381678482869906688
                 -0.46239533024219442447
                  0.28381843105619652956
                 -0.98222431623577532989
                 -0.61119435292580659436
                 -0.81532792958361155478
                  0.75078303780282307223
                  0.39068088715528970223
                 -0.40924265769892664846
                 -0.53930037982682299535
                 -0.93487815906846472025
                 -0.90678740393163714817
                 -0.64104818460398160784
                  0.37027253115043401444
                  1.07247759845112877741
                  0.85437291968684803134
                  0.66854197188570740895
                 -0.89505096923028526490
                  0.95729632551446597333
                 -0.54069498547449790227
                  0.34264481807888991227
                  0.73152388205264606835
                 -0.05521299701282365857
                  1.13743023334141923897
                  0.28947262925131950206
                 -1.03775607486356413744
                 -0.12621911314978012664
                 -0.05457075652225131662
                 -0.31010070035039899450
                  0.71032029176523792113
                 -0.52406785080338647020
                  0.86364621777045658124
                 -1.69792853153811695854
                  0.50271260167064402147
                 -1.71059951627302497812
                 -0.10079905816334895630
                  0.77761081557209121851
                  0.76233412422108626227
                  0.46753845891929673995
                  1.25561074892588764307
                  0.00982975994442527798
                  0.24504054978394881892
                  0.88281614384192619305
                 -0.92709353267382910158
                 -0.34979138582498187082
                 -0.48000122895148705782
                  0.44250885894897390438
                  1.08256646402669987062
                  1.04304533062188076187
                  0.31356692739452984853
                 -0.33562527081124504669
                  0.31447904978912938345
                 -0.74387669279561519087
                 -0.59017168581110868164
                 -0.02702733496227600549
                 -1.71609763059205988611
                 -1.04030881470808744815
                  0.31566693761434899690
                 -0.41146308215392402019
                 -0.51587496751231398662
                  0.20754933725427066049
                 -0.70121502323329709672
                 -0.35343888322221150844
                  0.70538989364404469651
                  1.18306178182702903534
                 -0.57171521718489204389
                  0.58339936480708021183
                 -0.36429496056901133905
                  0.27673687494625470729
                  0.43793274242882174185
                  1.11884445296637591305
                 -0.12214913509439696837
                  0.75427198296272213174
                 -1.34797811222318997260
                  1.10476950672604323778
                  0.47960490957175067050
                 -0.12842872260203866408
                  0.42732829062822919042
                 -0.72558429240225252865
                  0.32563252212255777707
                 -0.40840423592290725496
                 -0.51132142509365841043
                 -0.94584665506943554902
                  0.72798279977115210038
                 -0.92122893947245865220
                  0.07002869605033806844
                 -1.25868219859713259545
                  0.08610554336324842406
                 -0.05940999954078410306
                 -0.23553208192335012283
                 -1.33929773948824193397
                 -0.50127059010477548195
                  0.54607591369797414682
                 -0.27955494330958791105
                  0.06803766818375346637
                 -0.02739764305197835148
                  0.96818339635709205204
                 -1.36410875896458372303
                 -0.37713711932642657310
                 -0.78487242936504320046
                  0.92819447620494477391
                  0.48968746907381444089
                 -0.19590522274287375248
                 -0.01984820681092004657
                 -0.95903639688970543364
                  0.50380176486933792024
                  0.67941476841187797842
                 -0.21662354706368694424
                  0.27202697942497594541
                 -0.50522540239072288859
                  0.00205480082339434692
                  0.01711119783161626010
                 -1.19874358165579031343
                 -1.07822369374313398183
                  0.79248814757865448932
                  0.13827829970692892547
                 -1.15263234526144997538
                 -0.02557595510383015025
                 -0.77510419299913169144
                  0.62768752235833524811
                  0.28924417978097938242
                  0.09225611085647923704
                 -1.24737937076099569822
                 -0.71598668902132767133
                  0.58279526789987734503
                  0.46205920362801550239
                  0.44638866165674001563
                  2.10113502056044731958
                  0.70131687679055154661
                 -0.15130818374214069499
                 -0.07279081397871710324
                 -0.29566204220485003962
                  0.46912833416499533090
                  0.67809441295757688639
                  1.40893687587221716484
                 -0.46754085226600655689
                 -0.32265868615284681864
                  0.35378560891739352368
                  0.73461380563445999314
                 -0.06008343601745613771
                 -0.11210456710391121515
                  1.07575356848680891986
                  0.27130874801409565755
                 -0.19543277938036771046
                  1.42531984836420622109
                  1.17291353619577676248
                  0.80010984982522659337
                 -0.64861432522881878882
                  0.04808889676648038514
                 -0.22367496205372414120
                 -0.83352606840205911709
                  1.83213324880616856838
                 -0.28638284404417124751
                  0.36738282808472350061
                 -0.67897943113994696507
                  0.19869042318738672215
                 -2.74736234948799218358
                 -0.00137322868358162034
                 -0.70309720012050191951
                 -0.22706868444480790559
                 -0.83800561928963579472
                  0.80327686971424583362
                 -0.14246663341310136786
                  0.38107639873391518925
                 -0.78772657530068934673
                 -0.84585779699507024354
                  0.20914806988214793004
                 -1.14097701008003071799
                 -0.41924352200129566537
                 -1.06453897305595734935
                 -1.09543893479285947556
                 -0.85353890978146951252
                 -0.50509856661010554824
                 -0.26397402295491589896
                  0.83907707117138707886
                  0.19580037980830866662
                 -0.53661231748613436032
                 -0.51861742162108692700
                 -0.52456472277376753333
                  1.26931453993630771748
                  1.46691083201745109399
                 -0.09201113026031133846
                 -0.00104889581003946627
                 -0.37699424828547789534
                  0.03358842549077311473
                 -0.53722495265757796989
                 -1.13345142365206186241
                  0.69241039465338294345
                 -0.29134135251302412106
                  0.38884070097875855776
                  1.07307144461704329075
                 -1.20406705346075559859
                  0.37030170409806451026
                  0.04472119667660265363
                 -0.58274737427132949907
                 -0.68350366284824903840
                  0.08625795352564014085
                 -0.41106739108995732357
                  1.40819867019110245288
                  0.72354753368468527341
                 -0.70618251404332998966
                  0.13546896453242171510
                  0.36088220463665304782
                  0.15364089105257905388
                 -0.64122920080240619622
                 -0.39526696423193152796
                  0.18149562372926666964
                 -0.93762486240956266492
                  0.44315297314991858313
                 -0.74682384885148112019
                  0.96890704701893470840
                 -2.39759551498092671196
                  0.28290433283106175555
                  0.34108900749427240040
                 -0.00743635971475235715
                 -0.57677201864412375176
                  0.29459160355154834221
                  0.26598986062810481279
                  0.13582446570832176769
                  0.00973474007047067831
                  0.12657462085841572619
                  0.15474642596787113735
                  0.00954905275188941416
                  0.10030379383020184003
                  0.10002753662388290390
                 -0.02274173427584187321
                  0.22071828513384444959
                  0.18524186691934099724
                 -0.02704252852167714563
                 -0.37006250651354039016
                  0.00239053143075884048
                  0.23194557907314281020
                  0.67242373696913582126
                  0.02698642885879872638
                 -0.39755707303602516589
                  0.35334079619693053997
                 -0.06472022567576506125
                  0.24829771696068184128
                  0.29581398958736343507
                  0.05524169563047875986
                 -0.44047106230624560874
                  0.04099376428015793355
                 -0.34057957853417597516
                 -0.46632873099508032055
                 -0.48075677872844368999
                 -0.47498909484121354385
                  0.36368110960302640899
                 -0.01355685583181599936
                  0.14627128977906550533
                  0.10636994442231563485
                 -0.14872660868349404928
                  0.18220921917300636483
                 -0.25025227819897638559
                 -0.09887810064044699754
                 -0.41519690706235212740
                 -0.05487398089732165724
                 -0.14900138365449697164
                 -0.12076496216197322997
                  0.03310805707336949427
                 -0.11801391825819035342
                  0.31148752095897952463
                 -0.18825265548671449300
                  0.29430022295314456349
                  0.21781224500443999159
                  0.02520622330607963021
                 -0.18141974901748142424
                 -0.27723294739988801894
                 -0.03473807066837618363
                 -0.06042389948030563868
                 -0.24750348577525710381
                 -0.00101870964786537378
                 -0.12295066892394898583
                  0.17834200271663386284
                  0.28737721221281581352
                  0.26899593265311194656
                 -0.32746603914880678676
                 -0.12168231716304518664
                 -0.24507085371809952945
                  0.14047953049355443866
                 -0.35832153157220997253
                  0.25350447230121592179
                 -0.10565096021403748427
                 -0.00134181013625894133
                 -0.10266384571303452389
                  0.05590272638722715293
                  0.09253983813328792163
                 -0.20186944181182880920
                  0.15911291747978539846
                 -0.14234421092786814222
                  0.25794325957039582198
                  0.05052665858182819880
                 -0.38262647313023495643
                  0.04818425800891477234
                 -0.20811522202848703467
                  0.14054376156233905348
                  0.10460933998688251578
                  0.14364927774988106579
                 -0.10565222597337650678
                  0.05305417958735374195
                 -0.44655563780377804939
                 -0.06519941618719109211
                  0.19083193790340580165
                 -0.38933866286458296280
                 -0.15103350125887038402
                 -0.34080689894336324564
                  0.53261167830425770742
                 -0.32175715308559027505
                  0.43842296612047837456
                  0.24067179150317002945
                 -0.28933551206947627499
                 -0.27342171618167354641
                 -0.29235248986319045672
                  0.21884265578980632849
                  0.56571177101444358737
                 -0.34250335598579839669
                  0.03987545627449758101
                 -0.30229437016593641019
                  0.77897109422948074275
                  0.23653757916540185668
                 -0.07717885148619045566
                  0.15349037189877101639
                 -0.98100556369269398260
                  0.43243068625684305539
                  0.09712095331994463621
                  0.13004175333322776087
                  0.08931586010285891275
                 -0.03367334916285982804
                 -0.73174287194843057325
                 -0.31291579453472212480
                  0.30597387197868047837
                 -0.32626242642716002385
                 -0.18361903652490563221
                 -0.15114368367210193056
                 -0.05732430642053412684
                 -0.02329122555634706784
                 -0.09761002808031467304
                 -0.09962384650925343310
                 -0.16559064639882861703
                 -0.77612613385698736579
                  0.22688441275901280458
                  0.15502738579701486055
                  0.21589837261712349625
                  0.17376564410057659948
                 -0.36460830573750391270
                 -0.41441752365906647793
                 -0.08252258331145255477
                  0.03812374118064455059
                 -0.01550830116219451341
                  0.12620225481004310186
                 -0.06620718556413962563
                 -0.32397648797722167213
                  0.45051089342613298561
                  0.01236974514723628710
                 -0.17692145778337911577
                  0.21511464644495995047
                 -0.37943808248151705831
                  0.28344492580688568362
                 -0.21361441575026587913
                  0.41686168746633828208
                  0.37982500906455957113
                 -0.18165607102802336370
                 -0.96180082435912894745
                  0.15172547040856568246
                  0.22849331142331402722
                  0.49737290748348245151
                  0.27852139963805888634
                  0.41469638892160071153
                 -0.58161748394658119299
                  0.16941470920973222825
                 -0.42518183121326186269
                 -0.07781186029741633814
                  0.43709980528898539909
                  0.32411900359436107699
                  0.28118538408422272257
                 -0.09008638078553471429
                 -0.02698249168756877009
                 -0.24073325380762952697
                  0.10675744243851041648
                 -0.41397902957543014635
                 -0.44015234223521038093
                 -0.09227815575152062411
                  0.11372454981843187205
                  0.03644143642199168531
                  0.12322299927292787447
                  0.07226457774335608153
                  0.24800458966126717741
                  0.00473046838358038083
                 -0.16869943360185954417
                  0.24488724759976052137
                 -0.14065982117115283234
                 -0.06532526958546983065
                  0.04630627355880197193
                 -0.10389571734232275202
                  0.11914055314010792153
                  0.07030489590657917898
                  0.02218998500429848059
                 -0.24023144722432820952
                  0.03317112146437749959
                 -0.37211533123353390806
                  0.05337950528332489203
                  0.20775142388546402605
                 -0.23354114760775607218
                 -0.08737550918638099795
                 -0.12648579399924336775
                  0.09509924835619323891
                 -0.14191114672964741383
                 -0.41745875073087190810
                 -0.00380523824969229013
                 -0.27954315298240334231
                 -0.54718830661844974905
                 -0.20770541457695579357
                  0.51389227917432134252
                 -0.25662949840361820586
                 -0.52104775782273071716
                 -0.16102509489689884048
                  0.34103836575853119228
                  0.12824946610735479813
                  0.07135342618239137735
                  0.01481828946238499325
                 -0.43843116553004124469
                  0.68414469443758418876
                 -0.06794235751895488784
                  0.37020110540058848159
                  1.82986697509949713947
                 -0.33154803871606058907
                 -0.04345362916563094008
                  0.49562494146779506599
                 -0.02987319741173068838
                  0.26105221796170113846
                  0.09925272965844877948
                 -0.11065547753259874497
                  0.62758714245393898423
                 -0.49249094555597200396
                  0.43761797012629605197
                 -0.62994754524663931772
                  0.21614802375336913953
                 -0.08252689643451784074
                 -0.11314807598265838595
                 -0.11664976297209198042
                 -0.01227325778141881603
                  0.23755102333847483154
                  0.03607125313519670556
                  0.58600909428428682446
                  0.03365650501595594812
                  0.57129778524333496570
                  0.40933250325114683976
                  0.18624997263488518584
                  0.16290847484301307357
                 -0.13521460697895781866
                  0.33732113134398455934
                 -0.03183292829804660468
                 -0.44876154312967381221
                  0.66208676985296710527
                  0.54661996170728555100
                  0.66236206355428284276
                  0.23232773731238529069
                 -0.16178448586206339854
                  0.44145431201817908473
                 -0.07974442421662614189
                 -0.42386063325751677233
                 -0.29336151797273735120
                 -0.26088284496355429454
                 -0.07697071848092812418
                  0.17691421108227217696
                 -0.44037059872738526511
                 -0.26804302665360990598
                  0.30887755591505805519
                 -0.37154671151319629274
                  0.11084652634842243057
                 -0.06745987517772603081
                 -0.24497500360263710362
                  0.48728245260025071506
                  0.30305073485848754711
                 -0.30610919628775340451
                  0.21604412350616353233
                  0.14346556274002328357
                 -0.40875041373833687075
                 -0.09540361636737412776
                  0.06832755093148913661
                 -0.64391940627932120478
                  0.05241172958054310382
                 -0.46049141885743216651
                  0.24772621132094468921
                 -0.40065178906651388591
                 -0.16351075748460527914
                  0.02113783215328424170
                  0.23489589386124351544
                 -0.36742520217956359252
                  0.37685028979433587981
                 -0.05445419202503005984
                 -0.03875623455857486049
                  0.24413312525746627690
                 -0.33906506877916153808
                  0.22823197964055227938
                 -0.11459119906579789960
                 -0.30224699282514549958
                 -0.40537711283773003590
                 -0.01367830392628038329
                 -0.67211549162659856016
                  0.07121910222921531974
                  0.06587768475529742762
                 -0.13458655785405859717
                 -0.10223288725606713423
                  0.34596897180147756501
                  0.48875029458178337327
                 -0.04110886830168448275
                 -0.11443405526878550060
                 -0.44995597745622328834
                 -0.30015764116987858623
                 -0.71278626342470841060
                 -0.21263048035163126248
                  0.06056046605123502347
                  0.19086970989311771718
                 -0.01490746352363929092
                 -0.13573728120819891774
                 -0.22537141906807151015
                 -0.34511321215005258400
                  0.04407890132478892165
                  0.16454778088759422494
                 -0.15482505049748795933
                 -0.00161736605682301924
                 -0.32468063811206482328
                  0.10332012500990363224
                 -0.01862111279108476236
                 -0.38618835754331237720
                  0.07719485861027132467
                  0.32955504153831588487
                  0.29710898663066576120
                  0.08438604124727945577
                  0.40302466841213324678
                  0.04478953828443446583
                  0.04735325249541784409
                 -0.10792996829649552371
                 -0.03865033606654474929
                 -0.10502465872010381676
                 -0.15703958552462107812
                  0.27738901436054624883
                  0.04718077781942135729
                  0.24554291379047624155
                  0.08373425526040972899
                 -0.03594743145356980862
                  0.04128120768355032777
                  0.04375833921911735647
                  0.47968170209265387216
                  0.29519238364681138487
                 -0.02748545505135506148
                 -0.20298635518980745474
                  0.14202933265963196829
                 -0.04984247063454026738
                  0.07772623988697892339
                 -0.03777220979107524801
                 -0.09788069828815292028
                 -0.52718815882343239565
                  0.12741923987901390691
                 -0.36982962789513484925
                  0.08801727570378217735
                 -0.04501092604735457137
                  0.01560626219552442920
                 -0.49137475743082970059
                  0.30763931091015694896
                 -0.24299522411016022394
                  0.45527297971043623193
                 -0.24019063488247363591
                  0.47770235111068320988
                  0.08419447368073289251
                 -0.37821031846444319591
                  0.23382868547280924454
                  0.60045832157260004003
                 -0.22138641577266593430
                  0.16788846694249343061
                  0.35445536777981545562
                  0.14201696244811326530
                  0.07803298914043921286
                  0.12226729396170159248
                  0.17732418592686693959
                 -0.06880602722117426517
                  0.06373356386157838505
                  0.18535342356335296476
                  0.72011144183397080010
                  0.14380049182568246935
                  0.34048318949627698338
                 -0.12600375303676800143
                  0.09799757335828861160
                  0.07405258950245084681
                  0.07210445075239509116
                 -0.06818054384118077405
                  0.35018037460639050984
                  0.03421463030429630625
                 -0.04084318978523440724
                  0.09625350565608681297
                 -0.10184020384896340372
                  0.16360319169570977649
                  0.09564501433541433562
                 -0.05625427968568617182
                 -0.21004702852744810970
                  0.42939144369637344267
                  0.11916499883078422728
                 -0.31598422858241448363
                  0.28371124869358416154
                 -0.19154033906600409498
                  0.18356656794510178843
                 -0.11703101772707920347
                 -0.25060187593685590013
                  0.17808077506003780477
                 -0.45199143975713074184
                  0.33001376417581707035
                 -0.07188504212415298966
                  0.19530418972639335129
                  0.05629502550812576223
                  0.16455824119470308098
                  0.46664085344646605291
                  0.36588701059059103304
                  0.14341935748564565989
                  0.05046450261339406607
                  0.35645365122197836261
                 -0.09005536801433944305
                 -0.12365145484156682409
                 -0.07421448871787501844
                 -0.22783633857314253279
                 -0.23692442131468050004
                  0.02406251019888252379
                 -0.24139585826965670456
                 -0.33266996585710750800
                 -0.29461618727649013794
                  0.17913197973643887884
                  0.02669371226992719656
                 -0.13949024793793124433
                 -0.03947466808390797527
                  0.15363391277930554812
                  0.28362594562405890608
                  0.11749330801370182209
                  0.17587568891836311002
                  0.04029375576204973636
                  0.48549131454385263673
                 -0.04268561050152222536
                 -0.11010773164048982820
                 -0.33470650466078466501
                  0.18759394453265126890
                  0.17527249432233857340
                 -0.06145278573100452363
                 -0.33712945380698144948
                 -0.07875119315542002119
                 -0.05691589528410558041
                  0.26439035741674427049
                 -0.08398285377895077508
                 -0.02232791540038702588
                 -0.11114149556356750503
                  0.16254573194252078250
                  0.13598263541556976364
                  0.07910312058002524904
                  0.10856885046516928650
                  0.47365603446516685304
                  0.22474443420440134989
                  0.15215534067994851419
                 -0.04049497946179998059
                 -0.02166867166833649078
                  0.13085647912941561488
                  0.04437865849225427345
                 -0.26195083107079553120
                 -0.03377643336870485985
                 -0.17573655185700087777
                  0.08285027655304705307
                 -0.20088841500491791403
                 -0.72249980831708970896
                  0.33406682856764785550
                 -0.03560266991474356907
                  0.41077060389122038719
                 -1.42813575162911354788
                  0.11338759031578654612
                  0.46364325828895375237
                 -0.22047055269092408203
                  0.55219459188210817668
                  0.17874707989251109597
                 -0.26178693697576116417
                 -0.15250332460626842002
                 -0.33020388758268492957
                 -0.09700967053306855381
                 -0.20658771298040434772
                 -0.04967061728849521407
                  0.17766619100133046460
                  0.09164572752156248392
                  0.36962306664280092372
                 -0.67683779011310041263
                  0.44182881607146307079
                 -0.07711464227086850531
                 -0.32283343833113087307
                  0.40575354244171507601
                 -0.23634424687708788237
                 -0.14360725691450104691
                 -0.12027114207109476651
                  0.10242186529789346072
                  0.08694112094271180813
                 -0.56584689317551983834
                 -0.00254531111942078898
                 -0.15737764826652211880
                  0.00963102003663690934
                 -0.25121696608234056480
                  0.07153181430215238557
                  0.03779917192935380865
                 -0.57527073688591978673
                  0.99820231802966219448
                 -0.15901160654197901700
                 -0.13581201287230129648
                 -0.08904964554161030887
                  0.19692858083935524394
                 -0.11944801256418298430
                  0.06092694881849712585
                 -0.12014689055716114285
                  0.24676386333227826042
                  0.29506015826402026692
                  0.48954457401095807789
                  0.02374721250319937124
                 -0.18318591864923716717
                  0.00999888486196152601
                  0.03868797913637769814
                 -0.26567896441577787403
                  0.17301773778599496834
                 -0.28685600306129888093
                  0.28694541338560924926
                  0.23673105306031877459
                 -0.32129381480579444208
                 -0.13664199993280823353
                 -0.34624301301774640383
                 -0.06404880110529319326
                  0.34486351199681519741
                  0.07170995104174913981
                  0.03127458001767566970
                 -0.04264862490636071868
                 -0.29920798134582199390
                 -0.04687398671873538314
                 -0.02965179158498409268
                 -0.09672433292192310350
                  0.16234812463077810674
                  0.01533604102573454114
                 -0.00816257075558926223
                  0.01025162837733964265
                 -0.11147819982250976867
                 -0.10799989651852974493
                 -0.09697004937760994592
                 -0.01639810306511656213
                 -0.02670220168960079840
                  0.00978711975883050228
                 -0.08770731668028765304
                 -0.17771315826832481677
                 -0.14723846249289843091
                 -0.19152150538995216245
                 -0.25727966724424478073
                  0.02261456492136785373
                  0.05719251092962327615
                  0.04178947279029412987
                  0.03345800439294797923
                 -0.58881508962831863307
                 -0.24094790636140536733
                 -0.14723000782674344755
                  0.37762083595728535013
                  0.00539142780958332991
                  0.12698683613388647706
                 -0.12148479601150515006
                 -0.11014110457332910997
                  0.06848690567374687843
                 -0.24027219636034996553
                 -0.42237978757878386071
                  0.16939752848985251132
                 -0.59518373204767338613
                  0.10821027099326881171
                  0.06192050545237138409
                  0.24908164924544240471
                 -0.47504820907616945869
                  0.01512293499144361231
                  0.03379221773596306072
                 -0.20781168729974824894
                 -0.27076282324686556935
                  0.23255439269494523891
                 -0.07027551635757485482
                  0.03647073742073878022
                  0.03364086123869324679
                  0.32972976361662037492
                  0.32321976497368781756
                  0.07205697327629848048
                 -0.34248089359998196146
                 -0.09587221080187495470
                 -0.36359888782911936600
                  0.07750541753867375150
                 -0.44074096799196832430
                  0.09521398453754169322
                  0.09663301015576150621
                  0.36671575061503880466
                 -0.27077199821243186362
                 -0.19043569898396522921
                  0.23265311881371125713
                 -0.09633112663480040971
                  0.23791998694523450175
                  0.33334090020806822485
                 -0.41199404807290923580
                 -0.09370269922506338500
                 -0.10600919660473634432
                 -0.01082606142573914326
                  0.11454777849718406069
                  0.08547241223951131117
                 -0.13454843573174091187
                  0.20793918959180474060
                 -0.19627008907644785674
                 -0.17116463423929434429
                 -0.22837647613711711814
                  0.08336409396428791363
                 -0.04047191324975697724
                  0.07898065806872547889
                 -0.42611087676750503128
                 -0.00025734341126144389
                 -0.30995196697191634838
                 -0.15715027865398889517
                 -0.37306186403045032973
                  0.35389003081792375083
                  0.04908028050643430118
                 -0.43142015187845800250
                 -0.68714259442472158668
                  0.19646520656839186469
                 -0.12718406778213409147
                  0.17106953787321579896
                 -0.22576626340512370716
                 -0.67108393876965843905
                 -0.09484975205643952911
                  0.40569823933335147359
                 -0.19264618517402051778
                  0.06475025009009965915
                 -0.17499663660834660628
                  0.28774424027897727019
                 -0.33783872074768001026
                  0.44172897062199145690
                  0.16589449786213150695
                 -0.20826173106222778397
                 -0.09502111126767905092
                 -0.29465409988257823537
                 -0.35468169304651442353
                 -0.14307644590428084119
                 -0.03306414035522688838
                  0.12254707244148826950
                  0.22631486085724578095
                  0.03831311695143488349
                  0.30255678814651981723
                  0.32089737359475711820
                  0.24164091127644743429
                  0.22543882647340671155
                 -0.04365101604258705276
                 -0.24064261822994501006
                  0.05446814053295857133
                  0.21491198735376612627
                  0.13230967870842003098
                 -0.13924442841568565599
                 -0.55985567510147216108
                  0.20793316522180918526
                 -0.13702426253180519100
                 -0.07375570973397309327
                  0.70605296084206459195
                 -0.54465975490387730229
                  0.30326884119153513231
                 -0.14160635000750373957
                 -0.26124237497776270356
                  0.08761910393324584545
                  0.18619229378633700422
                 -0.29576488783416809980
                 -0.03706733868682454691
                 -0.34183337711936573333
                  0.29197099421653199824
                  0.19002212110045593740
                 -0.03387119236278769707
                  0.29672254841541284565
                  0.36269989563587873294
                  0.15945915249210421138
                  0.31659588778254754704
                 -0.01330158374418551753
                 -0.07534585355752582148
                  0.54937338008383085342
                 -0.16908249084914919735
                  0.08438365017999255313
                 -0.09295572113577191264
                 -0.03990429666480808935
                  0.30548152064403494288
                 -0.58734381104158428499
                 -0.24364792263118317805
                 -0.14283388465908752885
                 -0.00095046681558290857
                  0.23037294201324112763
                 -0.33584477204338331058
                 -0.17061628089235839068
                  0.01574838555657443601
                 -0.25613241429837024787
                 -0.08642175304015992099
                 -0.33703323396307199866
                 -0.01052521283920950131
                 -0.09712606216091504430
                 -0.32747760744297832458
                 -0.05897683645320261903
                 -0.01278451275954066088
                  0.06923888319101950684
                  0.18812411504822587616
                  0.10555479074701398789
                  0.11182737673947965029
                 -0.39766863987231054756
                 -0.00036974141798053195
                 -0.14008562093982485086
                  0.13427918768722013620
                  0.26134766014886384733
                 -0.27236743630927584547
                  0.19063727126891269470
                  0.12654340203420713640
                 -0.10711215000946970599
                 -0.03692585417935537878
                  0.12415659131024867068
                  0.03077566018571028031
                  0.01274187515146795943
                 -0.85916882323698851032
                  0.29115122763957390628
                  0.20779549568602639908
                 -0.01153615595238162254
                 -0.77612579711432927443
                 -0.09495455167328603618
                 -0.79052830573434229589
                  0.26954479234502409790
                 -0.14827337352140790294
                  0.39639292084514571313
                  0.56868925712987417054
                  0.32785985708852355414
                  0.77379279130546618770
                 -0.17967732413024936622
                  0.04933664141589576974
                 -0.09485915845330017415
                  0.19557117112258845526
                  0.38272817422448152103
                  0.29802379083989494202
                 -0.12316078816671312268
                  0.37653251360880291010
                 -0.41187447964806433998
                  0.56425299656804051018
                 -0.00535700743243906589
                 -0.18485374468780263468
                  0.33338717818492347167
                 -0.08438716173872000403
                  0.35797805448338598788
                 -0.27589599405902442975
                 -0.47799227395159793463
                 -0.29289620765963725324
                 -0.12266104868179879273
                  0.17274559900789140943
                  0.06727951169453681712
                 -0.63389999410563979687
                  0.21826872694569882105
                  0.03222811883240342401
                  0.03490479196099814663
                  0.30560561266606744990
                  0.16980817500453673774
                 -0.35862616499368060730
                 -0.10328202500909697270
                 -0.29457076871711401767
                 -0.26947895302303237486
                  0.54627788418204048515
                 -0.13672580135862405504
                  0.16385372347741750110
                  0.16336520240993532282
                 -0.27859667139138039049
                  0.16803129643705466689
                  0.41442640055952523204
                  0.27100639944672111348
                  0.10965706234569155830
                 -0.08538583817774814122
                 -0.11679477164479780404
                 -0.20241873701659474083
                 -0.10748168446541998822
                 -0.21564720151439537021
                  0.31147937655371688015
                 -0.18081188109952106569
                 -0.29328432735119108754
                  0.25543414347614018522
                 -0.04920529812985196400
                 -0.02137562021387140465
                  0.55473253088691243384
                  0.41248242446870764244
                 -0.20468477278608740444
                 -0.15254559289831792768
                  0.14321082036354090827
                  0.01317788449072625906
                  0.06714029868489525266
                  0.26584193350993362559
                  0.05215802748792291998
                 -0.12465061432230084559
                 -0.12893909391530267161
                 -0.08092174407655497448
                  0.35795062442284603099
                  0.01950296561766404202
                 -0.39867403111158533635
                 -0.04521067836636206982
                  0.01287498851175817270
                 -0.07660763217785591939
                 -0.04092743920446124950
                  0.10845173859421071427
                 -0.09645274367521425307
                  0.08751860808495857957
                 -0.23495480939893895189
                 -0.39681656468842335661
                 -0.05218566074657166737
                  0.12074626517947453785
                 -0.07243875651038619856
                 -0.23198230814669970612
                  0.58052445858388057598
                  0.04672427965726272392
                 -0.19425212031723682049
                 -0.56196661241471257409
                  0.01960274521772423922
                  0.34976940684928536918
                  0.06333161995348757234
                 -0.16244780312158310642
                 -0.44304071742855299920
                  0.00086524003140792550
                  0.17889632902293575722
                 -0.10168676644665011755
                  0.25123646119700204782
                  0.17761106335812620882
                 -0.27224550963378962853
                 -0.35238655867538570821
                  0.19215554371563281499
                  0.00136891657232761713
                 -0.28898559437440379805
                  0.07319631617654218103
                  0.34265316017161134843
                 -0.36403242993381601522
                 -0.03299636163045930465
                  0.14431929376357602313
                  0.02422751904305408405
                 -0.11806762802407705371
                  0.47457560178514818228
                 -0.03361135040025851201
                  0.01193885163683257311
                 -0.11418689565057502100
                  0.00725406961815575849
                 -0.02121513676659800979
                 -0.39794262225132476241
                 -0.00439635510609613991
                 -0.10090431552479314781
                 -0.04844818509861353178
                 -0.08860409444737124551
                 -0.04418084474012373697
                  0.26905260719756690646
                  0.06735834624227628187
                  0.20701953445723708658
                  0.00001399570289485402
                  0.06574200279725751772
                 -0.00765600741627234065
                 -0.13221569286411433142
                  0.08066248474340495522
                  0.36047885033040488745
                  0.14814529146773189328
                 -0.31236205801111538438
                 -0.20147385955772634247
                  0.16586429039400479857
                 -0.11937960798155926312
                 -0.07787612074308496168
                  0.26613232515933116229
                 -0.13465815698263661204
                  0.26122274745049328670
                 -0.59248454196709809949
                 -0.37266711727991180814
                 -0.11478309498928543353
                  0.20704416749766588191
                  0.13196076219227745319
                 -0.30305825475426750870
                  0.08186370376613520683
                 -0.09046758353504764927
                  0.49488870378311400344
                  0.13273337695188935914
                  0.17288536681437324805
                 -0.30314287105073661754
                 -0.18483742870805741632
                  0.47036571103171781472
                 -0.09336289076304092605
                 -0.33100158720481731578
                 -0.16347838971220637894
                 -0.17541820628482693301
                  0.06944337930895863598
                 -0.29155942411067059528
                  0.24936839390047124687
                 -0.61947308643471532541
                  0.19799696316248738270
                 -0.04238270204692089205
                  0.21268043034997749507
                  0.32791631393888320822
                  0.04194916889454247677
                 -0.20748768091974997829
                 -0.23781867089679767369
                  0.08757193217235847982
                  0.20598671618131184080
                  0.34153030629965669407
                 -0.03758001562790597855
                 -0.03237324714541754689
                  0.00756207273645446640
                  0.10981256455172280773
                  0.12856761617949374887
                 -0.20804838349189341828
                  0.01361801620938239005
                  0.24156347392230378968
                 -0.09554637395119203180
                 -0.19603155856303541849
                  0.13204925513172194318
                 -0.30615836187338696384
                  0.39954959891723634824
                 -0.11504163284270714496
                  0.01324963085993523942
                 -0.35567864781686447939
                  0.31610527779136821103
                  0.24737719452209708249
                 -0.05052858487032141355
                  0.25160835485443378001
                  0.29979403765298201501
                  0.51486527266099357814
                 -0.32065090005046142929
                  0.04918053678418331243
                  0.01810939668285528603
                  0.18336008294704728150
                 -0.32195198936681374002
                 -0.49270497078304537064
                  0.27283701614407845915
                 -0.46794161278766027712
                 -0.25245026821687366336
                  0.01405536989422201052
                  0.24726758214225602606
                 -0.06351310819572626720
                  0.08485080271235145855
                 -0.04145193682993732198
                 -0.32545431431497456876
                  0.02802597491419290057
                 -0.33588050268760544226
                  0.05099371186772412579
                  0.07705628154127228124
                  0.08297628074319433888
                  0.06381134869051856284
                 -0.00962001900040380942
                  0.04872347578371482441
                  0.13403570642472972807
                 -0.29502122739200659085
                 -0.40230319071522102625
                  0.12368689079379434348
                 -0.21008507813483406901
                  0.15035129358873483563
                  0.08920849777647930912
                 -0.03898734853366619957
                 -0.06423372098351036452
                 -0.16065218803707678741
                 -0.35591876711131609223
                 -0.24708491203281413018
                  0.31785196452086655894
                  0.16018208566684918881
                  0.14664837497270305500
                 -0.18284449467797836419
                 -0.31376789428130424930
                  0.23147470008730786084
                  0.12441826009906245543
                 -0.22735920951550683822
                 -0.36029254261323762076
                  0.18411881427810689038
                 -0.22808919016018947001
                  0.24407934030268668701
                  0.07552530778930874322
                  0.12194613934786845133
                 -0.27153422610297228701
                  0.00393081843499345183
                 -0.20690282777592985952
                 -0.06938724875652212132
                  0.16804669329054139348
                  0.22421988555658040054
                  0.17259560046612934525
                 -0.05953685227967543681
                 -0.52766367610410713773
                  0.14558263204989008166
                  0.01252889097723990965
                  0.00936203725729494243
                 -0.16162234659932581127
                  0.69857870334954519365
                  0.03935811316464696286
                  0.09569045101404026477
                 -0.49617482762746095704
                 -0.55996756416484239072
                  0.24661373275466086374
                 -0.18559207300259339402
                  0.30690401992538268727
                 -0.27571268975001694823
                 -0.15119820302775160981
                 -0.11309631084783139388
                  0.53455861922072889225
                  0.28431198337531199405
                  0.06064324986819938368
                  0.03425601750405920382
                  0.04904839375542507929
                 -0.47344017216629541434
                 -0.37200249488116732266
                 -0.13627871893482160215
                 -0.18120640395902407049
                 -0.10787388820891331831
                  0.21022761281334795269
                 -0.35069664175647841109
                  0.15688261142733386788
                  0.00534166313285348079
                  0.05643272070155791464
                 -0.03293190634254099941
                  0.14147077852272332832
                 -0.13640721698811747453
                 -0.41493810488382731894
                  0.23446624818289960035
                 -0.12053375197124921447
                  0.36149387904093305268
                 -0.09912638225457616470
                  0.28769965776926065271
                  0.08538471858130672332
                 -0.16198533845753754212
                  0.18531250875553467727
                 -0.18947751676154692135
                  0.09132907118310522321
                  0.11311438840642792925
                  0.40222062297637745099
                  0.08987514846607461139
                  0.06335258773811439093
                 -0.18148115871460823723
                 -0.31878679238149404407
                  0.24033543627423453737
                  0.06448096530221833489
                 -0.03015895051870243551
                 -0.15212947308877489139
                 -0.04971065247339854359
                 -0.21995526297392192783
                  0.36684431820899127130
                  0.26996963113844868465
                 -0.52328338910571692288
                 -0.21179447251317964906
                  0.30899607526046685146
                 -0.21634763626775388445
                 -0.21093678612915375825
                 -0.02032387837663809232
                  0.42659403916240906662
                 -0.06440940997419047909
                 -0.17385842767435333300
                 -0.03906092459539918516
                 -0.01820838033522183264
                 -0.12220137440488101910
                 -0.02193405459993839554
                 -0.22431496343877052602
                  0.23181219130362931691
                 -0.01652246933081229219
                 -0.03688762730656564015
                  0.22586263644401965989
                  0.35591175487788528908
                 -0.11526865666979771441
                  0.17610232598828501338
                  0.02566313441777547805
                 -0.15058838674257918333
                  0.21077907379603716409
                  0.06080338798386793892
                 -0.15994435405739357292
                  0.07802169996659785722
                  0.09759547255087192008
                  0.11258496796168040999
                  0.07647061957165657287
                  0.23381513043300491961
                  0.12696699085980289734
                  0.08236855894352075602
                  0.25831799858551335314
                  0.21038986596703426746
                 -0.33542229060130607232
                 -0.14002759340446477299
                 -0.17173466419340888134
                  0.13507186695918702024
                 -0.41471474781775197194
                  0.34854877085628155342
                  0.14818774963025099778
                  0.12625258689180143823
                  0.26410733367108479852
                  0.20873755290145631913
                 -0.05514900962932967748
                  0.12968547346526460018
                  0.08670549195441971946
                  0.16016117371902008348
                  0.11940645623106613260
                  0.33281371139935761461
                 -0.29921204697354963908
                  0.43984346871586410543
                 -0.00672920958151703233
                  0.30584274905921232657
                 -0.31794548521103099814
                  0.40644031098626709486
                  0.11725156925000360109
                  0.15333903062007525619
                  0.17238466747060221529
                  0.25089309480281329900
                 -0.16556873371933522598
                 -0.20582649543697054129
                 -0.44549607643397726164
                 -0.11816260907225543952
                  0.12355133472542476070
                  0.11405466150385805413
                  0.04384959393564221569
                 -0.08325096263125611462
                  0.01011227467502212596
                 -0.10506538105106452696
                  0.10307412030355096733
                  0.23973872932824802362
                  0.21560693644355879983
                  0.08925567910388775006
                 -0.09009949592714032451
                 -0.00222939246981764764
                  0.52006238023009432325
                 -0.07317591839457346370
                  0.32853416119226080960
                  0.31807966680776389445
                  0.07359543943764750018
                  0.17021523673817912092
                  0.22329639957634234149
                 -0.06583665636086835637
                  0.07562392436044949873
                  0.20128880790030426184
                 -0.29186115810176144203
                  0.46641412475274035554
                  0.15090561303424807060
                  0.10872937957298890732
                  0.26039677940855299187
                  0.14785741578188854595
                  0.18328863749771953651
                  0.84736348531620386826
                  0.16267513000556640956
                 -0.12654815130151200742
                 -0.23935750496290633671
                 -0.16265679898607174336
                 -0.11242350081690163921
                  0.58241708442197848150
                 -0.16783128463971311306
                  0.27105401463505202075
                  0.20311588085984622065
                  0.18483394784319451265
                 -0.10859162962027173183
                  0.03792119092353093968
                  0.16088546101777898012
                  0.09224471286549934534
                 -0.12870517322740601673
                 -0.20796402928192653237
                 -0.09832772622192005596
                  0.04736709456682873520
                 -0.32955265169764919042
                  0.16659087284747589597
                  0.04335316693812314021
                  0.36835630676895986246
                  0.22824707171687141916
                  0.16080730871535250937
                 -0.01316061362821235523
                 -0.02272076203059066046
                  0.23328510044126307688
                  0.08611891126652743145
                  0.06293326418260493382
                 -0.40012036028956549094
                 -0.05875167523112503204
                  0.15465323136157349548
                 -0.30155476278969250981
                  0.27725320461838703912
                  0.13583066131758766981
                  0.32176574453239181750
                  0.24814662319536431867
                  0.05423797353190339121
                  0.31523708913109005358
                 -0.25299293575379899757
                 -0.13146342158533755318
                 -0.42197000951139784775
                  0.11073274999056108292
                 -0.18983837262748876062
                  0.34482050124597324325
                  0.25855360801387589076
                  0.11628709355268689041
                  0.20638797159999175412
                 -0.25200517540075095813
                 -0.15654306534467102296
                  0.21864126391730620558
                 -0.06661329226678544546
                  0.10440938820652859165
                  0.10732232622402086697
                 -0.04438279473499622679
                  0.06554971430926123666
                  0.08578236167010569457
                 -0.23964432092807208541
                 -0.01913978039719884533
                  0.04779057535669116452
                  0.12936659948653089769
                 -0.08230838060464082395
                  0.17062932890116441764
                  0.18586045944195023205
                 -0.16267772971952945693
                 -0.01837702720600359330
                  0.25613553419190787652
                  0.08969457662558188993
                  0.21639092258393843871
                 -0.16891177443542004788
                 -0.18439180900318366541
                  0.07871347516177119863
                 -0.06658903058694255750
                 -0.11788310916466403222
                 -0.18603439192265128210
                 -0.39538099148557442897
                  0.08474922672134170554
                 -0.32771540013459754537
                  0.44186508390049283879
                 -0.18782298342168074479
                  0.18289573158881913817
                  0.19320905469373519936
                 -0.36293524843604080266
                  0.28336230686375407650
                  0.02616494132385188340
                 -0.21477930405577674855
                 -0.21702163498820753462
                 -0.31274522137342997130
                 -0.09680717510992964403
                  0.24210221962775399507
                 -0.12028008231649738036
                  0.02580145862560020292
                  0.18197191215555352795
                  0.18730095431018894958
                 -0.20700951314327409314
                 -0.15267578485217941919
                  0.23738066665215420969
                  0.20705620072415023558
                  0.12074100329091098927
                  0.07774196456535367727
                 -0.32992498750427107224
                 -0.07713209972189116748
                 -0.50695137242141807832
                  0.20329748583568416076
                 -0.35538077952415514371
                  0.13161933887367771590
                  0.45954280504123673490
                 -0.12222224107332639587
                 -0.46153508162244899493
                 -0.34117767107494201273
                 -0.22575827433957876278
                  0.02433639477777039400
                  0.33269400156837924953
                 -0.01657044419339165700
                 -0.17936493986664106548
                 -0.15634482886209072339
                  0.34140470472661371693
                  0.14961441675283837505
                  0.21075823527852727279
                  0.03462908644413602299
                 -0.03402966544518707531
                  0.06893148839792596905
                  0.20442227417189282046
                 -0.18551979788288963658
                 -0.42531531234400676844
                  0.05570973222268670727
                  0.05372927412667012625
                  0.00140842671225687626
                  0.75542642234266299539
                  0.21251466433515653343
                 -0.13866738999932654020
                 -0.19932220622555399392
                 -0.09121772272642535151
                 -0.14719708975242976057
                  0.28077499946608780457
                  0.26668381160251075634
                 -0.06394592910461185942
                 -0.19945556006460293808
                  0.11803274472908062420
                 -0.06016468841593530792
                 -0.01956258538788478024
                  0.46445023139231045306
                 -0.24737431029502918167
                  0.13791413461167612020
                 -0.38182982796910508450
                  0.28414424719384917539
                  0.19624593077603877389
                  0.06533020412628610940
                  0.47446544698096293491
                  0.18047770232846069294
                 -0.34840298414081277700
                 -0.23741744917340204535
                  0.47970999243435197279
                  0.21742571256292525517
                 -0.50392431608716048430
                 -0.13867359125006986642
                  0.16180662242763677039
                  0.09493299086893977612
                  0.38460585373660544084
                 -0.07320063323556477708
                  0.05959970170877375989
                  0.26303443298542283912
                  0.05822275039632903576
                 -0.19089654678320419623
                 -0.23893017748748077156
                  0.15140613675604622235
                  0.01814018717847651688
                 -0.16879760219975650792
                  0.23351721046707676899
                 -0.01079109467766910940
                  0.09759730534724947448
                  0.03120856259100132993
                  0.18205802035161769425
                 -0.07603668219252643357
                 -0.16980004102754031603
                 -0.10448780965853357583
                 -0.00686471900914340828
                  0.27158932482903835881
                 -0.19611798974952532326
                  0.17744184978212368398
                  0.07594318240799285968
                 -0.26668283246933144337
                 -0.22546939392420858872
                  0.23391471593538445961
                  0.44234624439311720501
                  0.31057989985738415628
                 -0.04012889982584149501
                 -0.33728215819152512767
                  0.14855874608138508464
                  0.29686085952565571811
                 -0.29801122903004284570
                 -0.19179761166449052490
                 -0.11128049620635308004
                 -0.18563530261203850524
                  0.03720932845538590938
                 -0.26906903008787053100
                  0.22635735778763374504
                  0.27300217640254903495
                  0.21718725879916619959
                 -0.20193023351800337695
                 -0.15706429895953091802
                 -0.00369282378350929523
                  0.24673405795187897116
                 -0.20523653422848270322
                  0.26343042902035723740
                 -0.19380409919749905234
                  0.10332414812905614532
                  0.03247178935134230338
                 -0.01757430527002100742
                  0.20089130620516576498
                  0.07793509243553414789
                 -0.19485602066591753423
                 -0.21173689235253512209
                 -0.10213250181271493755
                 -0.07574899546852116583
                 -0.28269532805722680235
                 -0.27360260356329352271
                 -0.28948816913067559886
                  0.14089879101389685134
                  0.45454060008074975707
                  0.04750421438382029793
                  0.06505189983341017057
                 -0.44411103285428471521
                  0.06724920901073404289
                 -0.11112115094129405846
                 -0.23873803188256964569
                 -0.21836410913385603805
                 -0.23526566676059298966
                  0.26196871306238334043
                 -0.09907390618582012642
                 -0.25501843192057221943
                 -0.67178804482830178912
                  0.06108210012377625342
                 -0.26687157730740274086
                 -0.02820308352585993925
                 -0.09364204960743996442
                  0.04324373225519106273
                  0.05599150609268732648
                  0.01470677570706408616
                  0.26599203509077412599
                 -0.23046970633558686026
                  0.08340779822688189349
                  0.12653821503054613062
                  0.14985405555265152167
                  0.20697459426198686061
                  0.31497630952067401378
                  0.48527419199436994113
                  0.12647448585658938036
                 -0.11310901881953641657
                  0.05501156100160313478
                 -0.11198493715834378914
                 -0.25420275876907927337
                 -0.30584155101811733024
                  0.14371002171004412795
                 -0.35242400092563946901
                  0.05555409895867553099
                 -0.10177638486202625345
                 -0.20976272368300682980
                 -0.24818803662462951554
                 -0.19709541484168066616
                  0.05195200818044190538
                  0.02140835055225079331
                  0.29782766484145223318
                  0.15742877562725807183
                 -0.31332190377602525677
                  0.19855443528763919159
                 -0.08944912520795730848
                 -0.21319637323672521734
                  0.17494315916666444699
                  0.11596254221237473070
                  0.16581321472081070323
                  0.19428654439821871347
                 -0.32406107745278334153
                 -0.16841192255577233650
                 -0.12673163824814992484
                 -0.27190905794987624278
                 -0.00961870031278842623
                 -0.39544345739334191281
                 -0.06820731678826189026
                 -0.06669270758950024414
                  0.14717716952367282390
                 -0.23962092510414323421
                 -0.61759248978605696401
                  0.05746650648879518541
                  0.18792404688322900119
                  0.12087528501258770763
                  0.37162760476504830276
                 -0.05830680424068920842
                  0.09153215378975573802
                 -0.20705358309144991646
                  0.27063624447387674143
                 -0.16420318052781851526
                 -0.22176479453554381882
                 -0.18531120260591565918
                  0.40575051856410498941
                 -0.36981691334018923500
                  0.33496964683983421196
                 -0.22371312978982108022
                 -0.16357845019368211226
                 -0.08737005007139846124
                 -0.10161211623211612032
                  0.13159932693844983431
                  0.20103218134912240189
                  0.17290991954695600352
                 -0.31054401788170971077
                  0.21125602571542392849
                  0.11137118282591500218
                  0.18639225830265634953
                 -0.12624909733013550683
                 -0.26495616571262675665
                  0.18443823832787892281
                  0.25926049638921905283
                 -0.30715202156686532975
                  0.14453510068344013750
                 -0.01209456040062006042
                  0.22357236111745729112
                 -0.07601399215932751197
                  0.17028483006991826376
                 -0.15734170048252055230
                  0.24204717095276076511
                 -0.43245634495456442004
                  0.03288358454435905825
                  0.46236941061118025376
                 -0.06189794859754019218
                  0.24704134134307684234
                  0.42326052451738049864
                  0.08020462177398847425
                 -0.05239058406314383437
                  0.01551868295549857502
                  0.13778668566162657894
                  0.25102896885384889947
                 -0.15019124991670759761
                 -0.43482943547035424192
                 -0.09542997603130329298
                 -0.34815088842346192388
                  0.16464481251748638857
                 -0.20817368628049745527
                 -0.21520396305983374718
                  0.13474464627743992784
                  0.09374332059857590216
                  0.29642693064776154399
                  0.07808694423039987120
                 -0.19232276351162103101
                 -0.56426539976203371474
                  0.35151764595172063643
                  0.17774951116164147691
                  0.15833273699026229053
                  0.06003040847875344699
                  0.22112766583648424401
                  0.07008872990747647136
                 -0.32709920083300342286
                  0.04643914845390446910
                 -0.02938409789420869458
                  0.24543255581175560387
                 -0.32888500604093590107
                 -0.36456582658455327639
                  0.26508815847814304334
                 -0.11522336552020581713
                 -0.19025324172391608335
                 -0.29814341313412329182
                 -0.13729591793034090497
                 -0.34751830517211640403
                  0.41363899229432676830
                 -0.24907835666293504095
                  0.34270916856769456649
                  0.13091135300646081219
                 -0.04909535164648930194
                 -0.22114791648930820500
                  0.29442900291907997401
                  0.23378401606810977897
                  0.21443146396017537247
                  0.18702832094470472901
                 -0.06814180204568247301
                  0.37387538477586673702
                  0.35319501330910024750
                  0.33135664077076748546
                  0.18237764480557649982
                 -0.29674876807245403887
                  0.16477394090171024188
                 -0.02923147129415940362
                  0.17540043043041023130
                 -0.15212933661928412787
                  0.18115540223798901054
                 -0.23567508817201907045
                 -0.05866136447959869465
                 -0.01231023720027401951
                 -0.18432117462293806653
                 -0.11707900196226947442
                  0.23641413574455610869
                  0.34467337089612209988
                  0.21408648543506533790
                  0.28148038308024819765
                  0.22673467499668717440
                 -0.54724201562408403277
                 -0.02912011313016491659
                 -0.30444954105120553001
                 -0.23099972933511148110
                 -0.33698907710117104175
                  0.29006770168695650280
                 -0.34102052856321368735
                  0.28331295060406386233
                  0.10050401138262410328
                  0.15552815284583487720
                  0.33302583092911020035
                 -0.19927923634018024357
                 -0.54185772453570735241
                 -0.01981416560118268860
                 -0.38804335131349454446
                 -0.20572188690620346607
                 -0.06054181369910276861
                  0.40595176784503700373
                  0.24699837116381745394
                  0.18023016186605611555
                 -0.27161018831086941594
                  0.18853751599000792560
                  0.06303031326770847098
                 -0.00224424899117001055
                  0.33511911139630967682
                  0.02633519665595416073
                 -0.21789662091564526714
                  0.23451286634389739705
                 -0.27089285227557685642
                  0.21545548756715457439
                  0.12208086082652981619
                 -0.07118509562971789273
                 -0.41320513481358728258
                 -0.02541516559035582323
                  0.27226156215163110907
                 -0.17851105749226756081
                  0.38336973157412912450
                  0.16082018406743478489
                 -0.10624876888306900025
                 -0.38026779305721492008
                 -0.05718872807598995162
                  0.11024945018333501268
                 -0.03351706831187298979
                  0.14660066625111148331
                  0.09058579470688180035
                 -0.45424448602394451591
                 -0.09940454187127267804
                 -0.22621691177267103101
                 -0.21533812648817063362
                 -0.22161660115065395793
                 -0.01970270162597079905
                 -0.11786673017170735955
                 -0.34431483426659520442
                 -0.31718882029907491393
                  0.13899077063051243353
                 -0.10190207351369605371
                  0.14025401215739660699
                  0.03625588172128722808
                 -0.30760783088980220290
                 -0.56037391512358636358
                 -0.09617683214052094587
                  0.05989415524495881465
                 -0.26107982521137501619
                  0.05367866735546651669
                  0.03227519308173035228
                 -0.36484758786493964866
                 -0.06252068615846390065
                  0.07159092108254640208
                  0.10827482820314987544
                 -0.24196439399712990626
                 -0.04432424345338770166
                 -0.19545177890331344450
                  0.13567878755784099076
                 -0.10359168332412785341
                 -0.08086403497414051955
                  0.00629936015053247748
                 -0.06188268866659086404
                 -0.16225637915229751407
                  0.07763668366668709242
                  0.00039717995871773291
                  0.19236789230466555534
                  0.34422478214619045556
                  0.14502640239198330563
                 -0.03208419205036483479
                  0.26883325169065031002
                  0.38426460408805412916
                 -0.24616664190389608846
                  0.17362200333396163310
                 -0.07311105585696588138
                  0.01410349308934088705
                 -0.31936442088775335302
                  0.52392948780640979933
                 -0.52418611483706512022
                 -0.09332167102999185115
                 -0.01887245146588218195
                 -0.24078467448541740481
                  0.24878884643623547235
                  0.39774153566077175004
                  0.09740106988054497705
                 -0.01771496334498325748
                  0.23700629225295030689
                  0.07255219783924238275
                  0.35433846191974588402
                  0.40830910782189205888
                  0.29289099948760166647
                  0.26156332871424231579
                  0.65192347192185129412
                 -0.26409481993958355828
                 -0.17265769090196186886
                 -0.13241456673075385764
                 -0.05365565257262261412
                  0.03252080959034372998
                 -0.54981630998903952001
                 -0.31922406948964360263
                  0.00793745240655434510
                  0.13672972481981002235
                  0.18676414691075252095
                  0.05569883008683335079
                  0.08491189039687278839
                  0.27526995725391051328
                  0.03047435087097773165
                  0.03424637917898827599
                  0.12979351423035317969
                 -0.22470814801621760703
                  0.14337012008836291788
                  0.44822243576271958432
                 -0.19149961322693806465
                 -0.02840938448110784387
                 -0.03379185198966465353
                  0.02625977070168450389
                  0.07239727600488378434
                  0.27559619797360573878
                  0.25538432301703845040
                  0.18654505168928636749
                  0.20868492219434811585
                 -0.41340875883490219023
                 -0.29021644122607159755
                 -0.27400018807581227875
                 -0.10671705922219644480
                  0.12749625482576526503
                 -0.22382838301764590438
                  0.23716329770353092310
                  0.01604476513940564925
                  0.19091991657514437164
                  0.00926741257162893087
                  0.26887461773248194641
                  0.18613370578508223185
                  0.45658726861626686144
                  0.03653854837955790996
                  0.22316698407802690318
                  0.29195738373909596586
                  0.24612197746305042312
                  0.14436053035391302468
                 -0.12842121780712545398
                 -0.42159646262124111926
                 -0.38932878645138818685
                 -0.07924259799758005818
                 -0.23990051541484350150
                 -0.11560425056771024555
                 -0.07017584573387995739
                 -0.04718304671897526059
                 -0.19089988869036128571
                 -0.04992293223641324634
                  0.11508730981178352804
                  0.10603434669492368958
                 -0.16392169550541460521
                 -0.25938815026428990729
                  0.19963116376233003280
                  0.07652525952075478477
                 -0.42835658870234927242
                  0.38223616499329932106
                 -0.09076350243170552834
                 -0.10875211838648328466
                  0.25426991596493991876
                 -0.21618643077247418072
                  0.01150523340624406629
                 -0.01422345524550968666
                 -0.36791490864534043270
                 -0.12050012372562685092
                 -0.12507497367465231219
                 -0.20720729403911763988
                  0.07111978869948128168
                  0.08820422556049641039
                  0.20192717229063339435
                 -0.08864983841172918710
                  0.13649452562545930090
                  0.21259715089279482281
                  0.11035317965001044394
                 -0.11074482282651335052
                 -0.03873196155324913625
                 -0.08283625997672243446
                 -0.19228939876989900593
                  0.02884830375654127629
                 -0.48609788718106333727
                 -0.07131174724355417160
                  0.04780263467000238353
                 -0.01878779469701047714
                  0.36476454481127823515
                  0.36017785891997455838
                 -0.17972199012137815566
                  0.35572161490250792104
                  0.05711557538736037470
                 -0.30523382112720809367
                 -0.05507732695119159361
                 -0.11650090900968501639
                  0.14619576288029556554
                  0.24324200124625719455
                 -0.39303243698231310477
                  0.33777867046166559772
                 -0.44408667228716935949
                  0.00359682121066100952
                 -0.31190084426568992493
                  0.10403953832450404948
                 -0.20794777646524451042
                 -0.20097861313248563397
                  0.11425173208786086609
                 -0.22285797532673762289
                  0.10791086787772447009
                  0.26895171127580441706
                  0.12797122116875755959
                 -0.15858521856946034001
                 -0.15656680686589041773
                  0.05977799780005894903
                 -0.07132430443291784550
                  0.08813486863094040225
                  0.13229418773109108409
                  0.01940958100496099903
                 -0.34759561170668218377
                  0.29181240654570206328
                 -0.27586343717990230440
                 -0.27543625500018531493
                 -0.30310015836692116853
                 -0.17146668874647588710
                  0.14393387207675506501
                 -0.34072113127152353629
                 -0.06589863990231117907
                  0.18675326185353727237
                 -0.05588789407979062596
                  0.00819362514496082758
                  0.03867457511014232852
                 -0.09950644997498432620
                 -0.32566248021342586449
                 -0.00114375355608723199
                 -0.12705019796161542978
                  0.04238617311662774140
                  0.33092509605410225237
                 -0.52745256984962307634
                  0.01954721625803117202
                 -0.14578896098745783294
                  0.44779560741879909092
                 -0.50468663482011522081
                  0.25229254187502136997
                 -0.19818386509230070947
                  0.10842299071052277637
                  0.05382573905040421297
                  0.22177356514500332074
                 -0.24492980909803163669
                  0.24382334306435130000
                  0.15903818152045931522
                  0.16597145535301965902
                  0.02929944745496526615
                  0.52147945572905118894
                  0.05377948814782963077
                 -0.32375930713739359268
                 -0.10226622471911467338
                 -0.09962728020751318581
                 -0.42030449139767450673
                  0.00919294253110392381
                 -0.03660826931985294852
                  0.30058060036030198603
                 -0.04824209660866373567
                  0.13650304286390860242
                  0.00650810267315872666
                 -0.14295703461516962030
                  0.14476663493826608109
                 -0.22680870121483584501
                  0.13087956304045242351
                 -0.11208288494714761796
                 -0.02994517800870600752
                  0.05178196766126133554
                  0.00069349268840426847
                  0.46139106700187432208
                 -0.02612024741903196112
                 -0.01665046472154923379
                 -0.13488468713071444238
                 -0.55868145806766844608
                 -0.13674686519305381815
                  0.00342175224397756658
                  0.11467181137535140123
                  0.09001175791783747049
                 -0.26882708081919870491
                 -0.12633786900588223068
                 -0.52983649363741558425
                  0.37896549741940205314
                  0.36239515783882886302
                 -0.75659217965149017093
                 -0.06483549627925261349
                  0.11778118990919872466
                  0.05678546879073954196
                 -0.40587016900271605246
                  0.18766092739425441205
                  0.38915333130391793759
                 -0.26380224693474835229
                  0.00433308548315885188
                 -0.36338114336976184982
                 -0.62307577562760430023
                  0.38312567833221544689
                 -0.28907134657140470813
                 -0.12428224608876776991
                  0.49366738410272165138
                  0.45943296924691745531
                 -0.39743381526298543482
                  0.16023272062444740560
                 -0.02381918300517055220
                  0.62494535419361607609
                  0.08156239637982780344
                  0.62915117967067724081
                 -0.70026785022449722362
                  0.26066812103183112370
                 -0.09581929971936689605
                 -0.30976932131225870526
                  0.06381947687846188655
                 -0.11232750693577370216
                 -0.05962237715182382158
                 -0.29522205851212407479
                 -1.14579455305774713381
                  0.42647591800980866328
                  0.18647084166885818934
                  0.09493122694138989015
                  0.33384711505458208869
                  0.11297539197196676541
                  0.50778453476779716880
                  0.28811912576596510061
                 -0.03322039921552837061
                 -0.66466022015777748155
                  0.18352302966206804347
                 -0.20119564971859646429
                  0.63644045006090033123
                 -0.92728223134578136033
                  0.16186393901098583559
                  1.24626537968233197518
                 -0.04097417450166873643
                 -0.37402285366280568768
                 -0.18689665734408900111
                 -0.23165542361513247194
                  0.10369829039699458850
                 -0.35909344604392812172
                  0.29972187986264980930
                 -0.17791964053201830831
                 -0.24644981592603548703
                 -0.29903945731858777579
                  0.05797509693206702452
                 -0.37649012368316941979
                 -0.24441643989152353478
                 -0.18079063219012950214
                 -0.10961664958963746042
                  0.21074211495943079298
                 -0.12371632925142173054
                  0.05864214805689389048
                  0.17697498292468427650
                 -0.41702907092199636985
                 -0.13743144062872289513
                 -0.10408240481646915954
                  0.28749096940006552137
                 -0.25165948027700002498
                 -0.48111641375186836589
                  0.12446093963316820497
                 -0.00837709197430126264
                 -0.57786412616403060039
                  0.26516064203167166724
                  0.03985199121108298076
                  0.16435087234873646533
                  0.36032405210162149478
                 -0.00719460639388014127
                 -0.10238976169523239523
                  0.04072477405757853053
                  0.09036760314564150354
                 -0.10380748207462466015
                 -0.00784142165296076825
                 -0.41391775572865174837
                 -0.14886398281058868531
                  0.78712710383532968894
                  0.14505707588379210260
                  0.15924358305046878992
                 -0.39258764201415735640
                 -0.17511469321971567803
                  0.33475644798569081928
                 -0.02476233195491746308
                 -0.22040340596835178433
                  0.08395196286246750517
                  0.15366702298263246185
                  0.22470839880809814759
                  0.20409482359417982500
                 -0.22264894078769573160
                 -0.35901967348978020000
                  0.11957383480823777222
                  0.36121095404112624205
                  0.09731218737750789438
                 -0.51303413943118092444
                  0.33326887667508103830
                 -0.70401615821809682139
                 -0.01592092352653991932
                  0.27148431741799194938
                 -0.35480745181202499872
                 -0.25971898551204014582
                 -0.07643780967711083507
                  0.25334866055570609555
                 -0.03095533065396708153
                 -0.10235471591145157977
                  0.36423241916849613542
                 -0.07744196418592361186
                 -0.01644730946555317611
                 -0.27264848148087522661
                 -0.23370031889713044349
                  0.14539064486722300118
                 -0.08971468405289231840
                 -0.16001985644040120360
                  0.07069678945964018302
                 -0.18430906310431879880
                  0.18359363083096824631
                  0.18614402364269594381
                  0.13743429796188030845
                 -0.19026699296176560749
                 -0.11977437410288316322
                  0.12616454224603917966
                  0.17360237237732670246
                 -0.12883344903051188735
                  0.16393512764214923649
                  0.31917611590129707499
                 -0.10707313805154254627
                 -0.35797411175753929280
                  0.07163796033352944070
                  0.26342493099055819261
                  0.58335554560294256010
                 -0.06542659314732567066
                 -0.22479594989572734831
                  0.10766185064062401555
                  0.19475896639739298521
                 -0.14513578562569109942
                 -0.16568211578131872286
                  0.15967527371032311234
                 -0.13788684894164121575
                 -0.31763756705965995319
                  0.15451119935245297143
                  0.09151978289834997171
                  0.20633211811410059888
                  0.60758661716740935965
                  0.17327322127915720240
                 -0.34477487851633287219
                 -0.22749455820498931669
                 -0.24685887959078711695
                  0.02754620382902443765
                 -0.29331745260712049905
                  0.02298142191782673316
                 -0.30136039798167502113
                 -0.13094989102086682098
                  0.40905859966875796063
                 -0.12139794640186311880
                  0.16254649647409497026
                 -0.35003772107787234358
                 -0.62400955822091330738
                 -0.38318985932775806447
                  0.37775950525204482489
                 -0.37214799345033555689
                  0.31941065938008977865
                 -0.28525139669274118814
                 -0.02623941802690653302
                 -0.10684122359215418585
                 -0.51005702567720689888
                 -0.02691591556680618391
                  0.16081483051434791731
                  0.28937778245154893719
                 -0.29845797972633253403
                  0.22180774703502162404
                 -0.15702870345122801887
                  0.00172781668740532956
                  0.38218689422881735318
                  0.09207094074172331166
                 -0.17437307824173989279
                  0.08696350601150935888
                  0.22348457685241138182
                 -0.03594919468874195612
                 -0.23005578826225517308
                 -0.13696530776417403796
                 -0.11009533115089524535
                  0.21706886706870806569
                 -0.06122512309383364854
                  0.00881272921206019758
                  0.07095677949738654622
                 -0.10182215621094502234
                  0.07523148228623864620
                 -0.02928102604100618969
                  0.24047465086218958175
                  0.14436541067813177253
                  0.29934212434520146573
                  0.38012152449429287282
                  0.31924679100119252029
                 -0.15985135325791727245
                  0.22326152325271364507
                 -0.05445955950561658099
                 -0.29729469653595441692
                  0.42219833229194037028
                  0.25336667582649224917
                  0.05513101130378533082
                  0.35691683266644136374
                  0.23069032882910261995
                  0.52885384007987434885
                 -0.27603165476298768821
                 -0.13115849598685461186
                 -0.19513272243179061172
                 -0.05464862067606930662
                 -0.34281724954636039193
                 -0.18619130383837503850
                  0.00970490638972553929
                  0.02995766622261809148
                 -0.22181277563631690564
                 -0.30333307362144484864
                  0.12166800841413509537
                 -0.04240064309548441379
                  0.01503010665319541236
                  0.05789794482297457717
                 -0.05553089567686771838
                 -0.03360392206266463178
                 -0.36941263465033047364
                 -0.02414804585260225261
                  0.09260093174905684177
                 -0.00104571231349442776
                  0.07974315761815511938
                 -0.17321270993658655080
                 -0.26499600289473401737
                 -0.01372211975728493578
                 -0.22509651868559904520
                 -0.30415500013861651585
                  0.06097202621987084931
                 -0.31898863172624586371
                  0.01432747057806150331
                 -0.12445385200884531707
                 -0.01931723224029900307
                  0.19979757187208554980
                 -0.14575024428902269569
                 -0.30710665619607935284
                 -0.35104659642052704616
                  0.33940926502179041835
                  0.29710701985127657698
                  0.42219059494902150265
                 -0.06004852958088018056
                  0.33742502088448289577
                 -0.18785730191611668682
                  0.74241011426347047752
                 -0.05558369814872627518
                  0.13314247903736586842
                  0.38153542812642532445
                 -0.19427569510669917552
                 -0.29384645146410159899
                 -0.16089261049070913145
                 -0.23418635795144063239
                 -0.30915680497086139855
                  0.16232082243244636000
                  0.15584077812072535951
                  0.14803157602489488975
                  0.00213911838263488837
                 -0.68869632040161932185
                 -0.32304097200824655189
                 -0.13257251743781972575
                  0.26210316995603816226
                  0.10976123581592422962
                 -0.08481787064426421496
                 -0.06563246996850699566
                  0.46846597192406708166
                 -0.33828166244939750218
                 -0.05912145732040591239
                 -0.35826504269754388954
                 -0.06048667820778663717
                 -0.61828625126940617296
                 -0.33262978871613607668
                 -0.14043972651491659631
                 -0.19583519999996495953
                  0.29780361131061261482
                  0.32488541484415900396
                 -0.18995984451801073423
                  0.00787376060577358455
                  0.02531460244870973458
                  0.10509903864119937711
                 -0.48795079103036820278
                 -0.40578239091270246197
                  0.08204860611755297739
                 -0.47312576207293960406
                  0.15669946776357221441
                 -0.08816603531487599010
                 -0.07130449460993293354
                  0.08941875161536849692
                 -0.23596050011828023640
                  0.08400404049319776245
                 -0.13266727914330286864
                  0.01412467456681476205
                  0.00961907169125228792
                 -0.10596251398121685205
                 -0.00116786106139335662
                 -0.21117168621573984000
                  0.61968976621532267934
                 -0.36382283681974697531
                 -0.52300019075865566975
                  0.36877505819878758642
                 -0.94866225784968349899
                  0.20167338230250236863
                 -0.38313858268358574888
                 -0.40259785883974646969
                 -0.00872915146275934570
                 -0.14208252634655627045
                  0.19817238234435960442
                 -0.27574124731368049313
                  0.26592820976349956785
                 -0.02238897826569278410
                 -0.42261883186837168047
                 -0.14415420975770346090
                  0.60821168481454690458
                 -0.75456017927035812232
                  0.39682911654588226558
                 -0.03408587314772681259
                  0.06721733633434746891
                 -0.22583153056971502770
                 -0.10104707044101080005
                  0.31798488730282142845
                  0.36263430925997319765
                  0.17342201171470519871
                  0.45216815104144042481
                 -0.28685687605015408597
                 -0.08390370396653629159
                 -0.00515134430066116478
                  0.31202538468431711971
                  0.06704587029457353964
                  0.13511164142582904324
                 -0.17255352322448425095
                 -0.03858604344287242666
                  0.07450600113485188192
                  0.16944412041554918202
                  0.93908862919962565741
                 -0.19734309069087946353
                  0.72233507614990044576
                 -0.27175665073149385398
                 -0.23981699461303551679
                  0.23893081059705856273
                 -0.21251226583791155145
                  0.39193974777788659347
                 -0.24410920564218471784
                 -0.42945015765162763977
                 -0.36704464575824752304
                 -0.24138741935748608824
                 -0.07627109382720492770
                 -0.42558156616964054608
                  0.28682123333891346162
                 -0.02839344916164824456
                 -0.23412812287756956664
                 -0.09418150849558595827
                 -0.03809035455026130862
                 -0.33411583644376185998
                 -0.14046669374591899682
                  0.24017918910090954587
                 -0.36830421086896625305
                 -0.22901468550709355720
                  0.31019416795935811360
                  0.35455340160887721668
                 -0.22066978862775996073
                 -0.32828918905563486685
                 -0.48876824612359959232
                 -0.07637898040603788297
                 -0.24456945498688459351
                 -0.07610077899408428104
                 -0.08179905134754757168
                 -0.63150949224788277547
                  0.08183225693405102308
                 -0.05788701861605363014
                  0.45183329895476748161
                 -0.42736063368050769551
                  0.51334310387877690740
                  0.25789416112783752899
                 -0.08138994627011283955
                 -0.02889163044602606478
                  0.01213672857278955304
                 -0.16672968430621121216
                  0.26400951046739357109
                 -0.29131667433363778175
                 -0.11087428795892378952
                 -0.15962276870137659390
                 -0.21117346085391738852
                 -0.10842855863523900850
                  0.07680593272275582084
                  0.57247329495569720947
                 -0.52857357308527397333
                 -0.08972701359923694608
                 -0.14833171189760779862
                  0.21108921984614839595
                 -0.35647340073520927817
                 -0.14221758055379823960
                 -0.14158656160580893046
                  0.07610798980797904567
                  0.18877722328257900974
                 -0.04219430052235165207
                  0.21123215102286588274
                 -0.05429792141810839412
                  0.20494792632343150629
                  0.26596509437810106347
                 -0.06223265610272973869
                 -0.21623952319174194470
                 -0.23341336940807008715
                 -0.04535231150559147772
                  0.17022198278747907585
                 -0.11379024596777276290
                  0.06978805404990809369
                 -0.31195353149834692541
                 -0.26559493084973140320
                  0.33693028530844926216
                  0.09776850331426012453
                  0.11382838827980987229
                  0.05815870208436857425
                  0.40466498483373297690
                 -0.33031926019786223003
                 -0.32759840964153258414
                 -0.16550076830420115681
                 -0.05171093399978592131
                 -0.18185819257134772098
                 -0.04100498121437868432
                  0.34947702672650354794
                 -0.35495683050672066638
                 -0.33185826433515985823
                  0.11561001636648603197
                  0.43417256305052370768
                 -0.16606794294932550327
                 -0.16948086191910821663
                 -0.06263977526205928570
                  0.25543723909587379151
                  0.17343692515128522613
                  0.13106816966139214764
                 -0.22963073613550899488
                  0.28949421891750459768
                  0.20038032350304010865
                 -0.25050166391165484825
                  0.48457337271635686493
                 -0.24190778480520458427
                  0.12914948515223165226
                  0.10378936161715675290
                  0.18832107650302351565
                  0.39075772591363688857
                 -0.09991739052838455315
                 -0.57645024605479511237
                  0.62959901713388943811
                  0.48220343413571042923
                  0.15076576547250805649
                 -0.17337559498072127595
                  0.40728667913444638327
                 -0.23242804365801400523
                 -0.32462164228435452795
                  0.42699756482121709045
                 -0.40395169801234481755
                  0.23946798661292437171
                  0.25071736611149331164
                 -0.39198011646650565698
                 -0.00746738325356351325
                  0.23125820142480049690
                  0.10266405544866448463
                  0.37020448143038986455
                  0.05641377527736429753
                 -0.03789526062558722791
                  0.01401876611730797778
                 -0.27555235865525329331
                  0.13219220325137520655
                 -0.45272738618612740069
                  0.47432191477579516148
                 -0.11599105552953303810
                  0.40061872728062042359
                 -0.32795659312065278401
                  0.19722417175201162332
                 -0.17972777590924260416
                  0.13080050807352239239
                  0.08666855218823124596
                 -0.62298436491845776697
                 -0.20618446281095165196
                 -0.47979583201940351200
                 -0.22160337356004228271
                 -0.54353620402715918658
                  0.13703562491056878181
                  0.32679552110418447208
                 -0.56717016785586160665
                 -0.22233598521747990895
                 -0.08371271234222261992
                 -0.36673530281752891868
                 -0.54453646352538065400
                 -0.48491606612328191916
                  0.00551167397970456999
                  0.07064923152457429356
                 -0.52306592740925761387
                 -0.06474480908429801340
                  0.35365636001638994790
                  0.57679971064538781977
                  0.00645200486823655807
                  0.14493111383388218583
                 -0.14297311203136675584
                 -0.27662202703710525586
                 -0.23402313648170858240
                 -0.15669763925592691822
                  0.56535829501381995588
                  0.13278280924613131142
                  0.00690700940809252373
                 -0.41283742285555080631
                 -0.24142552655194762790
                  0.24151518148116668527
                 -0.03615390324480242945
                 -0.06904405224821696940
                 -0.07058985710016327242
                 -0.09083138388431563626
                 -0.05748149458632669656
                 -0.07241255144725829151
                  0.23562527772634356271
                  0.13742524870058564490
                 -0.03245666665956958852
                  0.09245804985249961305
                  0.17645443329926105425
                 -0.01141004193145437468
                 -0.26316574718468654925
                 -0.36200571754607507868
                  0.18892533372834549588
                  0.07834652125537666656
                  0.21409848837192546611
                  0.15094125972209071485
                 -0.13784293139188377730
                  0.19030166402972104045
                  0.08444510424410429927
                 -0.09134169615545750798
                  0.05314085662470284521
                 -0.33500934403022203378
                 -0.15768234625368879320
                  0.04699661643788566323
                  0.17115018705877704797
                 -0.08660279085950528533
                 -0.26936149476087817289
                  0.25277607755664366351
                  0.41427789023315364503
                 -0.40776112391812052715
                  0.14632049901094504318
                  0.24182136579107388341
                  0.26764584194492874181
                  0.01839115243931133126
                 -0.01178642098114812513
                 -0.06003077183730863575
                  0.21248797288947024464
                  0.01093107601533807940
                  0.12347429439332752166
                  0.14337965279209247127
                 -0.11406554662522130905
                 -0.16575477021425541468
                  0.12773293969434384998
                  0.55180628039473889057
                  0.04142216193273490221
                 -0.67740664375885595305
                  0.05825725369827648714
                 -0.29106035963928733601
                 -0.00372382386685930766
                 -0.21999176710944418067
                  0.19950189325702666343
                  0.07313131599448854936
                  0.16948250313216067786
                 -0.48817836628229255291
                 -0.25924809404971155269
                 -0.16442492028868341269
                  0.06372206537057283071
                 -0.30663853174899163845
                 -0.02116196916800861666
                  0.30512222013927547959
                 -0.17657394766974698896
                 -0.28857668598584684805
                 -0.10355522968340605261
                 -0.07565550874552458283
                 -0.07758388123411689985
                  0.21679124511506731032
                 -0.08091740983633444184
                  0.16247984812084068085
                 -0.13938227363291225136
                  0.09486618112277052373
                 -0.30766958281190237567
                 -0.21439697765643980776
                 -0.20081566817012391768
                 -0.11462156914798368734
                 -0.53515221784212929634
                 -0.14583398941238803759
                 -0.09779214202623395802
                  0.42294218356791768443
                  0.30480000987198063722
                  0.07281200569271080447
                  0.01942653821590360763
                 -0.19611994016922271178
                 -0.17549137387759605744
                  0.21071888200049873618
                 -0.39218904749375887997
                 -0.38642131845458982387
                 -0.12332865876455545440
                  0.23058703665547325423
                 -0.21522486360962078678
                  0.00873278895535405109
                 -0.06314088882622116705
                  0.07180652338377607746
                 -0.34562180308060158618
                 -0.16228839644765913341
                  0.40542353254020824238
                 -0.64396828280948270606
                 -0.20710890551869823306
                 -0.19830987754697629311
                  0.02316856354641913876
                  0.20370058785983150007
                  0.19043853904346905170
                  0.21129688788224609830
                 -0.12683782533119539182
                 -0.14151535740359699744
                  0.06184298335453223411
                  0.18951231129345763593
                  0.04251119666298863731
                 -0.05113928830743323661
                 -0.60032428352169431296
                 -0.18636475197845692175
                 -0.17995862526695249883
                 -0.17694521337569760200
                 -0.15012365615812497954
                 -0.03561174046374046553
                 -0.03177416364908165758
                 -0.19860925682398516967
                  0.08997503591268017631
                 -0.20935764076760030039
                 -0.28675717584346810396
                 -0.11038774714729594761
                 -0.33445622947187991780
                 -0.27913131236585830841
                 -0.05510871673910122670
                  0.17084863457042379076
                  0.04948461312506956256
                 -0.00703841311436697020
                 -0.09879894505365210966
                 -0.23254063069270572428
                 -0.11341412468671624447
                  0.26210545716211119949
                  0.10968494830673276852
                  0.44827074329102417627
                 -0.05009732253070049018
                 -0.52918434645651912795
                 -0.14082704197397638568
                 -0.02855607323039516948
                 -0.00746941966998394043
                 -0.07914370351948234183
                  0.05546552695237581126
                 -0.43693861879387863034
                  0.13756817752120428788
                  0.24138590219984229490
                 -0.13813057015055649202
                 -0.00646698857337475036
                  0.54800258533409906825
                 -0.25233609702271320163
                 -0.12352746494731117743
                  0.30072492133689843197
                 -0.51507643577659845135
                  0.10647980002911294761
                 -0.63477127405655653369
                 -0.09803217670844865950
                  0.53552857781851326280
                 -0.31520567309981506465
                  0.17923362971952222500
                 -0.17226738639561128830
                 -0.40770958730902406852
                 -0.14286640502942815623
                 -0.17289955188527841856
                  0.56423604852487585504
                 -0.63631343470150958375
                  0.04616047028810064262
                  0.03062498301354165536
                  0.13618899039894968861
                  0.11555809461138052963
                  0.29971979826558170501
                  0.22569540345293012673
                 -1.31306653009044893565
                 -0.36997978478722259865
                 -0.71022815982144460456
                 -0.28825976830848959453
                 -0.46107288388326578277
                 -0.02436006187696823297
                  0.38643723841058014168
                  0.13149504777511142328
                  0.22345559196910691480
                 -0.13429031505808117219
                 -0.60268361987220386844
                  0.37428158662460958572
                 -0.32536694774407309838
                 -0.78535585366111082539
                 -0.01850707144198043136
                 -0.20067191276379420239
                  0.53268575811304974543
                 -0.00399089453998686255
                  0.49397425368109293409
                  0.11147873513107683929
                 -0.53860463489840626483
                  0.21601875400108444536
                 -0.84287574443564095006
                  0.29680785509158474911
                  1.07746643137610531582
                 -1.40177592710733511794
                  0.28933584551621832626
                 -0.73565169006165787025
                  0.42478458593439610835
                  1.27735636402070129591
                 -0.91656227646476640114
                 -0.41299532983984682533
                  1.09161012819044311861
                  0.33295104020081772722
                  1.36920481007937211437
                  0.21076793912130500908
                 -0.26996295324939673099
                  0.34264797320187484475
                  0.16451000350906094805
                  0.12900614312993635702
                 -0.58092257195100438505
                  0.17851433039172373562
                  0.20592185358159525999
                  0.29969780251711725105
                  0.43562316142799972774
                  0.27023753860899513146
                  0.07142168192449060982
                 -0.38299380016356709966
                  0.91718630525433075817
                 -0.10975264110936709672
                  0.22076092312244779969
                  0.60984151338023528943
                  0.53028998952185335547
                  0.17213861987858541935
                  0.39707281712020547904
                  0.64358679547615749161
                 -0.99409626964458741583
                  0.21489803228110795907
                 -0.11135716748751713079
                 -0.91362670489473829516
                 -0.71670927240053283747
                 -1.04497523229423872060
                 -1.21022966711389767802
                  1.00813260193915610330
                  0.27519788999260874629
                  0.81921544338900598170
                 -0.62634322071599701776
                  0.16699379259438432155
                  0.56075792721338080238
                 -1.17894638591673084349
