9	2	1
50	50	
1	3101
  2.4977010000000002	  1.2462420000000001	  2.4927980000000001	  0.1482145000000000	  0.2935940000000000	  2.4828999999999999	  1.2462420000000001	  2.4956784999999999	  7.7500000000000000	  0.6848405850000000
  0.0022990000000001	  1.2462420000000001	 -0.0072019999999999	  0.1482145000000000	  0.0009830000000000	 -0.0170999999999999	 -1.2462420000000001	  0.0043215000000001	 12.2500000000000000	 -0.5337312150000001
                 -0.52281733725269619040
                 -0.14792430072835835442
                  0.11873717057132475439
                  0.89766836391865079126
                  0.15453343798961860500
                  0.54739762063293018191
                 -0.97031603368480445759
                  0.26067326123249412451
                 -0.32062169052132455382
                  1.09854407399396314382
                 -0.09644301948587497009
                  0.59399159930908551619
                 -0.94975978705225350129
                  1.12319551611123502610
                 -0.66110494547590326064
                  0.72549549228219345487
                 -0.13447411940385078921
                  0.01484841083727762683
                 -0.13498883298562669442
                  0.51393264043269748509
                 -0.38401520853281478907
                  0.54358987850845175149
                  0.28146948628634921308
                 -0.77415325310392690827
                  0.10995505315852105443
                 -1.22008517681333739091
                  0.10924714730414779307
                  0.49672406145487252305
                 -0.66776936767277805806
                  1.17206593907164080548
                  1.44640590683711178777
                 -1.00361548952760637476
                 -1.03660251300301675670
                  0.23178772194452043620
                 -0.97815050563796190897
                 -0.12869805422403868267
                  0.43789314522007449781
                 -0.65792154799445501379
                  0.44060780149749856349
                  0.59457763138499208910
                 -0.57826556916123483809
                 -0.40392803197603499576
                  0.23065068137602856568
                  1.01540637140892653356
                  0.29774997816106130166
                  2.14582828675538506147
                 -0.24782354283035182285
                  0.39509042344577260941
                  0.25274974310569009450
                 -0.50953314947176098215
                 -1.58628433864636830819
                  1.15351782353504161982
                 -0.98964370079304564420
                 -0.03856876714665073702
                 -0.33336444245141777509
                  0.57540627507050201572
                 -0.82564852613742900633
                  0.48886911591664650167
                  0.83654655254516752105
                 -0.43401359552349971782
                  1.13745691253293257361
                  1.01424829637702429430
                 -0.42763948006101204502
                 -0.51588673107327431833
                 -0.29543898191909268025
                  0.89969608818132695838
                 -0.37529502845257473043
                 -0.95037201317771169418
                 -1.04769447574427410075
                 -0.44996156673125503600
                  0.25968894450485524583
                  0.50006992065064459485
                  0.28378183745539031779
                 -0.55113914128260588221
                 -0.20951200932469971061
                 -0.87218296649422766276
                  0.39430506384398311681
                 -0.54997016663805897707
                 -1.07862745946915561390
                  0.71125647291485150081
                 -0.13903744571700643595
                  0.10872144979676150178
                  0.62462254466441502476
                  0.14059231476428482588
                  1.18885174410177385518
                 -1.18072098860250318531
                  0.54887502289117295895
                  0.60140268155742315770
                  1.12801712968435308149
                  0.22446140708181805401
                 -1.10923734268225504529
                  0.07302138193095961127
                  0.38733282606408314663
                 -0.08483908694586993204
                 -1.16576992939648871328
                 -0.54131284186571648753
                  0.16431946846273931540
                  0.60147663830120179362
                  0.09390506117601601921
                 -0.65144568936646229940
                  0.21161310862579701952
                 -1.12430121969678986638
                  1.09779788828642543841
                  0.26796434279080755259
                  0.46626929247315662685
                 -0.11197891176207591668
                  0.09025431930871941066
                 -0.49601382221342210643
                 -0.71756975116186849650
                 -0.19266448909890951380
                  0.54242583757617301998
                 -0.13808594699391149585
                 -0.55506992619370076891
                  1.16949557334390275010
                 -0.79138905637247181080
                  0.36272836318991208415
                 -0.34241140606503478461
                 -1.20397783369705146939
                 -0.25541062291843885657
                  1.21317372941599810332
                 -0.16399725947715165786
                 -0.03426465142352695670
                  0.70449767081911518485
                 -0.76733860217833593786
                 -1.00488532489420800964
                 -0.11068467434501501334
                  0.17993018676468314210
                 -0.38401860620138489333
                 -0.05047505354064245331
                 -0.13132611326617082970
                  0.70105245356999679185
                  0.77541854895464223940
                 -0.00699491573861757681
                 -0.85456019324689036498
                  0.59290411718439095523
                 -1.28531436652382313746
                  0.75539254348937301398
                  0.51016634318836096007
                  0.29314045950794698214
                 -0.16995139741251408250
                  1.60655129069028257405
                 -0.30649484167163804083
                 -0.05364740730355949810
                 -0.04334937395016322248
                  0.27781465813869310466
                 -0.49742847590774630362
                 -0.01307645267988584784
                  0.88249676034179636019
                 -0.65441746896321473237
                 -0.28911193471351281925
                  0.41163808176507166170
                 -0.63746732987741228094
                  0.29120152024178830308
                 -0.33103484537329314064
                 -1.23103183683568606632
                  0.71071548861700861721
                  0.51525439879372081364
                 -0.30962977904398086837
                 -0.20461372433377356117
                  0.00415365008390017072
                 -0.83980187899235059223
                  0.45797668145146736007
                 -0.00737834037013583143
                 -0.97651490917406613690
                  0.63463014458863964418
                  0.49163490204264609362
                 -0.92240524105600640858
                 -0.41736361638823998854
                  0.19602811402895573001
                 -0.09454407106644370506
                  0.37461398090787900728
                 -0.29086520836129431400
                  0.46668604308734068509
                  0.99019749452813499158
                  0.37200400757379809003
                  0.87711586929115403777
                 -1.14081046185939727344
                  0.70502327925438135203
                  0.64182417068527741755
                 -0.12064821058600207204
                 -1.11371349205446468211
                 -0.02398657245818659051
                  0.32410423038932228978
                 -0.89364156883721546087
                 -0.22302651620264246635
                  1.01792583774374811867
                  0.31032605208234403937
                 -0.18282932127702017366
                  0.04719431084801678500
                 -0.43653085302023558745
                  0.02609123047179610216
                 -1.81191403239642667700
                 -0.51971049542408431776
                  0.56172592052988068456
                  0.23490341240536985468
                 -0.13646168886231707651
                  0.40156745708305346954
                  0.02035626439647817212
                 -0.78605628486996370619
                  0.14510449244827319792
                 -1.11054919913165295320
                 -0.38275527695871502942
                 -0.11802019746429986968
                 -0.44402300284295448396
                  0.73095241380599784708
                 -1.03273512695048963472
                  0.22552221746517697731
                  1.00890201808931911920
                  0.99630809689476484969
                 -0.91877564276676504385
                  0.08935667880156604459
                 -1.04413224535215132249
                  0.19029876510668997103
                  0.20190998570798718292
                 -0.24810511497127216152
                 -0.58927360347186918954
                 -0.35367162910931859710
                  0.04038189434523838800
                 -1.26929718302913485672
                 -0.15527492211340623851
                  0.72059536076817320982
                 -0.38301292463294001056
                 -1.07654624838888857141
                  0.79941772303958269497
                  0.18684588419950765026
                 -0.43574827967182011568
                  0.37794111917665423883
                  1.14291800696295586803
                  0.23962633311329972763
                  0.30197461300162742326
                  1.31790902139169352481
                  0.99048578683250076971
                  0.00490389558109226298
                 -0.02370664108901022332
                  0.76313352645923449025
                 -0.18928240530417742016
                 -1.07685823035590999552
                 -1.24369445541208079042
                 -0.39661713876588017280
                 -0.94318370104144655386
                  0.40734853653688368746
                  0.09747582278982666604
                 -0.19411474294823663489
                 -0.65662350957777837479
                 -0.06043140427050481406
                 -0.10085553700268362620
                  0.84442032419930401765
                 -0.71305756800968034259
                  0.18656526978450541088
                 -0.94727928789611115512
                  0.40308417915108957219
                  0.78185028832182124070
                 -1.40060538110107501986
                 -0.45063618925272563853
                  1.03557754650037292521
                 -0.53113911018049764223
                  0.12764372212372032678
                  0.82785247102581549505
                 -1.24570353183895554672
                 -0.95456082454491320011
                 -0.08469580504493541551
                  0.83990581729320901161
                 -0.58485606360821162930
                  0.20510280474956629759
                  0.23492844268783300010
                 -0.89379661161082279985
                 -1.17832566412921302401
                 -1.00499146453010856916
                 -0.09593634493649566553
                 -0.12031392224571521576
                 -0.03916836681549482058
                  0.06023799586225484642
                  0.13265571503909318052
                 -0.86575964726473575439
                 -0.52358526026857432623
                  0.30759888804616830615
                  0.89840173620075114425
                  1.30982701135372647805
                 -0.29466306892771476633
                 -0.95285918180067985528
                 -1.17305569024594991134
                 -0.48315885756527354733
                  0.85595777481452528512
                 -0.51239822875527674118
                  0.54936018291192989516
                 -0.07457895530158946407
                 -0.32336498561870002932
                  0.08890791445001255955
                 -1.33556989544414239646
                 -0.87066181083084226433
                  1.13053227039546144717
                  0.01967033152602791490
                  0.09800965448129823898
                  1.77940088071524837865
                  0.25104057850472866198
                 -1.50140633431185266389
                  0.00768613213127795729
                 -1.29538507058057494881
                  0.05292899884963170321
                  0.14953647369501504860
                 -0.45259642544231543093
                  0.99450338553841344247
                  1.41047106758654172687
                  0.62007225728611359283
                  1.03618502890173602715
                 -0.10059050602834390675
                 -0.40077768499601801322
                 -0.35929302552839492702
                  0.02700327438068384281
                 -0.98200924840247783010
                  0.78547521453805091429
                 -0.42766178367782786696
                 -0.35418657315767199112
                 -0.21975170630467402710
                 -1.15656464927802327125
                  0.12297899349396623769
                  0.29481592100591302863
                 -0.82003574334292728132
                 -0.69387090496872327883
                  0.91591898846661634614
                 -0.49193776529047072987
                 -0.26568045528893019513
                 -0.31251413789825782663
                  0.33544849930602654853
                 -0.25865748053317072497
                  0.29507423359903167670
                  0.53292071920336714363
                  1.11487647278814083762
                 -0.42050688218056592182
                 -0.68139307175134877781
                 -0.75389779353587194066
                  0.61562979218141133941
                  0.18238210756527584167
                  0.79937648357292589996
                 -0.29832645603216834118
                 -0.67756460658012473974
                  0.07872240340579317319
                 -0.36438255300157201821
                 -1.09051300782680993251
                  0.76185196155983525568
                 -0.94729336038493194838
                 -0.20484366097306969112
                  0.42839801085392625879
                  0.02001529786064296101
                 -0.67225637529040949136
                 -1.03894884528444464422
                 -0.40615544873312420249
                 -0.21236880995144549744
                 -0.94540687092233199884
                 -0.78241118137579312997
                 -0.46790769833890011320
                  0.85013274022021056986
                 -0.69322668993654923408
                  0.38288608872842394559
                 -0.50284361395263665884
                  0.05388388688259683479
                  0.69715538360068085577
                 -0.81786072339638438145
                 -0.59248297866627319674
                  0.18687500714443869287
                  1.01977593263687182912
                 -0.61830640274367809628
                  0.01542994182010129500
                 -0.48713139366613861236
                  0.16393020792500906380
                  0.21021574158119812892
                 -1.15906847725804151850
                  1.50072263828097907101
                  0.12598464221295421761
                 -0.86489617924271555705
                  0.66171723118823111420
                 -0.10808942681000446862
                 -0.82320380201583709390
                 -0.04825239450468527674
                 -0.59699434317353206048
                 -0.70723663171527373361
                  0.06419942425499011729
                  0.23883869086493733636
                  0.23688906644973459215
                  0.30547318756856556288
                  0.97952901674420111977
                  0.68628987563545218453
                  0.05505237055283405262
                  1.23731709812282986150
                  0.36883525550657642045
                 -1.31166466272258097625
                 -0.23455262767057502571
                  0.04134572546297259066
                  0.96293239291290977366
                  0.93877574306587796560
                 -0.16141913706464292022
                  0.86610324452284892516
                 -0.40720999933655255276
                 -0.20268622745545711306
                  0.81439195102466332976
                  0.63835631713097351625
                  0.77082413398743609978
                  0.23207294896567351450
                 -0.80907292060730440220
                 -0.01161075547878167961
                 -0.46762712981232784637
                 -1.16366704521754216195
                 -0.04255311339832566070
                 -0.49230715146659659309
                 -0.18625951045620547930
                 -0.68890632549136321394
                  0.32946471894989459717
                 -0.18153447609674938645
                 -0.34453114060153011700
                 -0.64948449882034653413
                  0.30548778319653058233
                  0.14985416287961036974
                 -0.82737014003647346705
                 -1.29006225445614841618
                  0.18904674075328833927
                  1.34438836119112248291
                 -1.81416283235516062611
                 -0.17196350572832083681
                 -0.74069505743178720714
                  0.68707430306968497735
                 -0.08235585290382660406
                  1.68025016860503462190
                  0.07209302337794795679
                 -0.23700042253803177417
                 -0.44502846085891784034
                 -0.31769149455053358189
                 -0.57912846833035147576
                 -0.37375711877351369683
                 -1.10001027729400613353
                  0.64567460561585798828
                 -0.10620307470977131958
                 -0.88477321386586949004
                  1.22713870574873351593
                  1.19801791108097677174
                  1.03876591210413482536
                 -0.44192943418031943592
                  0.57283407664293228834
                  0.24036000455068395887
                  0.03060609782687074079
                  1.11793456460686413401
                 -0.07830740221021903480
                 -1.16151360630883671021
                  0.21227923230177003777
                 -0.41116659082129403124
                 -0.15253736292609010317
                 -0.10892043570262614771
                 -0.54269302541765895853
                  0.86217774738761099318
                 -2.05408728682195018678
                  0.07934837990494397753
                 -0.36836981664815365844
                 -0.05713632530997161951
                  0.14590416639799458354
                 -0.33389441224132015984
                 -0.02866287521919422612
                  0.44617491243301299342
                  0.03652325349940621635
                 -0.29868848294964600587
                 -0.16126041531573342969
                  0.04177254149965238528
                 -0.15167869497095451403
                 -0.22531252903446308267
                  0.11952851062982554342
                  0.35194286876829428135
                 -0.14059560431705434014
                  0.03896881556507221511
                  0.17800306209158042736
                 -0.32186032209815440552
                  0.19137312581001220124
                  0.04114010981207778112
                 -0.04199278163717745649
                  0.25887632613457001174
                 -0.18994127047771469652
                  0.25729397265866083000
                  0.16051695516764610816
                 -0.27804420134155116706
                  0.01728804427460566007
                 -0.30322926574689906820
                 -0.02660512341485452015
                 -0.51252594901147396911
                 -0.03374971952979802930
                 -0.39909978470109441773
                 -0.32658186861919841215
                 -0.52661079035612246013
                 -0.17962881653957041284
                 -0.34403467690722866479
                 -0.37154067486090680550
                  0.15782201919314392535
                  0.18161343332250523552
                 -0.48049381049758232987
                 -0.38671357729312277884
                  0.28661072959367805968
                  0.67206537926699982943
                  0.05318511248341633441
                 -0.04971253686275617367
                 -0.47806171541288622340
                  0.41190213581105483698
                 -0.28078765329312688204
                 -0.29350388045783160074
                 -0.41237866092062014367
                  0.27491994155202614802
                 -0.02527170068485853904
                  0.07955796363276841643
                  0.03123989955749385122
                  0.52447926724420701472
                  0.15885774373420541439
                 -0.20540828256236801086
                 -0.05312351580448652910
                  0.09986340447497564499
                  0.24563213923266430383
                  0.31128593244005692275
                 -0.03406395210681947838
                  0.27213746599943594573
                  0.22493949890959416549
                  0.20795714798237696641
                 -0.05000189781660945715
                 -0.18767610855050054219
                  0.10496209311135669406
                  0.03953520964133130228
                  0.35039133218251172774
                  0.01619331073189723622
                 -0.13511012327985655324
                 -0.28194096513921734770
                 -0.17710813519873785937
                 -0.26013406735699995398
                 -0.26784882825890249380
                 -0.05491824851955168230
                 -0.06406130868284470870
                 -0.20494301881278725874
                  0.28097547953779178354
                  0.03367594331282106751
                 -0.30157087042930608156
                 -0.20606335046253895782
                  0.17190678882755378032
                 -0.01853853704097430805
                  0.63945201171338039714
                  0.19829586680263397436
                  0.14980259887533617369
                  0.05374046943887697547
                 -0.11141122510534655354
                 -0.17973907255477919453
                 -0.21192827882796883010
                 -0.22881405802060847399
                  0.25937952724228258150
                 -0.31330256499784764346
                  0.25202249957696076788
                  0.08215530812370022695
                  0.02654315462951434626
                  0.09106752027507841740
                 -0.33718977674454042592
                  0.06695923258607169859
                 -0.07343457399670209884
                 -0.01294082360291106196
                 -0.50256754092263200562
                  0.13609326435721749715
                 -0.19734821841407268472
                 -0.25084403190640197634
                 -0.05890458898772271690
                  0.22883107882212086470
                 -0.27302115946797461676
                 -0.09529083952261430124
                 -0.08401615776492771248
                 -0.17075016508977250429
                  0.35652490682887688633
                  0.21684549906118905094
                 -0.53412561409046399596
                 -0.15468336404783866733
                 -0.07905811850503766114
                  0.15898311216473554053
                  0.10652788697782658578
                 -0.28834834094217859368
                 -0.17403980883357886289
                  0.41609995178090791734
                 -0.29759169733774243349
                  0.04438763623796958963
                 -0.31462477740990218988
                  0.17113642086058056258
                  0.00222491917914307245
                 -0.53794213058425033314
                 -0.10625820219782314280
                  0.16298889293536344969
                 -0.00314486515237739211
                 -0.28596238982099370096
                  0.11030636062765930561
                 -0.02762216928956126930
                  0.23169056019707845451
                  0.48720519420808144906
                  0.15502959844997463157
                 -0.05377446405728692619
                 -0.15047980613008102302
                 -0.14375788440103040577
                 -0.38916281058181056984
                  0.35077396922261550039
                 -0.22212403339366956767
                  0.03384918345926565819
                 -0.14670919509534141589
                  0.21959560326223895310
                  0.05348237029294304612
                  0.32679679398871036566
                  0.17460235091150638764
                 -0.18382610309786334701
                 -0.33521456616267936157
                 -0.94330515513826918017
                 -0.38216372964587386196
                 -0.02003644875446583540
                 -0.08267262045885093169
                  0.08121992755271670306
                 -0.13094261558512246268
                  0.04220565548464382671
                 -0.29645506533603666055
                  0.05589415777541617558
                  0.05041322714047054288
                  0.30868941605942040729
                 -0.01149282655515157514
                 -0.12151034480377215230
                 -0.03879410731904484738
                  0.33210224308411234739
                 -0.24177466815715192849
                  0.21909374083783439424
                  0.47396271239983439605
                 -0.13533379785652566163
                 -0.02372133357367855327
                 -0.41282248477258687291
                 -0.17546576761458471116
                 -0.09467081172477773143
                  0.10835020564033144563
                  0.07269892071093883579
                  0.16304621044591283141
                 -0.35767895799168886173
                 -0.00927820185492218147
                 -0.40959280880974713313
                 -0.28987290409210547670
                  0.09130688168686565409
                 -0.10395580649096154702
                 -0.13351300274622940334
                  0.20775310113934342127
                  0.30004181913883826160
                 -0.07886019114388784224
                  0.09568673936948089709
                 -0.28317706556737609613
                 -0.07437924593328523737
                  0.26616676231215513626
                  0.26729733464579435998
                  0.08781381338819581328
                  0.08446829967723318289
                 -0.33507750069649716584
                  0.29020739643879150949
                  0.18898577617103817783
                  0.32392356634599828169
                  0.12771265628201242115
                  0.07602184989444911445
                  0.36016795146304847464
                 -0.45224151510676530163
                  0.06746651684373736191
                 -0.43666581570581697314
                  0.26786924933756278699
                  0.27925505886989265836
                  0.31817962076809136462
                 -0.20005526524257946641
                  0.02344569928141043355
                 -0.12895864687734470699
                 -0.19318619993122640444
                 -0.06587107282304646705
                  0.05564853409639254622
                  0.51791396755452834277
                  0.02249752984159754041
                 -0.11995644075869697776
                 -0.15035517663761630014
                  0.05102451500519069455
                  0.12834660634125974465
                  0.64803823915832392544
                  0.44801790744968861269
                 -0.16128086128464652615
                  0.06989333787608492665
                 -0.15386478664442357345
                  0.30900094256738086518
                 -0.26671658453152680135
                 -0.23621689971581472101
                  0.16406441882151609479
                  0.33243166961923265035
                  0.05866661200607970611
                 -0.03272669472287566272
                  0.15306619805708593374
                 -0.16165908941546264233
                  0.17419167920886408085
                  0.32075430757435235973
                 -0.16164822730931410755
                  0.09651390048623506579
                  0.13891733412966483785
                 -0.44610978815904023254
                  0.04842690332478745419
                 -0.06887763510160352376
                 -0.38404753291068932652
                  0.55937400688156657669
                 -0.04944920677061637182
                  0.29874301190102348080
                 -0.21786992435019328362
                  0.19309202622538232386
                  0.38461590829371172795
                  0.21166834059399447510
                 -0.14967731744008602734
                 -0.18596949456014319479
                  0.11318788932700778183
                  0.01591550940730709213
                  0.32152805669287165546
                 -0.10386917555157819393
                  0.33539615207436990207
                  0.12123410314074228866
                 -0.45444648102004286949
                 -0.04798422948055679899
                 -0.33242659115521649982
                 -0.06673069266690767609
                  0.17473078782416351373
                  0.12119057411814485037
                  0.18053903289103226393
                  0.18528452424509392338
                 -0.05127810535145073401
                  0.11964170118901308604
                 -0.41515675398085366554
                  0.04897775300309695212
                 -0.28747545110229238974
                 -0.23332218766349566152
                 -0.24737763821763547600
                 -0.45836493099702813048
                  0.04721206365350957834
                  0.30719200931399603949
                 -0.54895962231765194073
                 -0.15962275788682786515
                  0.28804663622946136137
                 -0.10753609304384093015
                  0.10742574708169037867
                 -0.20169892918142415250
                 -0.34727181303542875579
                 -0.44081233392792840142
                  0.00521502185710758653
                 -0.14983365289883684990
                 -0.12404540057314059065
                  0.03988253804383339041
                  0.15365926094023316106
                 -0.24967164089656723736
                  0.14815943321589714055
                  0.09083705196053890041
                 -0.05680440076572295521
                  0.14743769399209435966
                 -0.34148186020757398396
                  0.12290551894139009614
                  0.25561436385038599495
                 -0.23517817652027048214
                  0.52416405231567597678
                 -0.04451416129504180696
                  0.05313630859568478637
                 -0.01793494438547756781
                  0.12442954830663703614
                  0.14390284199944694543
                 -0.37693305665915949332
                  0.14957669303192255850
                  0.05826793403214964445
                  0.20220090892232553403
                 -0.19571913206484733982
                 -0.49272194655256146278
                  0.19225216682892548592
                  0.38428346302155663716
                  0.03864401560038175504
                 -0.60072043528142615720
                 -0.14117434526239044934
                  0.45066429584449274603
                 -0.19892225938818175468
                  0.16024202412596405543
                  0.37503718616060960356
                  0.00307973300426100981
                  0.01448879908466903579
                  0.65365136827915382156
                 -0.07608410731529066662
                  0.14571905765515841269
                  0.09951778105440559075
                 -0.29350913439811021632
                  0.05176770981744094335
                 -0.12990439065630260407
                  0.34813766135159651682
                  0.06793950599246144362
                 -0.41969344090220350729
                  0.37897099543438761415
                  0.27842611130483724269
                 -0.14813168433585438555
                  0.33078580525966966297
                  0.04258498207301809890
                 -0.22913542155953947610
                 -0.46476657015736061451
                  0.03734995475736832549
                 -0.21663498505486120105
                  0.14075206686042709969
                 -0.16103708811129829881
                 -0.30621789179142960835
                  0.05842060996547619733
                 -0.04284484591120130137
                  0.03900326112003991985
                  0.43115888254772161137
                 -0.29878945774210263764
                  0.01950704354132606552
                 -0.05447499033971237026
                 -0.02264581646882399615
                  0.08089923302943365091
                 -0.21736501459676582648
                 -0.07312885033548419123
                  0.29308277085371448045
                  0.30789072402668610229
                  0.14816878712186656863
                 -0.29468999149620844769
                 -0.18523132555354390738
                  0.27291609504071939751
                 -0.30628085529255161257
                  0.32283897067586614371
                  0.20656975459812340623
                 -0.01989728340244385774
                 -0.13856205886411782080
                  0.30829142987398244768
                  0.08816364256410902378
                 -0.01916210848233333708
                  0.31666762770746359479
                 -0.06299220674550844168
                 -0.15416828994620579429
                 -0.35176929721434779808
                 -0.19358550309498720465
                  0.31849065226668499262
                  0.01576226955800964086
                 -0.11779156828684736458
                  0.30985503954048559949
                  0.31286305685437165724
                  0.27218673890543615412
                  0.14641556983720507845
                  0.17421681397480512365
                  0.24897885580226347679
                  0.02529378815193159685
                 -0.10922845051296968533
                  0.12273215179442298339
                  0.04708725867965701112
                  0.48488795238132742504
                  0.03204026063179302164
                  0.37080343695849266039
                 -0.09636920230501713758
                  0.00361033467230112166
                 -0.07822861883116641324
                 -0.26793566740376745239
                  0.01255726436080584381
                  0.19138487077573632100
                  0.27611875624169529564
                 -0.11114118960544432102
                 -0.26664560140451981640
                 -0.35843679581674292578
                  0.09333571174791271963
                  0.12201983326786927653
                  0.35000443968911892911
                  0.46789947329945708043
                 -0.23772642072407412783
                 -0.12507038910941689625
                  0.22868411697234686253
                  0.16320653794202721887
                  0.15401306275272222401
                  0.06698556013275536181
                 -0.24890574430737266720
                 -0.35841408874385521921
                 -0.35154591469643681201
                 -0.07710851108515556773
                 -0.21635561116571883078
                 -0.11472208248322492141
                 -0.01724532466510967504
                  0.04347985535701812815
                  0.06767190188299231079
                  0.51635286398942248365
                 -0.40518639928388400229
                  0.12294898820452215826
                  0.10171048469962824801
                 -0.10182576431912604420
                 -0.08410267702376733601
                  0.27765583412010641506
                 -0.22271248915596406071
                 -0.10035915175047929737
                 -0.29563720808390914208
                 -0.13904138593510470545
                 -0.02653277973016567037
                  0.12626331947632282726
                  0.27175939849922753355
                  0.12028569625565781187
                  0.51830193035658356226
                 -0.05843082419599111843
                 -0.04181847220068311832
                 -0.49914974728742267374
                  0.03661528152683345833
                  0.13837489189877669182
                 -0.25395115283957636620
                  0.12491263947510745924
                 -0.18647352305861383814
                  0.26099937127532496506
                  0.13843822273019742997
                  0.17649966415549556142
                 -0.06052474888128672736
                  0.50860907755520357032
                  0.03896886916441582444
                  0.27132192424770174011
                  0.32092516469593512785
                  0.34595739443826661885
                  0.48032881422367296187
                 -0.50229881485150340570
                  0.21683519553164160021
                 -0.05487470634376243050
                  0.20233794499503501840
                  0.43375141732584898691
                  0.39985903814972967307
                  0.21516610421125983987
                 -0.25405055987682240159
                 -0.07647469149201076288
                 -0.27409158028943086949
                  0.09187347703588569225
                  0.26208742565764664434
                 -0.25869612677813702550
                 -0.29701541378050483333
                 -0.23422689499006396630
                  0.25239773335487752925
                 -0.27765985096208611882
                  0.02357550067105719169
                 -0.05484447745401424545
                 -0.06377508476575662055
                 -0.21981335835412621482
                  0.39106153154257861093
                 -0.09685745393151452831
                  0.14665125729799374787
                  0.11966879560565969742
                  0.14913544692773192391
                  0.15838120403245348200
                  0.00459431779192359408
                  0.25321542267107177704
                 -0.08303466130061190609
                  0.13741713943870975667
                  0.32144583299697498946
                 -0.06763188266647060520
                 -0.04458905374269109267
                 -0.06080655237397647461
                  0.37544230312895671142
                 -0.08974686863944307536
                  0.04148676634047860495
                  0.19417682615894055198
                  0.34692445845091895995
                  0.09185199903629547025
                 -0.31606224647789160631
                 -0.21505411023964771111
                  0.17608057573046242972
                 -0.11500476811337106975
                 -0.27477125538658547788
                 -0.30620511862643629009
                  0.28425592948234112978
                 -0.33572172407342693035
                  0.01631144243042579114
                  0.46466794176778919434
                  0.24441619473685247121
                 -0.24703222404644445409
                 -0.20416098093543058600
                 -0.38470873621830192768
                 -0.17810550118017434706
                 -0.07695304457904396378
                  0.34205438779826335960
                 -0.07444299875688081825
                 -0.50175440985325236998
                  0.41151346951424677689
                  0.02666716687708813038
                 -0.20255059105331291169
                  0.32049425182319674077
                  0.35190753857927070669
                  0.16286611738361195245
                  0.11867329374176407986
                  0.36216962501356025905
                  0.61535513680528008962
                 -0.09885720925300527095
                  0.15370527012422419144
                 -0.29367059002822859526
                  0.11243075597913503028
                  0.15717770563200589296
                  0.10241160862060598447
                  0.12723771898158905969
                  0.00808385385671735873
                  0.14723539101527871598
                 -0.46340576916957448850
                 -0.07094662163203417637
                  0.08248964824880294922
                 -0.32962989942323267512
                  0.24121653644543855632
                 -0.43322991348578160364
                 -0.03257930974704568994
                 -0.07765442569728719935
                  0.51711266341128592217
                  0.00487557468489003762
                  0.26632735542681396090
                  0.32225184377045940076
                 -0.31577261949511803429
                  0.22663717288412915662
                  0.04082704423067153032
                  0.00164379867674310613
                  0.08525498422423036238
                 -0.05395873918764880484
                  0.16778984069373215071
                 -0.02810505440760953377
                 -0.28979226981344374803
                 -0.14220928607758653861
                  0.16085236874051755951
                 -0.16370371115584658739
                 -0.04303193215683653872
                  0.14019917134366746692
                 -0.00240849615578209858
                 -0.00704156145621045396
                 -0.19085300771354410387
                 -0.05013309115620016854
                 -0.16385641383531082682
                 -0.09680525728114078299
                 -0.15537531316522604219
                  0.20455039368285965473
                  0.21406748635759517696
                  0.14794189172647059793
                  0.32834678680602996659
                 -0.11412678584752594668
                  0.19316314046475843713
                 -0.14603022679604205081
                 -0.15730658814234624310
                 -0.35458677866972099224
                 -0.10000070211968840883
                 -0.18845111386222257455
                  0.48819479651512520668
                  0.04297401533073830909
                 -0.11921384935418744000
                  0.06940319567437723547
                  0.19756772166134609070
                  0.35691874954305669032
                  0.33068078316136462202
                  0.07371077962502661785
                  0.25360327162256296463
                  0.47035752079044190754
                  0.24946987125672917540
                 -0.10557881987808524771
                 -0.30759038546250766499
                 -0.04292067201998413933
                  0.18655092614881160773
                 -0.02825706150216492074
                 -0.10776646307611983944
                 -0.07810466886892911131
                 -0.04237438170345783628
                 -0.41519161535175530542
                  0.16411523795163823758
                  0.40061392312594168441
                  0.60011502863922383533
                 -0.24684352366250653099
                 -0.25756386385319052224
                 -0.36781644234361127177
                  0.27777859132261673025
                 -0.56621510635129346234
                 -0.07352453699454733482
                  0.58369341764786308868
                 -0.14469165718046747560
                  0.38613969756289812096
                  0.17374288204641549771
                  0.23453098296314561777
                  0.18696321443386865191
                 -0.13483090994613666780
                  0.16401733648448690861
                 -0.26135618740952892836
                  0.38111262229031317439
                  0.37902630100530015911
                  0.00018269840918885231
                 -0.13485558620697185583
                 -0.13853498830676905240
                  0.07609009766671220865
                  0.25549982503373352971
                  0.03790941439710387301
                  0.41566131781082593655
                  0.13424280065856242228
                 -0.44312200958733877210
                  0.10191073040905009039
                  0.03344919849323783889
                  0.21137922013993365455
                  0.01816837305536215044
                  0.17040947854200264033
                 -0.20283204493419099146
                 -0.12598927991218086819
                 -0.17425103502998420812
                 -0.21577230028831734243
                  0.43586429508111690367
                 -0.28626512148881866349
                 -0.08386105191811829562
                  0.29212828702673238057
                  0.13715864701839874940
                  0.63543775014965275805
                  0.16250856472473040881
                  0.17980937166406465999
                 -0.10658646668715518468
                  0.21265843917538418406
                  0.26092099861514711501
                  0.07590456403011217046
                 -0.13237316596172840621
                  0.04964830213816720517
                 -0.41957804502004153457
                  0.00472647794625573325
                  0.00855245302024320447
                  0.20077353842755027435
                  0.23789794288256965737
                  0.00233750198280569758
                 -0.47928902275920765019
                  0.44006721933129977486
                  0.50957390478614961182
                  0.31405001185866709967
                  0.31256587737174235109
                  0.08551465062398112826
                  0.28900589977227353344
                  0.29211823361599886795
                 -0.20041130104497170694
                 -0.08603996656031732970
                  0.39550235945448325436
                  0.13964491514986110410
                 -0.30734902510788725261
                  0.08592995534487249398
                 -0.18582048737118783688
                  0.43588539198404158137
                  0.01378481016515768764
                 -0.38376723532186185484
                  0.13335674407986972123
                  0.14082045186370453771
                 -0.21522239797451683807
                 -0.30088875286112343188
                  0.15629930847411022121
                  0.18525190539170691140
                 -0.29295696806732668405
                 -0.14563628657956992352
                 -0.60898631666051394884
                 -0.35163187018708319531
                 -0.35331620242463601667
                  0.03908703872115415479
                 -0.46536587003805368612
                 -0.32081032737544595834
                 -0.05911205336262774501
                  0.22543521590271239918
                 -0.08452638704273408854
                  0.34242190416115131368
                 -0.06002162351732476253
                  0.18120060097489973372
                  0.01872253096050932597
                 -0.17982884436730356414
                  0.37144614594727093371
                 -0.20255418995137808302
                 -0.18148466644554894778
                  0.20831420442153480987
                  0.28336160208352506595
                 -0.16986346610175967475
                  0.01086873540400600316
                  0.20002526833628950231
                 -0.09614600098241540826
                 -0.09881812712338056137
                 -0.27266169397810119390
                  0.14385004342163565383
                 -0.15216333901899592451
                 -0.13073922469088164466
                  0.53389566029588786389
                 -0.08905210301869954936
                 -0.28480463171419834190
                  0.22858377192567816416
                  0.04400362351729562166
                 -0.64871019086042347457
                 -0.29406590137265159468
                 -0.22108188465348177498
                  0.80726046383457750188
                  0.11390140525556353979
                  0.18622210828925461756
                 -0.20569337198477669060
                 -0.02198968957007928215
                 -0.08457517821715146433
                 -0.30457392385099424370
                  0.05789640140908162286
                 -0.02425841859877612278
                 -0.20406463728048906958
                  0.28227412940084506410
                  0.41578133208332684889
                  0.06710219296514753629
                 -0.65439479947723755426
                  0.02663770681579279848
                 -0.19218471305773601743
                  0.03505734069372769268
                  0.17201641844548115623
                 -0.12036090897624826535
                 -0.21818957313909076445
                 -1.00952546427134026708
                  0.61968003723387787840
                  0.20969431597480006624
                 -0.27665438264151243075
                 -0.24872913042009814344
                  0.09112607907001220309
                  0.49678049060592527342
                 -0.00451325565650031752
                  0.16578637924719968888
                  0.07073613032077634422
                  0.05611340089992909730
                 -0.32746469841121778055
                 -0.03650937856881569105
                 -0.54722825847489109385
                 -0.18456305138290526879
                 -0.11898574567057092211
                  0.13177250444372623495
                 -0.16523126172341348616
                 -0.33663010639759027853
                  0.19973399828909671472
                  0.05847497139732148186
                  0.21118265854203988052
                 -0.11981141146401107223
                 -0.07264915194333713966
                 -0.25820997925128552630
                  0.07997440477839952433
                  0.10406284113632366384
                  0.19626518325004721488
                  0.23857326432016920381
                  0.35574711568411604423
                 -0.31483763899182803936
                 -0.24040747095199335726
                 -0.07100105959380897946
                  0.16650582254993959164
                  0.03605829595496507639
                 -0.74263784114646302914
                 -0.24160998839766692492
                 -0.02061705995631812199
                  0.16322717231790431769
                 -0.00301176115717268628
                 -0.29377864425766225809
                 -0.31031114279610361173
                  0.14444201308986562293
                  0.24808157814099870975
                  0.14656948021061622089
                  0.19770805716036732314
                 -0.28457569876437899259
                 -0.20597775901444143054
                 -0.42543778682844768380
                 -0.46762137997774172460
                  0.00666210304408598741
                  0.12481008816316307986
                  0.07080606221927691901
                 -0.04672737980577276046
                  0.23520752302403943879
                  0.31362533433671213601
                  0.09188040917925906215
                 -0.29365249413552863000
                 -0.19093543795036849176
                  0.00241797286467093815
                 -0.13588447346927093329
                 -0.13870825582419540889
                 -0.44504606319166301054
                 -0.10789541791610764154
                  0.56523236568510470956
                  0.73277135192487352633
                  0.17520877491595576725
                  0.15080818596201897575
                  0.15302949521024181156
                  0.00824274411953307418
                 -0.04187756599691142001
                  0.13110575910709168501
                 -0.03373319984592430820
                 -0.33757399316203462458
                  0.22053392342815456018
                  0.32676274273693450834
                 -0.39350112452592689305
                  0.08195945360862225137
                  0.26118568611378217836
                  0.08573091832564304349
                  0.11504232834484212633
                  0.18210967218844698046
                 -0.14860186141525733028
                 -0.04030795087900797963
                 -0.22907201228497292567
                  0.24638225033827851340
                  0.31599427619356479369
                  0.07775095293887782089
                  0.14443140566107962042
                 -0.47479046736069879797
                  0.22607858052033266705
                 -0.23882529206344868533
                  0.34625297378532648995
                 -0.02041690141498059621
                  0.07402432348818867303
                  0.16744724275585351481
                 -0.38737697858862180089
                 -0.05356778318519711535
                 -0.52207793264658219901
                  0.26532064183868175888
                 -0.28726090357569877831
                  0.04996986904863925938
                 -0.05601566491910365403
                  0.11684824557383055588
                 -0.27452868673930380661
                 -0.35935815486389366402
                 -0.42721646992430101220
                 -0.32891392798378643603
                  0.48892883328628355954
                 -0.11717256424270595938
                 -0.08554971589952334310
                 -0.14667254030380519336
                  0.22693463739131988777
                  0.19625715507664534543
                 -0.56000677959568845310
                  0.41658603265660093529
                  0.43140793387968728867
                 -0.08340432727348157105
                  0.28699053309352956509
                  0.23788948276590543562
                  0.20929964560575342603
                 -0.24118897536041003504
                  0.24693316727373226804
                  0.00489904011384357033
                 -0.29420947784412571080
                  0.13324938952778397905
                  0.18045613885607306170
                 -0.16054253565280129923
                  0.13707429090264319771
                  0.28106647761681041731
                 -0.06869699153334883623
                  0.00197899280238530420
                 -0.10080343396045643445
                 -0.08301479838370844078
                 -0.06331485885607392172
                  0.26414954332701812145
                  0.30096015657978963942
                 -0.08248445133852365385
                  0.00306401879124094424
                  0.19781891452378883023
                  0.03587807176470571291
                  0.48661281535481759608
                  0.32495798701158196131
                 -0.03318958916442216189
                 -0.11158186940346935534
                 -0.03359563406990458134
                 -0.07968019719183958016
                 -0.21497992611030289356
                  0.16733914389755161212
                  0.06167122123284066865
                 -0.07413112533193408349
                  0.12269752690088689406
                 -0.16959647073282488328
                 -0.09832381484617730427
                 -0.04849674482182133456
                  0.01706838552509258589
                  0.15455854323997200717
                  0.16577543553066692583
                  0.08345913906180883746
                  0.37632967869090711011
                  0.05963486238948210311
                  0.22271816362280419388
                 -0.63756525322523471822
                  0.09526119257703213883
                  0.01565092768507845081
                  0.05852752774416043052
                  0.25964498519531553633
                  0.03158955843479319125
                  0.05936128674943673411
                 -0.07731497273869314402
                 -0.02654673287378379876
                 -0.41319270874953673012
                 -0.27544036345264422128
                  0.29019739462248639317
                 -0.36070901537016142324
                 -0.08892649750235398498
                  0.06898156264138931293
                 -0.12701439288022747798
                 -0.00160776173722853612
                  0.52196257889365782479
                  0.14011956465530883698
                  0.37907115593330031889
                  0.32719267132271534493
                 -0.08695579264019373533
                 -0.17072628414822921261
                  0.10735279615658169239
                 -0.23431424315703947014
                  0.12510247228915322149
                  0.52646987721091020873
                 -0.32773786990064623925
                  0.38536259499726921440
                  0.35819156578897315413
                  0.07626776404518471886
                  0.18131447805755915303
                  0.03334878357930852466
                  0.00963216155132384788
                  0.04100702018467062421
                 -0.17717593980279039423
                  0.19975506230186823586
                  0.28025002986978986286
                  0.04496793500718507947
                  0.28439866233533395157
                 -0.40408928690207163159
                  0.07962345403479884065
                  0.35042539005682304953
                 -0.20257630096654996588
                  0.40184682864753540343
                  0.19853242837479212479
                 -0.04045015040605835777
                  0.29127367721236485654
                  0.24813305400345939122
                 -0.05034283096242791328
                 -0.20538540764426863050
                  0.26023014419104112394
                  0.00625277969321322291
                 -0.32566777374554795044
                  0.01921668591627933090
                 -0.05528721061978808526
                  0.23090709719152346935
                  0.26480175932845645415
                  0.10138502316077505072
                  0.14407807006441730735
                  0.04723545768468397771
                  0.69518749898185039360
                  0.15335492938231856663
                 -0.06172850908691796673
                 -0.50833984208656868287
                 -0.12403698589563835752
                  0.09505822722148508930
                  0.02211811353189984883
                 -0.39954536442196220136
                 -0.26550085611603424507
                  0.15394235256095015196
                 -0.09793029996203979348
                  0.04275518198378271822
                 -0.35600947721642306476
                  0.46931991582551063624
                  0.19860545673328064420
                 -0.03776864456703923900
                  0.09938259937436685898
                 -0.19255861623811293404
                  0.12692081298457791316
                 -0.13441869185226171246
                  0.01068707558700733931
                  0.16470482939397410038
                 -0.28657475917184094261
                 -0.36291521937271326026
                 -0.48813293399327495337
                  0.24953958321019148459
                 -0.32681135910318293014
                  0.13810172690754748959
                 -0.29297339027643787279
                 -0.55928223395890241942
                 -0.04798769627991824466
                 -0.07779610631704135526
                 -0.11056794876582667908
                 -0.06423599808020316604
                 -0.14242516450300876651
                 -0.47466897565290211425
                 -0.12993112304684062419
                  0.48623250580262628029
                  0.62515711448226285452
                 -0.44486952849558625278
                  0.19689567433637150673
                  0.40691280727373863035
                 -0.42560846367440885452
                  0.10222045576055828475
                 -0.24928021837225744495
                  0.32256154044651452750
                  0.10288828033272100215
                 -0.49717206259354057574
                 -0.16978840939881184591
                 -0.13881933752089703482
                  0.43699880087609338508
                  0.09280404622416849048
                  0.22934004089787185521
                 -0.22275442357701671914
                 -0.26342540869462571784
                 -0.53778112562170043986
                  0.09294247841933386822
                  0.20170828137559762561
                  0.46796451663002697208
                 -0.19649236051744822795
                  0.18640159080383256196
                  0.04838900711072288696
                 -0.24709966467374869237
                  0.13378724610607459211
                  0.16582963042299120326
                 -0.21184847816444843382
                 -0.27998214862637710310
                  0.01291776697817624033
                  0.24067060480840954395
                 -0.24681075683625053330
                 -0.05934941842157698960
                 -0.08868495008026787418
                 -0.10416928834830496697
                 -0.31862953360755330579
                 -0.27171632605127704618
                 -0.09620982206118654234
                 -0.31359286702372030087
                  0.05967399709290543974
                  0.05025754953170868261
                  0.39956200648822054466
                  0.02194355022524860713
                  0.26559353565498389216
                  0.26703866159795353052
                 -0.14343438106183054037
                  0.07624781066117428119
                  0.00671614192522830555
                  0.40824142087324705175
                 -0.22163013305899903482
                 -0.36902628303024348488
                 -0.13031267869060492171
                  0.15610768053920964782
                  0.07128151998308729365
                 -0.32313928024421767482
                  0.41246743836729832244
                  0.18020561098953316592
                  0.29411694183155412397
                 -0.03988195998068911480
                  0.06354225118102363457
                 -0.06765234821759134876
                  0.21152870501360240829
                 -0.03645107236592654704
                 -0.10826845851107734509
                 -0.30375107645527327227
                 -0.00213334513911501728
                  0.01844164654349978588
                 -0.18127967441722772635
                  0.36083181833188276988
                 -0.05425203312002405825
                 -0.01706894185306658679
                  0.39247642864519655115
                 -0.27279277274140339982
                 -0.13993899594533268371
                 -0.06046372102510410435
                 -0.10504564153827192219
                 -0.47122443396198526733
                  0.12999985862898741362
                 -0.38808780324332753375
                  0.24998243460023383822
                 -0.10969451153358629469
                  0.04908412629738614918
                  0.09463931364357057452
                 -0.03747190225308743433
                 -0.10321903311631731859
                  0.04224980779468473502
                  0.03455028646340044252
                  0.34497051144843565718
                 -0.20371963832669548466
                 -0.01314686136529630810
                 -0.08974921218537768031
                 -0.30287153305367198186
                  0.11067190508389695980
                 -0.12398202107075328993
                 -0.24585132279340751738
                 -0.15950486546190911774
                  0.24496393134808006065
                 -0.00092092290531212845
                 -0.07126236758517366654
                  0.18971271878735501693
                 -0.34203063920104020967
                  0.19338762869928013965
                  0.09698859003664776768
                 -0.49852356601517594514
                  0.12378909068178806097
                  0.06173973547129756739
                 -0.06426624390364382711
                 -0.30463068952241945109
                  0.01502046828831654808
                 -0.56317309659886016782
                 -0.15570660424035753788
                  0.36541220555513609369
                 -0.18997771344269501204
                  0.14773379428154162496
                 -0.22922293158156847870
                 -0.42762829778719252394
                 -0.25305506822899265229
                  0.41736895991084566049
                 -0.15091164215993718711
                  0.24056601542830913232
                  0.11409505448608961431
                 -0.03370785052951909971
                  0.18460363669243998186
                  0.18819589081288948251
                  0.01779368349525156656
                  0.42983074882953975493
                 -0.03649325586919606457
                  0.16922386604146782974
                  0.35546920575960966326
                  0.07786322522974990779
                  0.28480980983684922592
                 -0.19361422887657095404
                  0.03192231782580778193
                  0.01203924608528993655
                 -0.09806855624693686102
                  0.20938733608827472810
                  0.01261075832834257331
                  0.35107962840192841192
                 -0.36880314300301253461
                 -0.03228466211089082993
                  0.15001078197175035656
                  0.41693857733355593753
                  0.02726472920058654534
                  0.30175037789231445862
                 -0.07461706404006748783
                 -0.39914254677013388806
                 -0.05189220619074778190
                  0.14094924234200786883
                 -0.04933339639208807192
                 -0.05196733968164729545
                  0.12586329219486874775
                 -0.04157079732912381809
                 -0.08094253224681648151
                  0.32080842587032309954
                  0.29921388683073640857
                  0.43718169901802483857
                 -0.06171475546566401738
                 -0.71495792181164241619
                  0.03929480725069567359
                 -0.16402044816493016599
                  0.14021622737124328495
                  0.20441853598311893192
                  0.30642833085521181680
                 -0.44435411621291392992
                  0.51179969774546241190
                 -0.17945364697989479863
                  0.10441599092734971110
                  0.22281988453624232416
                  0.04526527519659382520
                  0.06540752895747380113
                  0.23379200531506563743
                 -0.04893666762568776862
                  0.11432315452280669699
                  0.24064968175396547756
                  0.47693644817351821263
                  0.26602034288127118788
                 -0.19374340929295943980
                 -0.15355609018064345084
                 -0.08695434875857764589
                  0.00455606952379931235
                 -0.30570328221867482110
                 -0.38910009749384333322
                  0.02465691666488391970
                 -0.01783627263075189540
                 -0.04259898553024245305
                 -0.12984585767249640087
                 -0.31696859779204938912
                 -0.55076704782222918322
                 -0.13365265214289312468
                 -0.03866428627546616981
                 -0.14756577019082436908
                 -0.21333557765602750855
                  0.09496906485738065840
                 -0.21097381586868912962
                  0.23290997978469105134
                  0.29922214521975726287
                 -0.00986955488804089343
                  0.17147141061989665256
                  0.02908449278297389057
                 -0.16281005008649127030
                 -0.23064817726065822701
                 -0.26470318300775586007
                  0.31826940761463567986
                  0.07321597107038045615
                  0.16084969084383268778
                  0.04919338558968510550
                  0.17111376603015701625
                  0.15411995221180568860
                 -0.12199167725725761080
                  0.21408894564396693805
                  0.33688057473172122736
                  0.18903520741818721773
                 -0.52126232547884021606
                 -0.15588467572058170574
                  0.43042100566872443235
                  0.46836905693219588187
                 -0.21769733892243917084
                 -0.30960043371158291192
                  0.07731197680606601008
                  0.08101977788300411543
                  0.54417888762168531436
                  0.20148589738525940485
                 -0.02744593148349726286
                  0.12249551135941059987
                 -0.24930255916101295988
                 -0.22879322813852204233
                  0.02944577932230012934
                 -0.30636816571666508624
                  0.33489722047317599385
                 -0.11217158483295666671
                  0.53346946141798945451
                 -0.16737254821365799007
                  0.10671315581024504171
                 -0.49193985271185808328
                  0.06789819332915132677
                  0.03955934585677994830
                  0.11867562963794765774
                  0.05425413920317225663
                  0.04463650821119907047
                 -0.05270335840848145575
                  0.06021815221506665594
                 -0.26446310753387536341
                 -0.00186586568665151643
                  0.06206642626227423798
                  0.29593098523832178648
                 -0.12005913988455796382
                  0.22744886316352488920
                  0.06460752869591555869
                  0.15870815368393867417
                 -0.04772350190506757794
                  0.05216860335376382468
                 -0.21302089173225449703
                  0.23234820329261124394
                 -0.14831445519050034942
                 -0.08133544089706931657
                 -0.07054945112934939144
                  0.36185770264174149657
                  0.18654539602113923147
                 -0.19396582766648048923
                 -0.34938924958307693291
                 -0.15733875761091470347
                  0.10728064815680578292
                 -0.11900132582294473127
                 -0.33224208130844229414
                  0.07443169773958445423
                  0.10046237569158641967
                  0.11374802147155804732
                  0.15283918226161191667
                 -0.22459368990166680979
                 -0.15481916775241469364
                  0.09422140456416031040
                 -0.01273223885681687081
                  0.07488625113835795100
                  0.34469138499041629409
                  0.20357841643178276048
                 -0.01014883854860030438
                  0.33135404785119620952
                 -0.06097944349416267729
                 -0.30880871261329534416
                  0.33107966420312967548
                  0.16093327146247776716
                 -0.34536508390706011085
                  0.15883182699770331814
                  0.55706815514808516454
                  0.17429965427173949033
                  0.08246629715269325478
                 -0.09476676493336351481
                  0.68732127272201271051
                  0.22066118016812164004
                  0.25168858813266786756
                  0.19246666392478684049
                 -0.41949182273195789739
                 -0.16571419751499552597
                 -0.24719390883660957714
                 -0.17066849568846240159
                  0.07059436921812065058
                 -0.01311541558078091127
                  0.12313935450370985802
                  0.04651284739092650250
                 -0.30005093793303982963
                 -0.19542904453442097590
                  0.38382428603403245804
                 -0.12275478492805372288
                  0.11466020031279838820
                 -0.28263224539960513093
                 -0.18947089036224007419
                  0.26244408468429181180
                 -0.07840225602271852501
                  0.39468596822669477220
                  0.31233634072735333431
                 -0.49836027821968115203
                 -0.25476789351559314678
                 -0.00053663554870786467
                 -0.11386650810802714795
                 -0.02760901744990284720
                  0.47131038939379965580
                  0.02143982866103835705
                  0.21768015375789578902
                  0.54469078660911729450
                  0.05150700354489629040
                 -0.25312317358950781054
                  0.07404136969679796232
                  0.11732381742235489797
                  0.06302850965031982222
                 -0.01140075617690756819
                  0.52791620839486208538
                 -0.29498861915028840031
                  0.28239081793967046874
                  0.03909763633227416463
                 -0.04571419222855429426
                 -0.27152437083529240569
                  0.27463899094309407456
                 -0.01053871370782444826
                 -0.46710952831672902796
                 -0.24403674616973572431
                  0.08174535304712704509
                  0.37038845020604255209
                 -0.08735227999316858005
                 -0.37424955127461356774
                 -0.03497321505139890097
                 -0.01373694590010533963
                  0.40480655077803606723
                 -0.08621424762352895843
                  0.11054500474786974062
                  0.07788052492804550808
                  0.24778503894590128698
                  0.11639403658981625767
                  0.00635865579009452925
                 -0.06041211855117942231
                  0.04607894984671674632
                  0.09439584286622981768
                 -0.40978748801653619438
                  0.17759646280674698526
                 -0.29501446036225870140
                  0.57857427243727876931
                  0.30487336943558229763
                 -0.36788375806116863087
                  0.25490982913149728972
                 -0.06267086909623784119
                 -0.17366688287760942422
                 -0.28980995128903819236
                 -0.07161467730237384977
                  0.14190643472372274636
                  0.22382590153116002640
                  0.07468072420778784637
                 -0.45703385545070840390
                 -0.07059927171205879204
                  0.10425132090271897745
                 -0.05367737131427979813
                 -0.19323778107839528762
                 -0.16631938934948256592
                  0.14793902801517364032
                  0.12597552928731581279
                 -0.03829787884307358364
                 -0.25424067661359672776
                  0.23730430490687368095
                 -0.09728807528935641546
                  0.23353284964086340469
                 -0.28326887071836293064
                  0.07440219690804164565
                 -0.35562413227285638584
                 -0.16638889558082609055
                 -0.07241712509966316547
                 -0.26508286771611727639
                 -0.32537584345039971545
                 -0.01187869434831221975
                  0.02847359215298938054
                 -0.52885255690845200949
                  0.16657313933412987161
                  0.14082593944679744347
                 -0.56928701736454023763
                 -0.06687122213229523826
                 -0.28296567036289493879
                 -0.19707545868084463958
                 -0.01666506620107284509
                  0.01740316572699810577
                 -0.14471670097457120518
                 -0.21889804983763228030
                 -0.19960906522594878965
                 -0.08843420852635605622
                  0.03463980520105955363
                  0.43142880780602776980
                 -0.13292596371587056536
                  0.18235362022005124905
                  0.40609420384236638579
                  0.13424462570139594764
                 -0.36553063813635239265
                  0.04819035929212919789
                 -0.31463770363155563192
                 -0.15805003285016186454
                  0.43533519159406897092
                  0.15498159796447655290
                  0.11031906263651801436
                 -0.76581774363906540692
                  0.09283234230206126314
                 -0.13732622197797034191
                  0.21488459740619814120
                 -0.41732707455019296683
                 -0.30037323162412621347
                  0.24618348310602355955
                 -0.14276133226198353676
                 -0.01241645476007168306
                 -0.04447183874880984017
                 -0.11914983938525654239
                  0.20042985359095430442
                 -0.16194810066047193864
                  0.42823384350549098532
                 -0.09887914614655900214
                  0.49151743213545467936
                  0.31782659975887439519
                  0.26058562134020796242
                 -0.09072399417278084743
                  0.11674156003198012110
                 -0.19636152467687720269
                  0.30738581504520973153
                 -0.02756243423503185880
                 -0.19067835012428191455
                  0.13129445010585538700
                 -0.02654453496680218849
                 -0.18851109260024834224
                 -0.38284671768033812222
                 -0.15098155772215868242
                 -0.18739703740837970747
                  0.08340570042668228601
                  0.00475440123982543393
                  0.21452690257248255290
                  0.40270597844025279866
                  0.53821979569032907254
                 -0.09083863732852145989
                  0.00312722978196834124
                  0.18945422257986754833
                 -0.07593404966094409458
                 -0.01341244561308342111
                 -0.01784931596592954570
                 -0.21494129440306480872
                  0.30143700951935309407
                  0.11452417050769091167
                  0.19336421907530282338
                 -0.19252702666911147844
                 -0.22372071256442011000
                  1.08550185236489271645
                 -0.07312061114821429009
                  0.48515143617691447453
                 -0.31832215307641209545
                  0.13912986030498578072
                 -0.19808516473398229962
                 -0.07824234498971725793
                 -0.17768833695605940060
                 -0.37917085250981275024
                  0.21240686347393353262
                  0.22576995112015563194
                 -0.38023469096013384760
                 -0.05993724642597064722
                  0.07776821235243210062
                  0.35175984876522353728
                  0.00387099071340823303
                 -0.15751180996277069912
                 -0.05360967860413463904
                 -0.06700306845289494273
                  0.28659462268593832723
                 -0.94994169892169355585
                 -0.17308288683874717417
                 -0.08589179419236234181
                  0.85037698642197723231
                  0.12864215461862760215
                  0.03161395510603604020
                 -0.64991514149401763412
                  0.63151275623717451069
                  0.79494749143096810062
                 -0.08367321036013573854
                  0.10327989719014157854
                 -0.29115112864220521471
                  0.41330564837325040051
                 -0.02195226921470475046
                 -0.20224162839416501281
                  0.06892775506000731189
                 -0.20808924170258163988
                 -0.22544843519291044021
                 -0.22481692295178318242
                  0.12062667789072432922
                 -0.14077895974754051078
                  0.29193311022318907400
                 -0.16337884969894914122
                  0.15403101680950559427
                 -0.68804157049541125879
                 -0.11910049810827298689
                 -0.40896817922074979457
                  0.23080617156143959368
                  0.00581784392322232807
                  0.27604890890201655429
                 -0.32918343232486546590
                 -0.15669227165792029566
                 -0.00002412335438706052
                 -0.10571981471942307196
                 -0.25996181236817567095
                  0.06131098517133508341
                 -0.13731816443762326352
                  0.56474956723395952629
                 -0.17525042136044338692
                 -0.20670742891878718384
                  0.02636878130334831954
                  0.08406574227127262822
                 -0.17307335206550861217
                 -0.07961826070279100220
                 -0.11503853419052387230
                 -0.04340958135646779542
                  0.03659424607678637975
                 -0.21555797864860820612
                  0.19718066917717566588
                 -0.35585316214417433978
                 -0.43445033600943588903
                 -0.42689211753327316323
                 -0.23035608244068786488
                 -0.04228928648090735098
                  0.07583783436219959651
                 -0.26957627298328329379
                 -0.14117103199763519905
                 -0.02721790828250413019
                 -0.08309468999129346334
                  0.06182199413299526575
                  0.27768110281552166319
                 -0.19973977624452582402
                  0.30456757039760384842
                  0.01448946485669089929
                 -0.07456733764987548418
                 -0.50046933669632087671
                 -0.30035056181549818488
                  0.25712491289638156333
                 -0.17365083059936306520
                  0.12400070605332408347
                  0.28227017398634823842
                 -0.29054446890253338154
                 -0.06626109642453759108
                 -0.25544793190148423756
                  0.01802537591638571357
                  0.06722584010841142765
                  0.32598497418571348305
                  0.18887873040038721806
                  0.03499079610639189986
                 -0.58190605362974179293
                  0.32749079870412101112
                  0.20822988550405269192
                 -0.00044127162967714639
                 -0.01492213113353349496
                  0.60701583247020973744
                  0.12481750571966948593
                 -0.05236946803611608470
                 -0.17471665205622172179
                 -0.05513880303663864363
                  0.54416721539452606038
                  0.20397858432458051969
                 -0.38999907940171302245
                 -0.17053310344011443633
                 -0.15588200584961608985
                 -0.16736864193690581537
                 -0.06170290481807252925
                 -0.14580089573973367689
                  0.18262237393243260786
                 -0.16528341479945810044
                  0.25205409054514621436
                 -0.17306771115319818932
                  0.22727119954359489840
                 -0.28747032296996904988
                  0.30419036712066910288
                 -0.41060039164201467266
                  0.40995109793371026230
                 -0.55025028759959582203
                  0.42306367024336916094
                  0.48492207973680306887
                 -0.07530824676588855626
                  0.11169563996877908407
                 -0.21512234006748140458
                  0.09721663940949257232
                  0.00885699632369804646
                 -0.11620225166924795512
                  0.61860492913457154618
                  0.24085027125615895982
                 -0.16518185854888334241
                  0.13130342972651820599
                  0.47816314241240104321
                 -0.07355799223470183001
                 -0.41093148549236468980
                 -0.14904201255872065457
                 -0.06194159920463682828
                 -0.06527517564262602656
                 -0.19258530878627885818
                 -0.07459305449009431821
                 -0.31204476173431083819
                  0.11673899362292344817
                  0.03722951866225077816
                  0.38150893874565949826
                  0.13581029717041531724
                  0.07179480802892838909
                  0.31458722073353351245
                 -0.00231114690481303659
                 -0.09569831228475231266
                 -0.36525526809086517055
                 -0.15122257950018949679
                  0.22542092963156643015
                 -0.03290861997226901536
                  0.05188936052146415207
                  0.03522411223741109265
                  0.01838251150843151632
                  0.19796269959278939288
                 -0.01522796937336033316
                 -0.62584781878462836247
                 -0.15847802170184394077
                  0.33880017215783264639
                 -0.02337400376258182491
                 -0.41795165056290517480
                 -0.20198418423184708037
                  0.09639943997810232479
                  0.10287069144461738479
                 -0.31608824335832597097
                 -0.07917343019135882065
                  0.20727109792355774553
                 -0.19432036636769209337
                  0.11600681516641049573
                 -0.22381258156735311937
                 -0.01728006910753674200
                  0.36664213520492205944
                  0.10618259653142753107
                  0.02627639995799680578
                 -0.13063667886892840753
                  0.22690980052283993285
                 -0.17036420559744805403
                 -0.13857171669281820314
                  0.48745951005531840128
                  0.31492574214901802865
                  0.32518110357982549230
                 -0.27383178101898397738
                 -0.25029665513052157255
                  0.20194617936174150130
                  0.29948561750776819812
                 -0.34120664501934833135
                  0.08432479613046120481
                 -0.06154104880224882390
                  0.00573006767360489597
                  0.39961905606857572870
                  0.40202706027499912622
                  0.22164563698729822239
                 -0.11220784133631844792
                 -0.03826438107307706532
                 -0.33193220150434527005
                 -0.39755933887946520722
                 -0.02741691151594121204
                 -0.03845536731753932541
                  0.22955336326926562007
                 -0.21970493368680568680
                 -0.07306580503086053391
                 -0.49602972788859639452
                 -0.12846645548899096601
                  0.32921196748983594382
                 -0.16657733987789433150
                 -0.23359443402165266934
                  0.23677664178524499006
                 -0.23713046962990896871
                 -0.34434238785293092011
                 -0.17908902338652452069
                 -0.26863616766710274320
                 -0.27715889480618688401
                  0.03512931968296904850
                 -0.14599633375115914080
                  0.02234997249342365530
                  0.01163227455355431324
                 -0.07703295587370445618
                  0.13216921930812039476
                 -0.04840702822723432636
                  0.21435593842289657474
                  0.30105216315821781148
                  0.15960760547794825004
                  0.29942714522331437266
                  0.59393738121818850928
                  0.21173128702527699296
                 -0.27750199988587753719
                 -0.32960385629741584257
                 -0.31865181130607728166
                 -0.31659742136956553482
                  0.01696757152725553164
                  0.36215939564266713679
                 -0.20908010693827722148
                 -0.16542111462540440292
                 -0.03383885538950008598
                  0.03741388414293424919
                  0.03291831593904026576
                 -0.03619768723418394230
                 -0.17102453767534092632
                  0.21113807368351039662
                  0.11000143341589710411
                 -0.39768870495318592306
                 -0.12124583874063743494
                 -0.16052551906974857343
                 -0.36856060100825277503
                 -0.15252983844111542289
                 -0.06730219626142563971
                  0.08911808945990283559
                 -0.15424241026513632602
                  0.11162651840524549784
                 -0.19648128237025236364
                 -0.15358522819964087747
                  0.22482059627571029936
                  0.50342514727466447511
                 -0.09559187206426394967
                  0.27321508091581869770
                  0.04859268410256499526
                  0.18559860967603949988
                  0.23292625380446729810
                 -0.31096516716737299113
                 -0.18708763022380045515
                  0.05454721778347754180
                  0.09344532325815041451
                 -0.29037251452086187964
                 -0.01901582671650501460
                  0.41506947326642007479
                  0.33237319024407380175
                  0.04751124101878861222
                  0.00061287776029855107
                  0.28082684796357221257
                 -0.01455099583059466656
                  0.23897936462251612166
                  0.29189271043891978907
                  0.10642354000430084837
                  0.00678227867637134271
                  0.27703795574068496022
                  0.14309029307928161634
                 -0.28454773756079143610
                 -0.04514484294790239299
                 -0.39047740809906789083
                 -0.20223093299655686694
                  0.23928041917540515682
                 -0.32461942072197946807
                  0.26795092671262532580
                 -0.27442783115262991966
                  0.31160908729894354341
                 -0.08691851530268701609
                 -0.05637591762354191016
                  0.26361453809820273309
                  0.23224564346179538132
                  0.16468196928263470480
                 -0.12228872069423062097
                  0.07345947004895375665
                 -0.18142727612946060733
                  0.06542093932169586179
                 -0.13559325196733976182
                 -0.04279420374505024660
                  0.07701267346020457261
                  0.16454424061549366431
                 -0.22441540116653130310
                 -0.00986947113345359311
                 -0.16104445150213878013
                 -0.34228545221748257754
                 -0.12364304723931585084
                 -0.08486213850608491371
                 -0.00456558655288046358
                  0.11310201086249206670
                 -0.18883767226538841766
                 -0.18556461406085669741
                 -0.41002092321103222883
                  0.17569481423794511277
                  0.18014167706976133565
                  0.08011158606853270581
                 -0.14525987391128072912
                 -0.09930772398813172974
                 -0.06496867245715272354
                 -0.11285930048560056937
                  0.04154665859890418339
                  0.39289086883886964463
                  0.38286489601269696470
                 -0.15314816816858897730
                  0.25104374868083267902
                 -0.17198778947719406407
                 -0.25235097068483491878
                 -0.34470895374014837165
                  0.33107615637420068078
                  0.28685258931641410829
                  0.19497848530791883626
                  0.01456888572434343609
                  0.21548440065493432161
                  0.12123644028773310211
                  0.27533299496121532712
                  0.02888219126628017996
                  0.37434798542879088590
                 -0.23038255109623390071
                  0.11636645341165469114
                  0.25124080475443555382
                 -0.01735511777002657005
                  0.05136390602065761535
                 -0.11713329651176133950
                 -0.31373279477403764881
                  0.02362984435486430862
                 -0.23074852393504280412
                 -0.05981604417911572102
                 -0.17067251859054846652
                 -0.19645713763649219619
                 -0.27526655480090062023
                 -0.02887310160452270097
                  0.08662921740817901284
                  0.26975800109405673188
                  0.28074378040130704148
                  0.19005410338609785015
                  0.17814328785849600778
                  0.10246073365478322592
                  0.07915007113932136240
                 -0.15628044121558967716
                  0.14158642402381391157
                  0.02342619678635029373
                  0.15559889179757119271
                  0.10634185477492388849
                  0.06603851803403627818
                  0.40518231112049618581
                  0.16066167163545413965
                 -0.16823870868433218884
                 -0.09906866170887791700
                 -0.00815156634942854758
                 -0.09137138632182514875
                  0.47514909282617756592
                  0.59128117762091314535
                 -0.16912797765591000565
                  0.22949308200146953385
                 -0.16098139442327841220
                  0.18124488090580676003
                  0.44152657397933497974
                  0.00294120792572942318
                 -0.46991410961528412571
                 -0.31506082501014415209
                 -0.00776927536439643487
                 -0.08015103547245500115
                  0.06714499350130753719
                 -0.07756661328851791048
                  0.43127345574219078106
                 -0.01093357031089264159
                  0.08464319819751496554
                 -0.13253981184297664031
                 -0.28617482055308052225
                 -0.29607859578559891922
                  0.21874816547141370804
                 -0.34612828266048090153
                 -0.00744207443252330614
                 -0.00858915663659190476
                 -0.24366699597410151901
                  0.03326889821317510071
                 -0.22906544794403821408
                  0.22080548558704377049
                 -0.27464173226336424660
                  0.10664830045127611513
                  0.15249262588350398495
                 -0.00102936343452687384
                 -0.12046648418029427818
                 -0.28945440733103233732
                  0.30894554422426273588
                  0.13907485757943055527
                  0.12457055312506989941
                  0.07096604143575879764
                  0.27679366721704373733
                  0.30809140819875330264
                 -0.22961367038275462549
                  0.19904757596733060887
                  0.09798489626753394133
                  0.09571048143375050776
                  0.18241532157877593523
                  0.35474584712390189178
                 -0.01682072600576304394
                  0.12131756229139203929
                 -0.21541421529102100507
                  0.15081503578680968691
                 -0.33435102216135897946
                  0.35945842175789188833
                 -0.19387598480068019002
                  0.30921758863860460131
                  0.17281057876629066228
                  0.28048638832280425870
                  0.04486018404254787234
                  0.15131441400928480334
                  0.13674893566006182666
                  0.36910105507994867002
                 -0.19860267453923854952
                 -0.05210014859774973750
                  0.24438406935890602534
                 -0.05325188584347465004
                 -0.06599474839380568836
                 -0.07930085311381303292
                 -0.34134582068276386746
                 -0.22660884556257043787
                  0.33556752732990252630
                 -0.13316506078170867178
                 -0.16716409461702336214
                  0.32388665123002924329
                 -0.08011163487868562527
                  0.10367415112404586297
                  0.50802153231047852966
                 -0.20568809528110790219
                 -0.46007899411669039846
                  0.07586329305071397300
                 -0.13450245682900563438
                 -0.12753536413738342237
                  0.22435234547456622822
                  0.26215033087615219332
                  0.23397913514899140730
                  0.12747357023980657176
                 -0.13567549627788361155
                 -0.31613396853782288476
                  0.13817389645270639065
                 -0.40911012344405822683
                  0.34680888413677207760
                  0.36655632351856048956
                  0.04942031847806959560
                  0.16170853673485172108
                  0.05347533714629974094
                  0.17392588508777476197
                  0.11608937041250300126
                  0.02002072085770143992
                  0.37226877295702770487
                  0.00790912964024986960
                 -0.22718595192659829518
                  0.17339555260540134851
                  0.30918469674525295154
                  0.22001018059289145778
                  0.26303470701159348266
                  0.35434179429287554486
                  0.11767936470265882853
                  0.03717145846411096938
                 -0.39465702926311962973
                  0.04438519369331615783
                  0.03938153307876338799
                 -0.30847927882678710665
                  0.18631679911540116601
                 -0.10025750679000391963
                 -0.15665627241892671195
                 -0.27747519757088945358
                  0.04880439603337918819
                 -0.67457168068602280098
                 -0.42146092563783732476
                 -0.00078382098879322543
                 -0.01958244573240951539
                  0.34210583651302123309
                 -0.17555998389260055181
                 -0.06706883712584192636
                  0.02734098744843041495
                 -0.42293254478130892782
                  0.32113315409201487194
                 -0.23023068626000481318
                  0.13810003858589467440
                 -0.32961333297243683438
                  0.11889910176213894233
                 -0.36759311043296294397
                 -0.14296324171907107137
                  0.17715976349301876258
                  0.19708408964194740198
                  0.03061157939055161176
                  0.17028142201795423705
                 -0.24718705845641697483
                 -0.13337231047655709326
                 -0.03728033083290736849
                 -0.15853806703777653664
                 -0.41969757568145482640
                 -0.07904169133771853095
                  0.07354058117980215303
                 -0.29500338326172914627
                  0.13016455386912953451
                  0.08205768035208158007
                 -0.01570492596905167723
                  0.23581883711125481429
                  0.10952506846333678880
                  0.01868434939772728801
                 -0.22346093031688862851
                  0.01487252425603373049
                 -0.45448730499222328438
                  0.11337494329650996128
                 -0.02920217415555985407
                  0.41953303386805324005
                 -0.08532514717721044473
                 -0.01417349202731945507
                  0.09159224056151731019
                  0.43349317874360232539
                 -0.11138481787269585710
                  0.08403556252132937665
                  0.23919277161418953104
                  0.23568024168257142859
                 -0.41593207956838912365
                 -0.23554128598612522616
                  0.33470036409142284173
                  0.10574228388021390812
                 -0.04216375876023445435
                  0.02121170989454415623
                 -0.05342041199118841704
                  0.25274111687097161605
                  0.01375808266979457704
                  0.36784454242370734356
                 -0.34941825746934923602
                 -0.05539926170683712875
                 -0.22345155343664430125
                 -0.29150961442022466086
                  0.30073151668811792803
                  0.18951935975957445724
                  0.15539610477143939171
                  0.05783721250933243629
                  0.11289700720546802515
                 -0.01139804994767588606
                  0.39521909239671498826
                  0.09376850621146907983
                  0.37646937228268873010
                  0.23142424311112008706
                  0.27840894179125547092
                  0.15686505935869524131
                 -0.02513443347234143796
                 -0.25295515600029289116
                  0.00289888622922669474
                  0.18212704508469498843
                  0.03113906156334644154
                 -0.33319009234360352778
                  0.39556601966546084403
                  0.00594110700123387687
                  0.03361369630081745274
                  0.32913688582818451112
                 -0.32399202574437724333
                  0.22867788413117662305
                  0.32634933799462850779
                  0.36267998941038337435
                  0.19464008020184872527
                  0.04552062410202778464
                  0.08725539818511102164
                 -0.00672128910304518445
                  0.07527921463791913126
                  0.13855438276701106948
                  0.10113074433313888612
                  0.12036543940643283646
                 -0.03681616540668941617
                  0.03756917570080428592
                  0.01571126703869547489
                  0.22463424727366249067
                  0.07796908675585879911
                 -0.13858100505065090724
                  0.14436231199989238427
                  0.26841032600507913619
                 -0.10938002442589930818
                  0.45397281526143057340
                  0.13726989520755925045
                  0.34734555333870975602
                 -0.06833848074780458914
                  0.07386435194940579874
                  0.36573416820509802028
                 -0.06810901434078257821
                 -0.12869907950372275196
                 -0.32233116963308877656
                  0.29362888146573479231
                  0.24208638475031130088
                 -0.14944556400846095712
                  0.26131596882018742756
                 -0.12559782942607111700
                  0.01191733318908510392
                  0.31505093245432813642
                  0.18559940569472349603
                  0.25374416634700552864
                 -0.13189065977739636293
                  0.08742281939406604252
                  0.10013217239861919861
                 -0.28449267463526362043
                  0.24646191217673821261
                 -0.32098112713739934687
                 -0.33414149447100444101
                  0.39122980517213301610
                  0.21574079358821982022
                 -0.04507750292317698471
                 -0.14829684081450211774
                  0.16803495913109567361
                 -0.32263829144305183894
                  0.00534588274385255566
                  0.26903028299563336301
                 -0.09428630539359965368
                  0.22271664447031233602
                  0.23177438124586183243
                 -0.37923671443171730333
                  0.07937400016031063987
                 -0.10277755720969533604
                  0.00195996767851353785
                  0.12275268230262514901
                 -0.24373242994746724399
                  0.19923328918067109705
                  0.11349207412502962389
                  0.32150795228224327005
                 -0.30915974692651559952
                  0.14650637436533928137
                  0.27777796801380644220
                 -0.15871484811453986929
                  0.08315305441679061993
                 -0.06458932939838669951
                 -0.42137053550418451797
                  0.08680931609620266831
                 -0.39337140526524194684
                  0.25923480287274769385
                  0.13578426356336978365
                 -0.38917950467608475318
                  0.11772455681758885182
                 -0.33056170387962008350
                 -0.03507183909497182950
                  0.32693064809518518343
                  0.31763042987745837564
                 -0.45275374507699356341
                 -0.25020301921164445069
                 -0.09324398134973981012
                 -0.15268036337752619036
                 -0.05285376127799902568
                 -0.39450846338167289140
                  0.03630825850503471841
                  0.06317015640957425460
                 -0.37891928585661338591
                  0.22493867890573235324
                  0.38889076618647788752
                 -0.14603909974808473859
                  0.04145864343107310418
                 -0.42963674073505281337
                  0.06404109599489102300
                  0.09001294886798721917
                  0.35253182427910323415
                  0.34332298945145445224
                  0.01912331787259570134
                  0.09858862869491546999
                 -0.46871406800960591088
                  0.40216968736753416769
                 -0.26041937471250986569
                 -0.16499005429475260831
                 -0.35618228374091381871
                  0.19004894578745085143
                 -0.29699680353079588313
                  0.02466947426946932559
                  0.53553167888884622982
                 -0.05248263989487645526
                  0.22157058598587897613
                 -0.30930758451839696077
                 -0.03416855127020795857
                  0.14358586159349717715
                  0.08711516816302518340
                  0.19469226914710716092
                  0.11162570952809090785
                 -0.06393184585140920806
                 -0.32926630440866733185
                  0.04040802291764246379
                 -0.33205262205978841594
                 -0.13189834198285327327
                  0.15764308406727256529
                  0.16298369051232414195
                 -0.24673677107482847037
                 -0.25904672636022935128
                 -0.00148673129995347854
                  0.01636738503797820904
                  0.17507326607339407376
                  0.18054684639870594021
                  0.16601957126798702613
                 -0.06236029605800950254
                  0.35424635918114022459
                  0.16007922547450390005
                  0.09240636325591304601
                 -0.13151691454475689103
                 -0.11199717178761085801
                 -0.25055336934329180965
                  0.14586763197189223096
                 -0.43588974100093391684
                 -0.11330378867354538863
                 -0.08535880538287633768
                  0.01979159682180442123
                 -0.07607999394923228853
                 -0.29774715207595309208
                  0.13843658327134303332
                  0.30867162969318434618
                 -0.26369272133167842576
                  0.37761524094909715288
                  0.05697594107186870066
                 -0.08551420097164355583
                  0.41148217279816551306
                  0.08438836980950899236
                 -0.07749782439959400360
                  0.35021498129002531785
                  0.26159495073848493263
                  0.29681028981584012261
                 -0.01205770903344809304
                  0.29949724391709681148
                 -0.35564063022034209105
                 -0.30293421586311919391
                  0.33632335664625706562
                  0.13307907962049789208
                  0.17777267289231976632
                 -0.32435482795497083686
                 -0.20040436271574862959
                 -0.04835882200102074174
                  0.15866062165091734948
                 -0.14613877704166380878
                 -0.26180349320769774613
                  0.21988776158789308246
                 -0.23834792439063759439
                  0.00075565657408287277
                 -0.34587535148724252165
                  0.44523767997166896482
                 -0.10245148116872866695
                 -0.09627412526868597831
                 -0.02972012879726589410
                 -0.10317884907140828510
                  0.07274258871582835184
                  0.12198487932935009326
                 -0.21621398841463390639
                 -0.00559639647134262293
                 -0.19903724115519497162
                 -0.41049777838414969189
                  0.15594953382043241774
                  0.00618871164119414244
                 -0.17705169874660900420
                  0.42992245340939000409
                 -0.27903051616825663706
                 -0.07482771595995306446
                  0.27490927255986080668
                 -0.37109006871266791983
                 -0.38422880094195588363
                 -0.40027785192265513681
                  0.07451791021802540993
                 -0.42860977383537612884
                 -0.05364575973596515113
                  0.16198332225395639661
                  0.03744074059823516987
                  0.13497484109405791242
                 -0.08814511033420577291
                 -0.27153242713652442353
                  0.23598844032268317950
                  0.05710697100240710172
                 -0.15591817428918400279
                  0.04792226079893945057
                 -0.01861655486213409372
                  0.12424976843316899722
                  0.19930331895557229505
                 -0.05145969055005295695
                 -0.07717208136911307692
                 -0.26784781462713463940
                  0.15322821160591637568
                  0.09883265235443701446
                 -0.27392595907002148525
                 -0.25526900318530498790
                 -0.33814721381602241834
                 -0.26596090672414141043
                 -0.39815220058827988092
                 -0.03041915574711480039
                  0.08049822410631263248
                 -0.02204953303495864672
                 -0.48232898814711488988
                  0.04442244889889736953
                 -0.23914976510263691312
                  0.05051832674665628076
                 -0.21179318301965716076
                  0.01232343700544195203
                  0.36754061404701793281
                 -0.23110601577579278909
                 -0.08974828810526881695
                  0.31597149444727190559
                  0.10597205367132046805
                 -0.40760693478087250963
                  0.34453517111836584608
                  0.10966809173545105649
                 -0.31117202967704504779
                 -0.09234170856304974029
                  0.14609214104905604570
                  0.12536697433974416938
                  0.11381187219699920310
                 -0.20101551780440579664
                 -0.32254208365198105968
                  0.11481843750151193850
                 -0.04465576456846541420
                 -0.36827320520591344533
                  0.07843764387475096744
                  0.18904684450619121949
                  0.22853157339111523916
                  0.18154404998087894652
                  0.18529373031849463715
                 -0.23397441761095755242
                  0.15913751123900521378
                  0.08952896474688726292
                 -0.36945871677771402464
                 -0.34891481361997433996
                  0.04432968444267273989
                  0.25709386740031603402
                  0.16895930100516587391
                 -0.39458859588913580696
                  0.11257962520489935010
                 -0.25313463997909452230
                  0.17327612494878674720
                  0.13844413960733470415
                  0.45710726550980701477
                 -0.04203832369615427555
                  0.04706665541095130662
                  0.30161154620310054453
                 -0.13351900495887494835
                 -0.02036596086254308449
                  0.65812438153381569439
                 -0.11989752041172524466
                 -0.06257099525599596479
                  0.15399518212587673394
                 -0.02502621865104521365
                 -0.31060623437039286410
                 -0.15223442624835484271
                 -0.19765697935026452225
                  0.11503442734421032156
                  0.43938529099576023595
                  0.17308036618961089581
                 -0.08675872245769097879
                  0.17338107714990705355
                  0.46880780297484803132
                 -0.00842425875947807462
                 -0.47101455752791504539
                 -0.38852595116241450679
                  0.25245146010597485642
                 -0.12842037242484397042
                 -0.11581735617129405858
                 -0.00305884482954549633
                 -0.01431677399341451176
                 -0.07387198564076705165
                 -0.50552164499296992073
                 -0.00868599845417314040
                 -0.01405532282206333611
                  0.05803064196540252268
                 -0.00419954524032065818
                 -0.31167539261485815993
                  0.30279081516969225119
                 -0.23870101255399928109
                 -0.13261352698734135691
                  0.02509760811982786333
                  0.18885356471449482596
                 -0.04916920985067476518
                 -0.11771955515661056135
                 -0.03728028431552520006
                  0.31901086724118610238
                 -0.03291480798543651443
                 -0.27730745893224806320
                 -0.39898178639455789130
                  0.23524025676556414854
                  0.30772186987576294337
                 -0.18879815874647276619
                 -0.14458557142567102227
                 -0.37406486871299976515
                 -0.02768498855654239615
                 -0.02061764539908386359
                  0.19148486421647784028
                  0.25628898521829179824
                  0.19477686777124089690
                  0.26767057759464751854
                  0.08024680617177311348
                 -0.09140833586265037503
                 -0.14318747368109818741
                  0.41136062480603452496
                 -0.00687731698752298750
                  0.16838800610363058308
                 -0.20312558253818063791
                 -0.24642228085252601555
                 -0.06896154305214009794
                  0.17859489145680040867
                  0.20420811349226059006
                  0.18543530864034662997
                 -0.02294093723712753441
                 -0.32994868043905256627
                  0.64874103387301607082
                  0.43238619701368480319
                  0.00310910340454209101
                 -0.17121282387365541200
                  0.42767607636883858691
                  0.50736560072235037389
                  0.59631134433457955168
                 -0.05290706903246113202
                 -0.24138064114641810676
                 -0.19159159374143933108
                 -0.10284587314061847951
                  0.25355610905935294097
                  0.23300787533463054868
                  0.49290172896325518126
                  0.41096894250888216238
                 -0.10682390075188162581
                  0.01097553237268458076
                 -0.08737870255784267737
                  0.14900347763597399098
                 -0.39736817033769045171
                 -0.29199663207518300467
                  0.28332674507348776238
                  0.31895899587990367285
                  0.05331898136814208766
                 -0.22872334677528155522
                  0.26964166692869717679
                 -0.10243918783967866093
                  0.01868416559995557391
                  0.07253832364022576307
                 -0.78847879714000279616
                 -0.42651951843613444826
                 -0.01670717472928574462
                  0.06109405172691611402
                 -0.33525214033521372192
                 -0.05795200415334543498
                 -0.27137594277021859224
                  0.13392430469580615671
                  0.30529374145799609286
                 -0.15239227111463427011
                  0.42251310537220537755
                  0.49508866024055242505
                  0.24423505043612520060
                  0.25742745316132054079
                 -0.59184503518376763154
                  0.00705055037797170780
                 -0.37603081811369271081
                 -0.36163441154592379512
                  0.09168917212284613538
                  0.01438227034935364926
                  0.29662469891824588819
                 -0.00314148687312763592
                 -0.18077335904730890137
                  0.07300277294441090414
                 -0.12528052563114047691
                  0.12382773635620963892
                 -0.00277963029465273922
                 -0.06470447533677256557
                  0.19016503059805622833
                  0.05343697852605615306
                 -0.21072732688024292669
                  0.47692069483862398194
                  0.47680087192387587969
                  0.23674425302707396979
                  0.29213975817912568589
                  0.19236221318801660640
                  0.02208657040307641928
                  0.02783060696281042939
                 -0.09982353556257431149
                  0.00933988050768164851
                 -0.30375366737103731696
                  0.17548723458376633277
                  0.28791914273346219666
                  0.24266306576222218538
                  0.00561001875652357429
                  0.53587771490830216070
                  0.12471301884249136327
                 -0.14407315488619437671
                 -0.09707926485432885610
                 -0.09516692289600713062
                 -0.15552155826195193655
                 -0.20118393107533674713
                  0.01014145971337269969
                  0.40370598481863462226
                 -0.44262911309295527307
                 -0.02270675437559268803
                  0.27054753145789067759
                 -0.21056247980542544540
                  0.10850674010769717492
                 -0.07142463596604056719
                 -0.14158151038943675437
                  0.38447355218602302651
                  0.26530069843502823712
                 -0.23036701173545398591
                  0.24989629558588055680
                 -0.10889712525809530641
                 -0.22300613942184463467
                 -0.16964361700649027709
                  0.08334335598901716768
                  0.05781352477067645823
                  0.17549997208886675137
                  0.12335715411134923203
                  0.31288081366872083633
                 -0.30518831095385151597
                 -0.26597141441258692618
                 -0.13223673366293026143
                  0.23168914019879172095
                  0.18150353048414122337
                  0.26496111225591234550
                 -0.14313504273834037894
                  0.28197138915366337653
                 -0.11477995177575431307
                 -0.33058562731579727023
                 -0.32395380520834005100
                 -0.31085305607368618475
                 -0.13400425119055589529
                  0.05871059789059779321
                  0.05592421087351908543
                  0.52708362248105156134
                  0.30308405719174430493
                  0.18684072640838442214
                  0.29097942492851025520
                  0.57545682093057837214
                  0.04684234975760290937
                  0.09628232313110568485
                 -0.15826470346274665313
                 -0.22198417878793325064
                  0.17402051172544366620
                 -0.11934910732653263021
                 -0.08306550098061080134
                 -0.16504333451581604253
                 -0.20359293213357218533
                 -0.86673525039369192502
                 -0.36981075921534922735
                 -0.68485936927785284745
                  0.96621896134062079664
                  0.72771333254340364594
                  0.53538537457084811599
                 -0.57421146575116233102
                 -0.38031563486876812652
                  0.40115324484121067661
                 -0.83026539990474546027
                 -0.52432952091779794213
                  0.87857528226100234381
                  0.71053847127780556114
                 -0.52098350462141396200
                 -0.89236418823964602787
                  1.00442491791024868242
                  0.19487539548947352408
                 -0.81361729397739057656
                 -0.87924235507243875265
                 -0.56892872758496138008
                  0.84315052608677565349
                 -0.55889110925899976312
                 -0.63410376181529337636
                 -0.49564726784770707368
                 -0.98092120898731727241
                  0.63983048815780818597
                 -0.97749736565518918763
                  0.49237715797760217562
                 -0.74142910288122432227
                 -1.27391177283485168559
                  0.26419456603742547118
                  0.75685137300264071492
                  0.35915317862774043256
                 -0.23258712567415940065
                 -1.00060241174078035087
                 -0.43812186049096257801
                 -0.54786486251250543500
                  0.05888610281749014075
                  0.76904858976493706280
                  0.08558870308873477162
                  0.27091059968528358182
                  0.68518615758150558381
                 -0.47837629208179177631
                 -0.62237806954663787984
                  0.58005313781834955122
                 -0.54004551471695438902
                  0.59484025055611733368
                  0.78491328395402948370
                 -0.15890870793622757784
                  0.62300006527125340039
