9	2	1
50	50	
1	3101
  2.4977010000000002	  1.2462420000000001	  2.4927980000000001	  0.1482145000000000	  0.2935940000000000	  2.4828999999999999	  1.2462420000000001	  2.4956784999999999	  7.7500000000000000	  0.1574173150000000
  0.0022990000000001	  1.2462420000000001	 -0.0072019999999999	  0.1482145000000000	  0.0009830000000000	 -0.0170999999999999	 -1.2462420000000001	  0.0043215000000001	 12.2500000000000000	 -0.0010276150000000
                  0.91195549691823019067
                  0.37984079739767617756
                 -0.41155456394023604005
                 -0.79545920094599731343
                  0.27905727578507938391
                 -0.48978793033036643889
                  0.46967695475609588796
                  0.90087213922048070547
                 -0.98551634939734411578
                  0.22854580918017303182
                 -0.36542400852394801847
                 -0.18523648873563625106
                 -1.11799050795225030086
                  0.87573018595398344210
                 -0.33437488527290593066
                  0.99504547155336897646
                 -0.87694219815529417250
                 -0.72832926657472052412
                 -0.80657200066533174532
                 -0.86238198399830967578
                  0.02737715368879891503
                 -0.30354470846404124629
                 -1.06377366330167855146
                  0.54313830350395453372
                  0.39289050036837241953
                 -0.56996875542600189402
                  1.00427372676401960305
                 -1.49142511639972119575
                  0.38636008538871097207
                 -0.94759216176224203565
                 -0.03206225714053485831
                 -0.42439203773437428335
                 -0.33951559109793594260
                 -0.04057792438581038497
                 -1.16498507827361241773
                 -0.03264935205124576412
                 -0.74976735056649612687
                  0.75652153060265925344
                 -0.24302142274873819727
                  0.98708322146079774395
                 -0.44911693039683475703
                  0.59429762649247364070
                 -1.22751048734316081656
                 -0.57558596347811785687
                 -0.28367454661183338915
                 -0.96150940855108879557
                 -0.63456004706847435326
                 -0.13902733215438395353
                  0.37541317780323218978
                  1.17708713245845641993
                  1.13864167956757311728
                 -0.77615744511899187330
                 -0.43096182308438640840
                  0.38232705071266936958
                 -0.45731314369968517619
                  0.71189130783147513970
                 -0.97846414487612942690
                  0.37579462909839211893
                 -0.47949566186334979800
                  0.39226173268837161157
                  0.27867162848811111164
                  0.98170714907113398873
                 -0.83423208145716820638
                  0.78726736346439285530
                  1.02123009112750939842
                 -0.98186535429458432489
                  0.01483349803592868416
                 -0.06186740949952253960
                  0.44338875730823040788
                 -0.24966977794814462777
                 -0.00298378316684041762
                  1.13074379150196424604
                  0.85168749402504229096
                  1.12574560857817740356
                  0.15545417110398793148
                  0.59278585986279275222
                 -0.82315395704807148292
                 -0.45236426095068188458
                  0.28586642863542194304
                  0.49988707219306366403
                  0.93291878590402876892
                 -1.02748123362792620483
                 -0.06911271317525367885
                  0.61435402220905743764
                 -0.39611685941480834217
                  0.66502237296173705161
                  0.80490407416107456751
                  1.03039988062393339519
                  0.85873863752903456525
                 -0.13519957523890555051
                  1.02546252071442833831
                 -0.05965278792052525203
                  1.35400252282828259531
                  0.61359686640518329437
                 -0.90135666322235463710
                  0.69388059216252029326
                  0.34358384359021243437
                 -0.15388749970170265136
                 -0.54799156703433826721
                 -0.70901318033893112602
                 -0.82850129109731429633
                  1.27296400356233863072
                  0.01634679618128003289
                 -0.12148532318012761344
                  0.11977492076463887305
                  1.18650242343285383662
                  0.27810831348741055224
                 -0.06375917415952811473
                  0.86348079555762480286
                 -0.38865718439731022915
                 -0.41676862700788497307
                  0.93751756219140014448
                 -1.26115185266388740715
                 -0.69691121559731683544
                 -0.08394936135185591952
                  0.81920933675425300358
                 -0.13206197018627000017
                  0.36804423672431590964
                 -1.24681222915082545732
                  1.04000529008790909558
                 -1.08087705683752299812
                 -0.36889928803101207366
                  0.12703308097369953034
                  0.08466957470175504041
                  0.17303125164692376159
                  0.13125183822587904725
                 -0.07644894038182775686
                  0.68889807055226770505
                 -1.18056864213355838800
                 -0.10525196935968189615
                  0.58852732912546035227
                 -0.85474790712404358217
                  1.26237830591541877467
                 -0.31700402666606652957
                 -0.16622282004617291995
                 -0.31429145743639730348
                 -0.02959994574993193503
                  1.44566102648345617965
                  0.35906676429415124163
                 -0.49537425200205126297
                  0.68971279495200488174
                 -0.53722854159198629720
                  0.56195870510901779760
                 -0.68470411757359972427
                  0.54931987462423226276
                 -0.05889245844164201632
                  0.60625473565623266836
                 -0.94265133298902747949
                  0.45804422688208040748
                  0.75774261993427116657
                 -0.90623243593560454112
                  0.63403251153927575601
                 -0.10361445538003200006
                 -0.27762647658403832862
                 -0.91121473555039611547
                  0.79732899921454025716
                 -0.59770801575942145156
                  0.92403729342285556569
                 -0.54226297998692396529
                  0.29273892012006264007
                 -0.80696648044589391890
                  0.80698715596779468928
                  0.99319847360549706750
                  0.51859401773425117810
                  0.84508444877028399134
                  0.87358388282144749937
                 -0.05296440393072266578
                 -0.29232640428909917318
                  0.45913962948022224442
                  1.16559876000342566016
                  0.42278139850940921196
                  0.84684619444718678416
                 -0.51132765462987406213
                 -0.48397155802981678407
                 -1.02668262652137420865
                 -0.74535989219714848808
                 -0.87849704568308362163
                 -0.67674013150816425544
                  0.31622269415605697152
                 -0.30789099707973827114
                  0.81967901726171732424
                 -0.98122175713458736901
                  1.34229932027318099586
                 -1.02439638852384362622
                 -0.11610201620655419275
                  0.02152365804193726376
                 -0.31530652550895676978
                  0.68733787724800932128
                 -0.23189700498397836093
                  0.88295149944761219807
                 -0.44998118507127710108
                  0.37940483112843703672
                 -0.48407223219512129919
                 -1.10847291713587070561
                 -0.26898300811117731302
                 -0.38631655063547976070
                 -0.80417999644236348722
                 -0.92215372272425488731
                  0.74854661581760828515
                 -1.26626764938863556331
                  0.34442239877883790156
                 -0.73975983905091557968
                 -0.49140637884432319948
                  0.33969123272684226267
                  0.46389381479551200504
                 -1.33409844690033896342
                  0.20015507409628105484
                  1.19337409720907228206
                 -0.90476189038351140237
                 -0.23260845511566560773
                 -0.11362007044197440508
                 -0.66024247619268539022
                 -1.33734360274007579861
                 -0.72899719425890119329
                  0.47853147546525276468
                 -0.11257549034893649109
                  0.07210455052483490113
                  0.82014221617851001955
                 -0.90530779818817497251
                  0.60531443036049059625
                 -0.27437669546425902389
                 -0.64947708817873683884
                  1.26877534659593504962
                 -0.57363688786519562157
                  0.25936915877113264628
                 -0.17963818678077225766
                  0.25329699824605078629
                 -0.46544793355044233873
                 -0.92452803794539106796
                 -1.04133624587939821460
                  0.74024981005055279226
                  0.57472582888554801794
                  0.45585171542993346838
                  0.23209702128076170613
                 -0.82521424530332843084
                  1.17131553686950007354
                 -1.10546356929918809797
                  0.25918801601102792187
                 -0.67807707893895396989
                  0.43266323438277215496
                 -0.58667338583549932807
                 -0.25362177762286930438
                  0.32716982462405208576
                  0.74433825954792476320
                 -0.69764165265027755503
                 -0.05550080421721582946
                 -0.57855073185931815694
                  0.94435997015069927940
                  0.66789365200817840673
                 -0.86882991434372602857
                 -0.50276679560914505629
                 -0.21618244068514150258
                  1.07348962016203142156
                 -0.48092744934177272809
                 -0.17868014543495031043
                  0.70923327727278606680
                  0.97674811796334370939
                  0.51075351849911354574
                  0.62807653834599974640
                  0.97548804882471207289
                 -0.20968519370704574722
                 -1.34076206448068901977
                 -0.33214174792592920937
                  0.16172769458688801558
                 -0.71329467747588770621
                  1.26736437394522982736
                 -0.74710617503442611209
                  0.59308649672986635260
                  0.28535302994073685756
                 -0.02989128607132147952
                  0.19374919461694603551
                  0.59621634475592610869
                 -0.23338347525369995683
                  0.54199040649373575462
                 -1.01261542426316286658
                 -1.05694316139384159037
                 -0.03978932809763943701
                  0.67570762622274105347
                 -0.56642659170869413821
                  0.73160401626523230423
                  0.10738005563817774879
                  0.97298474425894587725
                  0.23665982067958579727
                 -0.51193472034656195557
                 -0.00864391679884344080
                 -0.48233922619011154742
                 -0.78254038124118019404
                  0.90546350946377629487
                 -1.17119660475887288342
                 -0.08600521390919749209
                 -0.92039153041889354423
                 -0.19109045062357787881
                 -0.53592038769643091101
                  1.18731374184598270638
                 -0.12166225315589514200
                  1.05534231719226800905
                  0.21448806023202340865
                 -0.13942532308567295862
                 -0.38507556756241329010
                 -0.20314550617063825699
                  0.07236730526994898660
                  1.05622301254669759274
                  0.52204956210090713853
                 -0.60212931677118541884
                  1.36103049599005632153
                 -0.69943401152927597852
                  0.33119463642798502301
                 -0.78548010587388883419
                  0.43716368348830503265
                 -0.44997751855111201014
                  0.35042337089214276036
                 -0.28267602269319674901
                  1.17281402123501221624
                  0.98911679347312930766
                  0.64817729494251907774
                 -1.00283340996173864212
                  0.74979151218125084100
                 -0.35926066531081235489
                 -0.17361428251661770172
                 -1.08984838024144181645
                  0.54843244011004843586
                  0.27529963463080703301
                  0.22574575829958529183
                 -0.92292398184515400672
                 -0.96873522319201998965
                  1.17114061900004085004
                 -0.29211819611069272939
                  0.76533418269745934204
                 -1.15761008966469192139
                 -0.52092142426868770499
                 -0.29450909935551056185
                  0.00416144090166865356
                 -0.41091358333224048405
                  1.32138243527806986677
                 -0.18211073266567989748
                  0.94162188810217029022
                 -0.58115821632117925510
                 -1.01350359685514113117
                 -0.19429420418226872602
                 -0.57855603547579814716
                 -0.55987112671388861163
                 -0.14254129816601424086
                  0.81085310480110861509
                 -0.72488600449851026131
                  1.19824136637464784272
                 -0.08420910801099346088
                  0.10440446479708043181
                  0.74400114149308538281
                 -0.82484324880504678035
                  0.96712098457452089217
                  0.34299053895331155228
                  0.75372621561793273770
                 -0.49594623590056280404
                  0.25652408974516904827
                 -0.99730625103486103544
                 -0.14554897048054454833
                 -0.88981593103498490827
                  0.92975468227935631482
                 -0.34396870580286403873
                  0.64510890514288077302
                  0.83531104086482532711
                 -0.64148970775457647697
                  0.42292069916963981324
                 -0.00193039139505396117
                 -0.51061914928347218456
                 -0.75105758003398137568
                  0.83556102025515555098
                  0.31466157463397870231
                  0.96211070047770763658
                 -0.11709035901783537703
                  0.79583848978999183199
                 -0.92392841938728775819
                 -0.65934385843460674437
                 -0.69854286805741772071
                 -0.98013991878903838906
                 -0.59786886587086407463
                 -0.51519870208031448566
                  0.41316196119227982519
                 -0.82809066429885913596
                 -0.59611174686147716528
                  0.97041984940342274069
                 -0.05753360530329135192
                 -0.89972003600364791609
                  0.37908589855559565729
                  0.26572763271838778509
                 -0.17021553630932054202
                 -0.92339417534179446534
                 -1.12100379070726807740
                  0.99079703941565033798
                  0.03751681218011955476
                 -0.65723432261002689980
                  0.00637978831797215463
                 -0.33813189095045592669
                  1.17201652308210424458
                  0.21306181266032825361
                 -0.34798704580132533426
                  1.01364448130261175507
                  0.41869551963372553249
                  0.55904920464049978612
                  0.77306238607841193389
                 -0.51373572891805230345
                  1.07077384826537658213
                  0.74839388167501041949
                 -0.42428820351006935052
                 -0.23226243844360597302
                 -0.40701233343369913609
                 -1.24349724458717414421
                 -0.53650785607317574843
                 -0.49003393474215717340
                  0.16502993785940209270
                 -1.26847227780160887178
                  1.04930338497406761000
                  0.94902462509333485041
                 -0.09282206652601834862
                  0.66283263665219427363
                  0.93800376175846333915
                 -0.86366218210457612603
                 -0.78798777664310504232
                  0.79022274691611105180
                  0.80420801598298186086
                  0.84037118908601937672
                 -0.51598662639427494980
                 -0.39682672480054625996
                  0.72598049284565469019
                  0.01208890071149032810
                  0.86961439585668653951
                  0.92434894096881570213
                  1.06540296118198751785
                 -0.23413071143466804291
                  0.94781820747185674403
                 -0.39483640234451822248
                  0.66449178351525262087
                 -0.55563940490771102088
                  0.42376895998540475841
                  0.85216318099722110357
                 -1.13826360668355697214
                  0.84475266457732833825
                  0.27799695337577035037
                  1.11271838156399405229
                  0.28329413590131952150
                 -0.46769965738671726019
                 -0.40670011624863988686
                 -1.09716818999852261385
                 -0.76639754160662065807
                  1.12219570289413717035
                 -0.54381027197671127915
                  0.52623290315870685507
                  0.63948226865042190337
                  0.25178404559394651496
                 -0.35444294447179996999
                  0.32321810210010593067
                 -0.36649051117473374628
                 -0.26735161244012434212
                 -0.27314528065710663718
                 -0.22936048961345567587
                  0.13199969780958636933
                 -0.10194172468586332192
                 -0.26500907370405446528
                 -0.23160674896032079628
                 -0.21335979071324046030
                 -0.27158753575335053965
                 -0.21274762807837463430
                 -0.19807302683363617324
                  0.01085569844441641035
                  0.16460691149670750311
                 -0.22721841727746874828
                  0.02122766604327706863
                 -0.00797180533976740713
                 -0.15581353715050594300
                 -0.27429696500653744096
                  0.25823876993791555767
                  0.13645968021183918495
                 -0.10925769191923891122
                 -0.10439745110935744199
                  0.29271347658781954326
                 -0.17037444143356705872
                  0.07660916888991932405
                  0.01950840216862123611
                 -0.27906680322406657302
                 -0.14820857137604226406
                 -0.18294704650551443792
                  0.11251749784118053599
                  0.09954980937701271571
                  0.10016231039865587660
                  0.35161294055872599484
                 -0.04387293344339070200
                  0.26509693499713188336
                 -0.13922326707009918811
                  0.11189458478532436636
                  0.07980103073148783754
                  0.28463559868721671764
                 -0.31041671453440805584
                 -0.27754783176276104362
                  0.24596073358956935251
                 -0.19430890544814694021
                  0.09134459416243691232
                 -0.21829043303599085513
                 -0.39470076879876925258
                  0.12182357763605485002
                 -0.38100676048890308456
                 -0.18097496032059418036
                  0.39339227240230384419
                 -0.06078823162848534523
                 -0.00166672675707752144
                  0.29739291537023260226
                  0.37239241663960620521
                  0.10132185295950109361
                  0.27229169871572095341
                  0.05922370040583992828
                 -0.30198094073346037902
                 -0.08008810982633940423
                  0.05417467704117470001
                  0.03807386881307613102
                 -0.09449735132657166581
                 -0.14760462527778497877
                 -0.15195977003414609663
                 -0.09268418268812031457
                 -0.09626368286022944643
                 -0.16859724352669550052
                 -0.07233573935178709557
                 -0.17988147975184914928
                 -0.02488147098639040614
                  0.10334886829818742959
                 -0.07261122311278338237
                 -0.16047862154225422948
                 -0.11516124331615597287
                  0.34820691939352121924
                  0.37099817315189953515
                 -0.23723462913211365577
                 -0.34820915689963483075
                 -0.10536079922649788099
                 -0.47935122129678531255
                 -0.20380061253595124771
                  0.17593819717674499814
                  0.07565632814085469782
                  0.10333428088038340564
                 -0.13068714567222020073
                 -0.07694508778138181571
                  0.41276952074174866336
                  0.34048446682836741584
                  0.11701535000420865140
                 -0.19267594110096467053
                  0.17212349278524857743
                 -0.24128822950442777029
                  0.00226627660413482182
                 -0.10771125290864816404
                  0.37239725700458831126
                  0.16192502307545550422
                  0.05123902313392982716
                 -0.30272767823694612943
                 -0.08931093039102455666
                 -0.06367724508131242245
                 -0.15249721208343702816
                 -0.23048751413931756193
                 -0.18542453963516197790
                 -0.30649970519271679814
                 -0.06988046610506973289
                 -0.01960351790407686284
                  0.13701648794368490036
                 -0.43053327184391732008
                  0.14506950760549269797
                 -0.06730811346707507581
                 -0.17569886420909092140
                 -0.60908178085487230113
                 -0.11237108562605960249
                  0.13899789108088128620
                  0.22179791853918293110
                 -0.07512797485296346389
                  0.20895794184843843877
                  0.01191425430371607919
                  0.28212951084315396333
                 -0.04155486166665606912
                  0.03555374465100773207
                 -0.20104817979165071073
                  0.24470840569783786078
                  0.18341529657471999926
                  0.00813499429954490927
                  0.00063897762694294959
                 -0.26367085393809924776
                  0.00211843071170068984
                  0.43681279491410412996
                 -0.17051922326694324283
                 -0.16263788171920257053
                 -0.13962591091939932642
                 -0.27415958775909499145
                  0.02193297703259808329
                 -0.21169684687188694561
                 -0.10853929795813618830
                  0.33776922669903636232
                  0.29971631340420146206
                 -0.37416182359461980234
                 -0.15968459244872756919
                  0.00498214866189860325
                  0.38094198232131215587
                  0.23443770400469135518
                 -0.30323881357626697453
                  0.02967251625245971927
                  0.17819949457098210877
                 -0.21117670187838288864
                 -0.07952326253012799440
                  0.55418571743665023810
                 -0.15974550554500066557
                 -0.18013483200910992976
                 -0.02190517235608450963
                  0.05860648631835113642
                  0.16045417583280210949
                 -0.04528713222858888471
                 -0.20084543720257166943
                 -0.26458911880018798346
                 -0.33576935222554282756
                 -0.06829029656862124764
                 -0.42018281645693861259
                  0.09544824407802832145
                 -0.00768143686748004942
                  0.04899191247434664387
                 -0.30297102978767564974
                 -0.22715558613653549780
                  0.31002134504973477558
                 -0.12156411194962277178
                 -0.02063229505413568740
                 -0.32148380401866422096
                  0.12721695966688151280
                  0.01781119360435011456
                 -0.41691441916568111603
                 -0.47658226415845283963
                  0.10036118932816588678
                  0.27429836460525852671
                  0.15992096201709651848
                 -0.00303283761727524484
                 -0.03842768520845306346
                 -0.14718896662341188208
                  0.04302678834120654550
                 -0.00934568157071170857
                  0.14437230699547232149
                  0.12625059608337518835
                 -0.03785025100253192748
                  0.05624564722247396564
                 -0.31012506990832744425
                  0.46087039572016230693
                  0.10085151891424459780
                 -0.25564489333821766026
                 -0.24734397549152425944
                  0.15745881683369841730
                  0.22384771705365988370
                  0.13452899369391529971
                  0.01477403105223649808
                 -0.05703478789513750230
                 -0.19424931552995691741
                  0.00656985673803023567
                 -0.21169523510558871382
                 -0.09025219568319346741
                 -0.14200718855494218196
                 -0.11782134515052961055
                  0.27725744531227936029
                 -0.35171851108135621100
                  0.41264761398657395786
                 -0.18369831175814516078
                  0.09208198994322464026
                 -0.30509243070280411825
                  0.20352474968212344586
                  0.34597953137826470416
                  0.30569800652681772268
                  0.20287465190471098975
                  0.36130609303853999936
                  0.26410075171801455918
                  0.25375760499393990033
                  0.02998736636585515661
                  0.17978931278169335561
                 -0.20899630896008192238
                 -0.34493250068509367923
                  0.10674670331857621930
                  0.03060102993327997942
                  0.19925643679491200633
                  0.25503098565720461188
                 -0.11069229865566410087
                 -0.19984446155718960103
                  0.06858499269203086057
                 -0.18024031191346959191
                 -0.19438445044371255310
                 -0.22897670921916729592
                 -0.06863254395130605201
                  0.23524065260140195055
                  0.20811571357399799576
                  0.25230457087385327331
                 -0.11479608151054135345
                  0.09359496218364506126
                  0.25525806857617322487
                  0.30771464182908114804
                  0.27878962329976197942
                  0.11818912394666225563
                  0.23959202284127470439
                  0.27223343411273415171
                 -0.06733967326097611839
                  0.28085824406737236458
                  0.15917440003483901423
                  0.27129634258407508973
                 -0.23905491320899122099
                 -0.08465757407283774905
                  0.37818186984517482285
                  0.35427386798267979096
                 -0.10340587791369892923
                  0.06748323807904214877
                  0.21980773558595770312
                  0.34210552944092387229
                  0.18151274588478374938
                  0.11805123496320628351
                 -0.32401712139585414629
                 -0.35410770654287515580
                 -0.26770197719134530834
                 -0.21828359549540565787
                  0.09750175189131628228
                 -0.26290333403547239133
                  0.26527024320326586526
                  0.00360946823780771212
                  0.02561942444819725884
                 -0.05521690497730842584
                 -0.06609697137504284836
                  0.38746542134458683559
                  0.35770244864885469838
                  0.20151785602322760949
                 -0.37173432976699255503
                  0.07423081086953041419
                  0.36263101484771959049
                 -0.00853621520445163769
                  0.11692201376205732521
                 -0.06929288764002702883
                 -0.41579692437815363171
                 -0.26862463083770465877
                  0.01240343650407874435
                 -0.00731786395357576346
                  0.22107089945626967609
                 -0.12448634364211538794
                 -0.01552553185918557899
                  0.07174108807740421645
                 -0.10242413435878994221
                 -0.15090994857498543635
                 -0.32434915755883747535
                  0.13886959377426438822
                 -0.41289512044416154524
                  0.15492372659324962769
                 -0.20582692598045876364
                  0.08465718455051320090
                 -0.24564870826162729656
                  0.02005955557271816084
                  0.12883359676188507748
                 -0.03803765220514820911
                  0.15301350861396872949
                  0.31082054858582230938
                  0.05952921851275268239
                  0.28718185924754119354
                  0.12341710096372175698
                 -0.34063063480861555110
                 -0.20685586324821653159
                 -0.14200856775293016487
                  0.19266097646183938386
                  0.28679273560173634827
                  0.33403499969318328766
                 -0.14301127803978985753
                  0.01029983840690813779
                 -0.21535326170264298962
                  0.14144764360264974745
                  0.11651498566161715142
                 -0.53662774521723322074
                 -0.01469701928784644847
                 -0.44437467989781709310
                 -0.26598608314600874492
                  0.05956505850194480922
                  0.07489686694844874260
                 -0.05900929297387798311
                 -0.14040440597089359764
                 -0.17922494591953858079
                 -0.35434766142423013147
                 -0.09713132756313955229
                  0.00962626388545058040
                 -0.16159555721706755915
                 -0.16440285099659435186
                  0.03256669554564455699
                 -0.02685443834732536422
                  0.33128440527555647055
                 -0.36274685726441174838
                  0.41058235576972040848
                 -0.29265947348516413440
                  0.32523265757706859569
                  0.00682962248071107211
                  0.02669232709955909194
                 -0.06992492440915246132
                 -0.19706459876028720180
                 -0.25259165234125341426
                  0.45472151627647516836
                  0.03901971248502474066
                  0.40051321031752407098
                  0.19789023461674545845
                  0.01843274815268993588
                  0.14391170734648067731
                 -0.14523200978968611730
                 -0.21856091272818714555
                 -0.03120845504326844391
                  0.23928599124757496397
                 -0.08075371847250595314
                 -0.45784459402480431889
                  0.25314424218411096801
                 -0.46130919089000138600
                  0.32728834037733955942
                 -0.31116621013290707287
                 -0.05093017817948965881
                 -0.29004159414806579553
                 -0.18581330748951058185
                 -0.06616703066406590117
                  0.10859422712228135321
                 -0.26601794815026308383
                 -0.04143796685852377953
                  0.04324670600498348866
                  0.18684159323532201213
                  0.16941636779411617386
                  0.21092362092958402697
                  0.14702337495401990308
                 -0.12025162942396014354
                 -0.14275492196564301683
                  0.06252753387377703309
                  0.07345223167300790612
                 -0.11602917325723691166
                  0.14755359401014939147
                  0.04691048734444138585
                  0.25603479088527336671
                 -0.07302049284779406346
                 -0.22085493933715702464
                  0.26371811150584767436
                  0.51892629612522456206
                 -0.26560886833766272908
                 -0.45542330962331817323
                 -0.22281390184001614863
                 -0.06975800636624907014
                 -0.20061926778999186749
                  0.11785559848885272805
                  0.07722589340504847077
                 -0.19288116329436555407
                 -0.21591451183178853035
                  0.21819964883170855918
                  0.09081125070647078079
                 -0.06233088538304134424
                  0.06511485089914133273
                 -0.08486005989534969873
                 -0.41223011298609252284
                  0.11771605314328692504
                  0.09305087752835364268
                 -0.13914654933781805957
                 -0.26748906334575867083
                 -0.04199689745025057819
                 -0.06447132637985304726
                 -0.17833162353738882255
                  0.02609440316123468745
                 -0.21387932243554330647
                  0.21346704233294608311
                  0.04187746117741517754
                 -0.08496226946150767234
                 -0.02093351256345470091
                  0.33381742934612840257
                  0.05433336290794995443
                 -0.17803550902816681067
                 -0.03085113425271709259
                 -0.25362469448930469174
                 -0.01946303924918616618
                  0.19126385926782224489
                  0.07316729081542905355
                 -0.16277219729943570581
                 -0.01468579407886859076
                  0.23608416458434644536
                 -0.14526146458355743141
                  0.04180066399488738954
                 -0.24643427887473209892
                 -0.25679857508304460012
                  0.32255953996018976726
                  0.01667027478847681390
                  0.07699079900237139340
                  0.00192713852180066963
                  0.08947671914315988295
                 -0.34004964061623282889
                  0.16151748881420630033
                 -0.15840835625004420772
                  0.19479603215351107282
                 -0.12252899685448893907
                 -0.07040043301123573294
                  0.46173610802639458717
                 -0.24147156494050928122
                  0.22979074522542636272
                 -0.03578620804904895925
                 -0.25965427344401648124
                  0.46137765338943070859
                  0.13226584970491572779
                  0.26981218159141701074
                 -0.01886899607836417178
                 -0.06504806043687560990
                 -0.32344459666939001652
                 -0.03894831010829219453
                  0.21316446212514578162
                  0.19724443283496956303
                  0.39859500442605316772
                 -0.41022089885010742938
                  0.26659100124941143006
                  0.10302142703137723290
                 -0.13986039742274133935
                 -0.32058020530971031992
                 -0.04414455173732808463
                 -0.19905899142908559107
                 -0.10614335207803658745
                  0.33980284205411676046
                 -0.05584504333885012550
                 -0.25563267892945423787
                  0.14808619202462020015
                 -0.28219141423504606747
                 -0.01819706478945588846
                 -0.23936234146894030950
                 -0.03504589646357281207
                 -0.20244130192337600471
                 -0.30408834337663764869
                 -0.27374385813979068560
                  0.05516158131173448664
                  0.25566955514441669362
                  0.11665938989566826400
                 -0.31922331343172760665
                  0.21430541574712463904
                  0.10268497053087526083
                 -0.02606119388131470857
                 -0.39448393490953431728
                  0.10015060585266392923
                  0.30127682470003425141
                 -0.04487644471890449988
                 -0.15698736146085776055
                 -0.07937854541021840959
                  0.32731665737801074467
                 -0.14151618993258635593
                 -0.19529285928045261866
                 -0.02058294877529599776
                  0.18031083176281167968
                  0.18545707865414368110
                  0.31850345681176533974
                 -0.32110059905218274467
                  0.16277239638706775260
                 -0.28178475089780524732
                  0.27488946198405184163
                 -0.40017373301153569276
                  0.05866188068733429323
                  0.36155982247705592547
                 -0.34710665898038312038
                  0.21839293406236839901
                 -0.01292253201595476922
                 -0.28939441121210579544
                  0.15620323890066545314
                  0.00749882027191797404
                  0.01865907038692763559
                  0.28435292515809573732
                  0.30689745864207962356
                 -0.31215318815633430471
                  0.06460644326264952664
                 -0.00230837831370135031
                 -0.12052822863776413431
                  0.37112626735261589062
                  0.07111998022691960741
                  0.01697798654701761223
                 -0.17999595562737949472
                  0.04586443549142924653
                 -0.30619119916000087089
                  0.08125254098014300652
                  0.22264781496161054064
                 -0.14375283956963089138
                  0.22483069265018035265
                 -0.20809427706562855231
                  0.26792329328665676069
                 -0.31559826422342102115
                 -0.16118221316818695521
                 -0.29147632183140748108
                 -0.00642493967281879130
                  0.02167023063295571081
                  0.14254615210285387361
                  0.18606433252429421810
                 -0.38591185156838814230
                 -0.12005526961622915716
                  0.19533790480337029360
                  0.24818031045463323503
                 -0.40107827967022707805
                  0.01384181969059444794
                  0.14882639170658243377
                 -0.34448011188237387392
                  0.30246676496874341789
                  0.17360284883360160846
                 -0.05101484499590787369
                 -0.15038992320808719505
                  0.17684848163060254422
                  0.02412280158508291888
                  0.33182972323593107333
                  0.31119032762846288165
                  0.22084183426564413244
                 -0.15229648154991001774
                 -0.27880355828286224051
                 -0.13473118043689491508
                 -0.11823241495042902116
                 -0.13848375136994497958
                 -0.36228396840609644602
                  0.27937498376127090083
                  0.25424532668496746535
                 -0.06546818788108248188
                  0.00399762794992482816
                 -0.02776597830858054325
                 -0.44556697763729102846
                  0.20734032767407720166
                 -0.32869014142773644860
                  0.17445538093427995219
                 -0.20527279984801646839
                  0.22523327559762632011
                 -0.20633670999376557686
                  0.20866272273296554429
                  0.02155142805155788391
                 -0.06989017916694875709
                  0.07445814088102047090
                 -0.03557576258393453650
                  0.10191922249732376926
                  0.07480099818027312331
                  0.12469175097206777747
                  0.10535321649891181417
                 -0.01822465195083058237
                  0.00806963752709981968
                  0.35600371326258506421
                 -0.60118399971795499770
                  0.41885384478595760749
                 -0.15015645404589220147
                 -0.11450943608475812330
                  0.21393232525750865980
                 -0.15446661839033426489
                  0.04314518251896030943
                 -0.08263791590046121183
                 -0.13681313938980660394
                  0.08175209182973781907
                  0.56322950085700762557
                  0.12720539639461753145
                  0.17963717834279971375
                 -0.12736542561762431713
                  0.28241927309760067599
                 -0.13592843942317356376
                  0.12988715245472262638
                 -0.21395913406754293873
                  0.11888226478980312706
                  0.13550032578821843976
                 -0.26913358431298672890
                  0.06546675117974193325
                  0.14195579628574644948
                  0.12845423710089079461
                 -0.29042984142097377775
                 -0.34111769623729870649
                 -0.34747529955391082135
                 -0.37868737230384219572
                  0.28177495206675789996
                 -0.27307492189904680746
                 -0.26456693944074100022
                  0.18077087375131095648
                 -0.11981637701146793940
                 -0.23196382356378267287
                 -0.07988280472929928933
                  0.09617196599996996609
                  0.14616117241950626893
                 -0.21567040422133337829
                 -0.18994665718788594777
                 -0.16695278898592924577
                  0.17884848257274169048
                  0.27983541997705480009
                 -0.18249710968849988668
                  0.34962947239466485305
                 -0.12886329696444220883
                 -0.07908075824008765908
                 -0.27463274160781298017
                  0.15876233320726651499
                  0.17888623428023503470
                 -0.16997771668408859225
                  0.15895610809654581175
                 -0.06473134160228903589
                 -0.29504992407992847170
                 -0.07410914552110260678
                 -0.26036042841774764689
                 -0.31088974660669244088
                  0.02786879179025628095
                  0.03804610758402121595
                  0.15281148163053820399
                 -0.17752410522829295547
                  0.31826273490651624254
                 -0.17623085902141102932
                  0.23800478538760169722
                 -0.15017315725195787279
                  0.30151315108179793656
                 -0.13899673431220904707
                  0.18395301138346753511
                  0.21973783920886641452
                  0.32892995991071205530
                 -0.14962209843299367762
                 -0.15293348529454892093
                 -0.30691837827498946734
                  0.26388586960258109126
                  0.24470287150063288473
                 -0.39098742033833100429
                  0.33861047355912904377
                 -0.14461894047194107094
                  0.11665131406828171956
                  0.18632559379106905517
                  0.16205001609380620398
                  0.32762521070746736251
                  0.21609795357617933576
                  0.24348212927149059936
                  0.20969209758258225418
                  0.30407265751294326739
                  0.01514985882192696094
                 -0.03487012553441875412
                  0.03764190490000123707
                  0.36480594560239404389
                  0.23725257949683198344
                 -0.07146880385002846170
                  0.14095562672587644282
                  0.38802655713566719387
                  0.17710810816988464822
                  0.38025236743181539678
                  0.14014437238961954812
                 -0.19663160259616208059
                  0.12042099460748979800
                 -0.30317954340013908432
                 -0.25949489672566344867
                  0.13335706842429800867
                  0.28801361695429311682
                  0.16535788003523063661
                  0.10582638514058495538
                  0.20659910423782684719
                 -0.31850357715780214241
                  0.09765499742503298830
                 -0.31681205833636694180
                  0.35864240192198987289
                  0.30406206057292761713
                 -0.18859960104835704620
                  0.23931973966734274017
                 -0.35860884672976262033
                  0.19969134783869005312
                 -0.14893377744659713757
                  0.25225725339898769084
                 -0.01675898386984339683
                 -0.26275049756527935063
                 -0.18984280137709508285
                 -0.41174017377891242164
                 -0.32220910539434555186
                  0.02247099420759601091
                 -0.02208729640085813767
                  0.22065799431160507127
                  0.19086521175298731823
                  0.09136122057827815446
                  0.02331709968850356057
                  0.19137149974933104213
                  0.19475549970270217282
                  0.10789650660744899702
                 -0.07891843676312751410
                  0.14505753187097364387
                  0.18679810064817181647
                 -0.19363327186588988327
                  0.33978616546669393461
                 -0.06940841082365094283
                 -0.13794211104155584824
                 -0.37431358865140840209
                  0.10253640917048391368
                  0.06743180628503762930
                  0.04104571583965049841
                 -0.40533878186439559199
                  0.04986871749673749826
                 -0.21572071031645689843
                  0.25714401314600460191
                 -0.15497273996487173631
                  0.02885437836265098907
                  0.35847279664031317381
                 -0.00884443289939145123
                  0.23429302426309417395
                 -0.05313042834799062281
                 -0.28710477771869835628
                 -0.06067904602026754496
                  0.00204096594046443772
                 -0.22394783007765295402
                  0.18433309687164514679
                 -0.03523189158061409976
                 -0.12798838571870954639
                  0.19321639116574640394
                 -0.02688396748800808700
                  0.46006545874190002410
                 -0.05865582158219519865
                  0.33982757568884691679
                 -0.35231505259744505532
                 -0.20847331042969821646
                  0.10457775803861799058
                  0.17162379391446727639
                  0.14731267639621270504
                  0.05583527747221159188
                  0.23739131543659175438
                  0.20300174461689987626
                 -0.01789990503376727785
                 -0.09446086554694016479
                  0.07202023945092687895
                  0.26992145849084669962
                 -0.03844559069922773298
                  0.18338113044861395484
                  0.10422887845260245254
                  0.02847658966398557145
                 -0.21497236777231110150
                  0.10283286656560505778
                 -0.11654353078350777884
                  0.27440479006209328450
                  0.63229432070111979414
                 -0.08061328725327242262
                 -0.23328024448939144175
                 -0.24604597752521162324
                  0.20142843042725896985
                  0.44686426181326011076
                 -0.13264469188609745443
                 -0.08936705850361932602
                  0.13124233055235987044
                 -0.29396534405895807796
                 -0.10925020172930154094
                 -0.32001312071943227577
                 -0.16446760198525256502
                 -0.27484859482578427592
                  0.01466171175953218109
                  0.06256321666602926435
                 -0.05899882969972523872
                  0.61412404820425992025
                 -0.04181240664789302036
                  0.01032532089588283214
                  0.15182520562977760981
                  0.14096345792424666565
                  0.21732971782168963859
                 -0.03496124273111577557
                 -0.12539018300042101273
                  0.17473792084557848714
                  0.24666764421495251947
                 -0.07913250212524466920
                 -0.36110019924760050625
                 -0.15102485432310022717
                  0.20413419512861721850
                  0.28162298818874587081
                 -0.13651107891456423782
                 -0.01969624853079485552
                  0.21357671778028106124
                 -0.08819292172407662556
                 -0.11794892408023217867
                  0.27941715603541178448
                  0.08408292349242731112
                 -0.11533508735318508120
                  0.19484674363467910374
                 -0.59409218456905310557
                 -0.12407572349811636647
                 -0.30191770739757184394
                  0.47784849519525252060
                 -0.11409659855119834437
                  0.13090996361182172247
                  0.04203328951364377480
                  0.18725095946885156328
                 -0.09529908859793076448
                 -0.18876573182594916234
                  0.19869434454596379691
                 -0.11661688878953843651
                 -0.04226824817774095522
                 -0.11393176361900916871
                 -0.02392981062251418531
                 -0.31659354171568482306
                  0.06123699243612314158
                  0.01806037142266422174
                  0.20276907608953165241
                 -0.21851388259981671669
                 -0.23806245981045778826
                 -0.24764123909588686701
                  0.21207960168676770474
                  0.09128570936735821983
                 -0.18016466595569316511
                 -0.34430128786444497146
                  0.05110428605380035183
                  0.24519502313919508407
                 -0.06313273491873595822
                  0.22360558907989938615
                  0.04582793212621968232
                 -0.20737451768003126173
                  0.20373750234448309571
                  0.20349280017917403818
                 -0.21126457706877821430
                 -0.18364649914227848537
                 -0.39138167678854790532
                  0.08619256573472051930
                 -0.03764882449965042260
                 -0.39425329208993592500
                 -0.05326146566640292679
                 -0.41948254174546378836
                 -0.37088322272652313183
                  0.27884358920902307943
                 -0.32897921173471456058
                  0.17955004034093660636
                  0.18506077553240055100
                  0.00709839167713245504
                  0.05497610821429701339
                  0.06395159843451146686
                 -0.39383685464056772396
                 -0.03095137565608730920
                  0.06176139134797258012
                 -0.16149910551252108504
                  0.19335093743195388982
                  0.05611783160630028772
                 -0.26715194094221927923
                  0.08890282938351617981
                  0.17962358769150280069
                  0.14996046987999184230
                 -0.19112633547733159922
                  0.29926892737680066414
                  0.11199593326385774705
                 -0.07753838474449098461
                  0.49790290542027293430
                  0.24103373056278298847
                  0.18348690102407555491
                  0.09918963006760939116
                 -0.01054581932366381418
                  0.38340482060267727649
                  0.03596656369371946382
                 -0.07432297315947204719
                  0.07535916846295297178
                 -0.30758466444130971862
                 -0.22685039148684721377
                 -0.08857029435197832923
                  0.29009746421536403149
                  0.37145404498165202067
                 -0.02502385757897500687
                  0.17995731389358921026
                 -0.06530573468553428629
                 -0.42614806954887057833
                  0.00929256467534217770
                  0.32571776353887743616
                 -0.32139648373687984551
                 -0.11437530065584704253
                  0.11630911740204391558
                 -0.17768079587380908313
                 -0.18768181153918220283
                  0.19471074823855144542
                 -0.14770595736928074371
                  0.28893725912083129126
                  0.19335537302118468994
                  0.03861590125383904809
                 -0.00928783069852078327
                 -0.40945661775293784590
                  0.11306182194764097249
                  0.02416727683783890038
                 -0.16770519974618247616
                 -0.03856378888889561152
                 -0.36821443968717743056
                  0.23277355961799015005
                  0.10546778092162098495
                  0.19023865087239222316
                 -0.03329688066961536408
                 -0.17554160279899228003
                  0.20381148914154520457
                  0.19492503921715198523
                  0.14483241869428728488
                  0.06140067331423229580
                 -0.14483916275463731838
                  0.43307068149943300783
                 -0.35115030116174955621
                  0.35724463670925860059
                  0.08442461839855597283
                 -0.31336210878989168016
                  0.03829604724599306592
                  0.15836547478612506001
                  0.07969675590974055479
                 -0.23507525813268331794
                  0.12044214800943450761
                  0.18351026102028689113
                  0.00421168839224320309
                 -0.23083289551855773469
                  0.19439655225822274898
                 -0.11046612786744756940
                  0.05198854348515174334
                  0.31410879072515784927
                 -0.03314180573730934193
                 -0.07853539213193448665
                  0.08570108898559163080
                  0.26677482343026615030
                 -0.01108220774348314328
                 -0.10326785757884490713
                  0.02882088259318767512
                 -0.14947794201154926408
                 -0.48430919866768451509
                 -0.25505402444303881815
                 -0.22241149872239676655
                 -0.09381385500881105066
                  0.30509888318271388696
                  0.02485794929067315986
                 -0.11586892106633091271
                  0.15382301532268682909
                  0.13645033984256005333
                  0.00282814796777569599
                 -0.20921880785862900787
                  0.26325433648062646075
                 -0.26162817261884052655
                  0.53160179435134924386
                 -0.15878441295014084078
                  0.26657676290173659694
                  0.01432982505334192205
                  0.04900890231819635123
                  0.09899633000310206765
                  0.20964613067313508932
                 -0.29322666648328671313
                  0.43723303408376612555
                 -0.20171264315426012947
                 -0.29840556095821918481
                 -0.00352077952767387327
                  0.19848152014532699505
                 -0.24952960140410712642
                 -0.20665050362740711165
                 -0.30167243368739354858
                 -0.13921207680371913695
                 -0.35096816695001081809
                  0.19754607929191325688
                 -0.12992472315398667648
                 -0.02473165281511571084
                  0.19085279208056629696
                  0.02304525383172877778
                  0.09427122314321981222
                 -0.01768850120390573835
                 -0.00437422970671091579
                  0.09858554676807072814
                  0.30607889042499147880
                  0.14854243199711653078
                  0.21170050987890554062
                  0.16381515422578807328
                  0.08467039376170135134
                 -0.46529895524169750942
                 -0.00133709692042327044
                  0.00548974231598973496
                  0.15807294400687668667
                 -0.07411194348368735363
                  0.45154712132388802326
                  0.19921129524983480219
                  0.29777944278341916817
                  0.25551109506731017884
                 -0.32722907289919545004
                 -0.25757880273050942632
                 -0.00364861528118125451
                 -0.17061023184143131459
                 -0.10744093281067064460
                  0.28627777799584480656
                  0.23270099741953648165
                 -0.32220744335542600423
                  0.35227731801729705863
                  0.29728244291128458343
                 -0.10562965361818517362
                 -0.12788200065612018164
                 -0.31572616746928566789
                  0.09482403553858581580
                  0.14229439565862581074
                  0.22298010666009657199
                 -0.21134404829432376638
                  0.01256157931009595566
                  0.19798522135831747581
                 -0.11306965567025967223
                 -0.12900597716801770476
                  0.00053186563572434813
                  0.39456876480038005628
                  0.18345377846147559175
                 -0.17395538002741389727
                  0.17680782984937185032
                  0.12466715063596536806
                 -0.13171450416833785368
                  0.10432910929816915924
                  0.20784749064123803075
                  0.06693111108899102435
                 -0.44158586113985365262
                  0.43970537445486435058
                  0.37888503793962835520
                  0.12477940680966895237
                  0.21672673375382078831
                 -0.18678290703871813783
                 -0.21692489593828265249
                  0.23463470839256739264
                  0.30091065913086328942
                  0.06911362637797527353
                 -0.52139986606168942096
                 -0.27678575453072645773
                  0.22179731965385454662
                 -0.04259865558053724244
                  0.30274512751712562286
                  0.00889084163861157684
                  0.19307472851344678610
                  0.14839329533448913923
                 -0.36835940551671186860
                  0.23608635165426841707
                 -0.07220454204846209201
                 -0.01762285885971730942
                 -0.32044151389270475461
                 -0.06837573358670080703
                  0.01183133325261934848
                  0.04938268285000235042
                 -0.01171860320177847865
                  0.27328277575446108250
                  0.27831783457895048484
                 -0.06626238580022969504
                 -0.31983704768098808469
                  0.18084175126620880003
                 -0.31308130792402766307
                 -0.10269108814925634321
                  0.17727156861422740941
                 -0.09612020712912887344
                  0.28913227401311847320
                  0.19434786840406800823
                  0.40504595537561260965
                  0.00405886442463510716
                  0.09304121920872400475
                  0.31849724932246131770
                  0.18632576441258755229
                  0.00941001436894284976
                 -0.22642229857784240687
                  0.17045274235744806157
                 -0.26761608106766499038
                  0.07030004767531086718
                  0.02294532642775395578
                  0.08078750827295741455
                  0.22348961854466736776
                  0.09337318768098556987
                  0.13737014113722129105
                 -0.03159561136845621260
                  0.27638439529855696186
                  0.16709155516369561534
                  0.37084207492265303108
                 -0.48185404458990982457
                  0.23907277008933769391
                  0.20144016686481455713
                  0.35826941380174054386
                 -0.07052382988112752826
                  0.33876634012364365001
                  0.10327897152425599692
                 -0.10394899756075492991
                  0.20226153827587775580
                 -0.05246128684826574518
                  0.06545328183872675676
                  0.33831911347248039279
                  0.32358637038325693824
                 -0.12605861683073812940
                  0.10960866703317981297
                  0.20056532702399371138
                  0.07763107763600317346
                 -0.32623328428086278974
                 -0.29295423507234252813
                 -0.24978239784424172143
                  0.30844901633399196550
                 -0.03771977359471775926
                  0.33140282204686011269
                 -0.00802006145333598007
                  0.44032025239467026401
                 -0.26498399420101365065
                  0.14029598378485177990
                 -0.32233554829723509716
                  0.15882256721628426610
                 -0.10165995128851600116
                 -0.04229314667467107963
                 -0.30837972139694369567
                  0.12208318022797738645
                 -0.21392321363646746302
                  0.16766700119976948868
                 -0.29404253131502983143
                  0.15774688647498283367
                  0.06656779699392730010
                  0.26587506552777939728
                  0.31485984162926805574
                  0.10125106732102448492
                 -0.22491844852672421284
                 -0.33467732504253955295
                 -0.31811373278261534381
                 -0.27649479160122453214
                  0.25442749075746873277
                  0.03628180511073110515
                 -0.18287666826008716625
                  0.07198779803176640069
                  0.00849722665750545642
                 -0.00868971626402722727
                 -0.09787543763726108681
                  0.23266593600587276436
                 -0.36718425446697117165
                  0.19145260749503825726
                 -0.13314174547317481068
                 -0.24280801392429832153
                 -0.12506310931253378227
                 -0.09487649354878480157
                  0.19382903055665171022
                  0.03930480413299516917
                 -0.14940946451165268427
                  0.30680380990546562980
                  0.27983010479654046865
                 -0.10310729361818386784
                  0.31346207604560594184
                 -0.00257914489284028804
                 -0.03341338113220656408
                  0.43537327711369960825
                 -0.15910910156571017593
                 -0.29275252320588751598
                 -0.24729958328743803508
                  0.26393744455655943071
                 -0.31519716378109924326
                  0.31109416837908565601
                 -0.05598625191472495627
                  0.21134563324788924188
                 -0.23843661823032924474
                  0.25745492500424604909
                 -0.25980797487870777029
                  0.25083039226680819977
                 -0.12019422893055441148
                  0.13692738476815449755
                  0.05330736651223771244
                 -0.11355237911107034232
                  0.30733360926480646214
                  0.30344539739202058826
                 -0.14548195298657176644
                  0.17485600326966319051
                 -0.22747038259442201036
                  0.18537946354991319264
                  0.05103850026058834310
                 -0.05843120775866086219
                 -0.10906181628191080613
                  0.40251026692627417392
                  0.31426006474557283132
                  0.12993798924134272732
                 -0.23151334048745694782
                  0.30854599371079610703
                  0.04961323009176901722
                  0.13718131012982062722
                 -0.21132902370664960467
                 -0.03448418038565826543
                  0.20854064308714531650
                 -0.02845746019253192483
                  0.15355578643562403651
                  0.07912917972801065958
                 -0.20615782535962506872
                 -0.00118143272481597943
                  0.54588076402905250095
                  0.13275998874634914459
                  0.22028631223342010070
                  0.02080888401752658753
                  0.12725628440934486085
                 -0.08086858054312112687
                  0.02828462533871923396
                  0.36408000616353880519
                 -0.22596288902845931834
                  0.06331672338062389882
                 -0.15020044658033429585
                  0.28566152658723648061
                 -0.51256834881982649144
                  0.07740899606112823517
                  0.04288157575661623311
                  0.08620785154716900656
                  0.06170616764660947356
                  0.01488971724945062532
                  0.18172330144545656427
                 -0.18885481442561871668
                 -0.45325775976962406899
                 -0.31582175638196308132
                  0.24116481601262082513
                 -0.30383885149232753298
                  0.28634166771825825260
                 -0.00942402048547939276
                 -0.11630748639547972001
                  0.28502910159800209922
                 -0.23867179561146700806
                  0.13248024482438405802
                  0.36575835709710063925
                  0.15993988880681728193
                  0.14197195487821417936
                 -0.23207079645265404899
                  0.33088449091266419755
                 -0.11345098462454311639
                  0.31831553919567340261
                  0.34368953915820521505
                 -0.18483765037435426204
                 -0.12609411701764930425
                 -0.24076999306754426344
                 -0.21004842595622139068
                 -0.24155896949474733870
                  0.17834448838812921867
                 -0.07495163496856260821
                  0.18585429829203103935
                 -0.18675891806779768012
                  0.03787254932417544184
                 -0.12666253021295048597
                  0.01884925288771979734
                 -0.29933982161607741723
                 -0.30540164671332198365
                  0.20291531476202243067
                 -0.15206846836714557614
                  0.14385932566526296594
                  0.05706540257302550323
                 -0.08006379244447378585
                  0.05402656873922871694
                  0.00279766731822270447
                 -0.10992281691155991741
                  0.04097693418208515209
                 -0.41794765602166139562
                  0.12756650164192662178
                 -0.28254820981851913597
                  0.03396799733988525166
                  0.22643360710994067664
                 -0.16043348877284310805
                 -0.09043231624242556443
                  0.42691419711753675337
                  0.02825435825417201008
                 -0.30925362883726764673
                 -0.08125907822315385498
                  0.32378448558798050838
                  0.11216491021735147671
                  0.13817650196513173166
                 -0.11723848767137164117
                 -0.09507690650938008248
                 -0.10448700875970337587
                 -0.33034420775600642495
                  0.30016307785650475637
                 -0.16064821376949550702
                 -0.17471986774136055720
                 -0.01328376556412013201
                 -0.20152371480216221822
                  0.00298867585269960937
                 -0.22071162256950555003
                  0.37125157363865363136
                  0.33025448324804868028
                  0.26773284230917021587
                 -0.08786967172806144089
                 -0.02430747157029801778
                 -0.04807849142964411987
                  0.31695136908131343878
                 -0.33986030410166062632
                 -0.06944018720180748783
                  0.19686390003954937211
                  0.23843934979774658589
                  0.09558023463559461863
                 -0.21011376333241749137
                 -0.37812971730456945707
                  0.32312826717411791133
                 -0.27238289616801503179
                 -0.33455785406724863895
                 -0.16238246966386760128
                  0.14263840158549145887
                 -0.20249888057270287733
                 -0.03595797147752927830
                  0.01573185615224938563
                 -0.19889140903471372313
                  0.05500778249413179610
                  0.15583174892301493442
                 -0.31990948001592806049
                  0.15086148933181270371
                 -0.11856587308055371865
                  0.20625958952586123663
                 -0.10666558118013877432
                 -0.00297588929737710277
                 -0.19645139152716134534
                  0.08892911732177824491
                  0.28739405378564913951
                 -0.16242133438203179563
                  0.14834917911517800371
                  0.19274121996544926749
                 -0.32210960243073782916
                 -0.08901334566212967814
                  0.32091853944880532890
                 -0.22043702596716915898
                  0.16193477867373176626
                  0.22599827105953637640
                 -0.14338054712540643232
                 -0.32556458522135361955
                 -0.09185188520494599884
                 -0.40673680126803046786
                  0.18657196953811786000
                  0.07980908872149110322
                 -0.00864283125679687035
                 -0.06997670620781656914
                 -0.11778719393956504913
                  0.29685561623641665285
                 -0.04826691752304159561
                 -0.38164382382424583140
                  0.02267851771992018123
                 -0.09505719387831010336
                 -0.27477265955252122565
                 -0.31343199761534734638
                  0.08384515055563604435
                 -0.09221689609926887743
                 -0.08549109602606788649
                  0.05438974821447628560
                 -0.56071133021292018928
                 -0.32516317223208707210
                 -0.22182799763619415190
                 -0.23394532752470334480
                  0.11185723475293414542
                  0.07347561311113311178
                 -0.30401504808392643131
                  0.23586562118603446314
                 -0.13713418588301740098
                 -0.25690511675496346955
                 -0.06512883348683908002
                  0.08642250453782626685
                  0.31788694610576395672
                 -0.42571502767975250014
                  0.18785909117926535838
                 -0.18367348820939763399
                 -0.20552707933317959643
                  0.02232627539361016142
                 -0.30686331392469917700
                  0.05169503778828978685
                 -0.19450458110139984269
                  0.01529364279330380771
                 -0.00261216055858102571
                  0.23194328964314464558
                  0.57835309027840220431
                  0.21869623595876264144
                 -0.10584880663695706016
                 -0.07371076199189054157
                  0.38566561605224353171
                  0.29816056909542204556
                  0.10345976759276105661
                 -0.17247068269944806906
                  0.45232199688582214181
                  0.07730519570061225587
                 -0.21529090361632188810
                  0.20940831669648993230
                  0.44344477483897809522
                 -0.16586388246863731366
                  0.11565425222592404242
                 -0.00357677402832467552
                  0.33166473358647408087
                 -0.01483296283160184977
                 -0.23250239170618192119
                  0.26664691692655556610
                 -0.14677627402262719003
                 -0.26901049822918338128
                 -0.34272099040195480590
                  0.14964564076119715730
                 -0.15200323073153429454
                 -0.04810540134470269596
                 -0.17706562162980030162
                  0.22768811657025872508
                  0.15503065132652982250
                 -0.06336367855057802034
                 -0.23831428189688544372
                  0.11525895307565899028
                 -0.17717145478690679572
                  0.02176799480766641176
                 -0.12188543041608813911
                  0.14309575503451868461
                  0.44482525451589477461
                 -0.23557823874166139433
                  0.14708733752275360285
                  0.39535677295225329919
                 -0.00283316612067589183
                  0.14783744725160719025
                  0.00851241604878726771
                 -0.14630175228754344063
                 -0.10036345570514558501
                  0.05498124189634734371
                  0.09361388767012103485
                 -0.11646982269397720966
                  0.22690962816190152207
                  0.20846487512655589858
                 -0.32891868423168413305
                  0.14610128043054201874
                  0.25648075836412503881
                 -0.35410789743667897556
                  0.13571059390172901526
                 -0.21889392363250212425
                 -0.32407640442072899178
                 -0.06525325126101380602
                  0.22841945480370290378
                 -0.20483389665330326013
                  0.08620873476328130836
                 -0.16569818809526412617
                  0.21794230314143520078
                 -0.21210968208833402837
                  0.01217134900925788757
                 -0.11830323228939158831
                  0.01664461780921649287
                  0.30210901481290908244
                 -0.17679362705719742221
                  0.15312230838046750336
                 -0.00624033357767321550
                 -0.31040514196803037361
                  0.25851928474326135721
                  0.23191873845759164441
                 -0.11598745913203895030
                 -0.03258555146835994537
                 -0.32722568631050552579
                 -0.07859586320753679523
                 -0.22920995600339894027
                 -0.03753720976449648888
                 -0.29518062908319930848
                 -0.08532439597574420498
                 -0.14503550186611716133
                  0.12549353305167548767
                 -0.34177264880331253982
                  0.30566296480232901800
                  0.16075863293479186744
                  0.21584421955164395657
                 -0.12674578093886187946
                 -0.23619450838990041497
                  0.15937678993854670351
                 -0.14307469370137876341
                 -0.35797162247576785887
                 -0.19307194653215101199
                 -0.06144421768285644042
                 -0.18888558097786478651
                  0.11357398947733544914
                  0.08345110475207659362
                  0.07521488857866717725
                  0.28434105318091207337
                 -0.03626341291262574068
                 -0.08412387268959511943
                 -0.23687533573396196696
                  0.02131334593085091461
                  0.27628687437546850525
                 -0.07369807128605052049
                  0.05531676336861427595
                 -0.19903924022504654312
                 -0.27730048804215678970
                 -0.04097695443874517507
                 -0.19861456739128605098
                 -0.07271291297609805415
                 -0.26340734684805744426
                 -0.04508896813350211225
                  0.08514330684345000622
                 -0.20814940770988060725
                  0.24972883034402765245
                 -0.16467955063269512639
                  0.02240544587870694007
                  0.16864124835183791351
                  0.27310958922519473768
                  0.58652671355496921457
                  0.03579850222378338359
                  0.06060341653829778158
                  0.09204184888395973430
                  0.14590838025396471456
                  0.05193057167308234856
                  0.12954296164810932823
                 -0.14296787398706559125
                 -0.23926499824220490154
                  0.38230563392717076265
                 -0.29466960657408669544
                  0.05273331605203477462
                  0.16494212140859729199
                 -0.01595858621190021642
                  0.39514347447817893544
                  0.21709866442846728618
                  0.17465960954423373486
                  0.06495278154358996581
                  0.25322285306928071780
                  0.07455880366372458212
                  0.06171319384811647935
                  0.29095379087662764928
                  0.41637882891378241723
                 -0.07141570345865771996
                  0.08734858667114345221
                  0.39798856823572142938
                  0.15928741026953038840
                  0.03491818412031513774
                 -0.11793340192543316780
                  0.20783851021913837820
                  0.12317492884124110752
                 -0.00798773912688567449
                 -0.27373029472127563544
                  0.16563234126823445092
                  0.31059577602209476055
                 -0.08543656391524065419
                  0.19030012964863043945
                  0.27476929867191074441
                  0.09863845353964913187
                  0.08220564698544130522
                  0.14091151826825595861
                 -0.04235437878070223011
                  0.13414334530809204904
                  0.35352081620950942531
                 -0.20565536405882017812
                  0.29328511537282225818
                  0.38943208090253722542
                 -0.22542180712008877408
                  0.03481250880825018101
                 -0.01925464246223889536
                  0.34760425710172565550
                 -0.31758182366406451091
                  0.15310600134279489515
                 -0.05942213734218016602
                 -0.10867075564556290257
                  0.29812535674491535964
                  0.17393672642632382330
                 -0.06057828266390632294
                 -0.22166169974955904354
                 -0.35273803163430056395
                 -0.02395559790681097909
                  0.19647180122010393655
                 -0.17351896149340456654
                 -0.06891708041329969170
                 -0.31618360349115737229
                  0.12189719769274175165
                  0.15510664576134597370
                 -0.32137273109712860553
                  0.29908062623286046922
                 -0.29325116312741594804
                  0.34001758208042942577
                  0.27473043832973353950
                  0.23911965712590754762
                 -0.14241042490685584809
                 -0.14067258878937724531
                 -0.17190287477962840068
                  0.02927867495329843778
                  0.20333783377504838219
                 -0.21040272728081158005
                  0.02642608911564504892
                 -0.20666810297844262490
                 -0.01574493349298347264
                  0.20809231547878953572
                  0.33296110921303045949
                  0.17895174015425235892
                 -0.34148707064124106392
                 -0.39731255087784528301
                 -0.14752332745370125289
                 -0.16826408687700719624
                 -0.34979498401505454419
                  0.34442719956032252782
                  0.14428375984706626189
                  0.22878937714102604017
                  0.07309051671200084144
                  0.23728775549916902854
                 -0.17823626964562561126
                 -0.24273161713725543986
                  0.18612448166853176601
                  0.02082916172867580948
                 -0.35452428345682734934
                 -0.04405564302414177041
                  0.19308542027516251149
                 -0.32881793877639164947
                 -0.16012766021966928776
                 -0.00064072175328686205
                 -0.03610904494085195177
                 -0.36111612109519619640
                  0.06778330026429703337
                  0.24963628387217048910
                  0.01301867856758314249
                 -0.26073533231548001732
                 -0.36784450765879950218
                  0.00101185181594461073
                 -0.10588459039097093684
                  0.32356356906598610079
                  0.06565166154244757302
                 -0.09777955052801849678
                 -0.22966165905048654960
                  0.19211630107711835658
                  0.19525992240371034536
                  0.19174331863216484417
                  0.17199631646926036299
                 -0.37454817449010985309
                 -0.29292861117978274965
                  0.19854537573816177787
                 -0.12855141862703547972
                 -0.31807894856922386273
                 -0.05138414363526936507
                  0.09590815438342707722
                 -0.00240797852603049246
                 -0.28864229181795247881
                 -0.06889679624423608595
                  0.18061822401324065246
                  0.19384631129016496875
                  0.29292983462600502564
                  0.06668663332062070570
                  0.25154982466668907026
                  0.42901729089695733732
                 -0.12582170089089053655
                 -0.10837164201120458307
                  0.30407275050795601334
                 -0.25671044584842367398
                  0.13963788263910512089
                 -0.11936031524028030415
                 -0.12855126971434413519
                 -0.13083379504162589990
                  0.16187409345190501009
                  0.39197710541566499476
                 -0.24479332363020098184
                  0.20793081161088211584
                 -0.40846381737009102020
                 -0.17128117514216867345
                 -0.35241472367949988609
                  0.16510880521338094917
                 -0.06097897445105844583
                 -0.35682341794475352925
                  0.41808799474720081957
                 -0.13079042896227915938
                  0.13732354334504259796
                  0.01998398656016024677
                 -0.05101604540030391793
                  0.17739477477975312825
                  0.01471707652414487935
                  0.26087353748939651199
                  0.33586327694930445675
                 -0.14474640407754923999
                 -0.22663330266935055590
                 -0.23275368939729593198
                  0.04704345905526617633
                 -0.10339905324919664020
                  0.16063130793565974508
                  0.31001232599377182009
                  0.30016539156553972978
                 -0.20047308777169936533
                  0.13714569646002711112
                 -0.06106817762785274328
                  0.02147622750443829720
                  0.38014747771612728000
                 -0.06023625064636745075
                 -0.01162223381873925786
                 -0.24550831886621013456
                 -0.01418177478631462221
                  0.47810013800034889542
                 -0.27181128336489457364
                 -0.01985906327518466297
                 -0.13609455641707335349
                  0.28640018146318235726
                  0.15304666031198571607
                  0.14463861676907843745
                 -0.01967421996562711967
                 -0.26951672592020048391
                 -0.03454790998359854454
                  0.03508861848536735245
                 -0.09588506816623185158
                  0.28069329212996618761
                  0.15798448437902370967
                  0.07047183685183594504
                 -0.02184736776158847232
                  0.03591978731921394163
                 -0.00364020763466785073
                 -0.46036324519599669536
                 -0.20271911127794342566
                 -0.12007088226735009029
                  0.28031834235781893927
                  0.11168740554901482320
                 -0.03799309900868595019
                 -0.35723770195292081642
                 -0.06007396504873848547
                  0.07643816592406027510
                  0.11899027752932676838
                  0.30806769854776711037
                 -0.03859377586016195238
                 -0.04558955015618527951
                 -0.53526971835915881925
                 -0.20641379698752773675
                 -0.04389458008439682535
                  0.23585484782203838816
                 -0.18879197890822621564
                 -0.30703336402411174344
                 -0.33224826803827689492
                  0.21621034270228817187
                  0.02936309873811929552
                 -0.14157155397749165981
                  0.06985471219574194979
                 -0.40137204852941055222
                  0.27178417446699515425
                  0.32524062092924366230
                  0.00420578126446991343
                  0.32861757160887467011
                  0.23337803394423592418
                 -0.27579643100051898230
                 -0.00494007524819321288
                 -0.07549732785627906451
                 -0.08452025586894132414
                  0.06531258591701302740
                  0.00576550997478959219
                 -0.35893756252733038936
                 -0.29220179980033539335
                 -0.24647494614655213185
                 -0.08404755407812575241
                 -0.01425175007010561976
                  0.16613041946479628619
                  0.05982565395955570520
                 -0.00191624960383832837
                 -0.25793375594916967408
                 -0.22018316959622183382
                 -0.24312544108426023537
                 -0.08615990192118234969
                 -0.21500920559002964505
                  0.16513448290817889230
                  0.24490850167937652793
                  0.22772134389417897360
                  0.12206546797956886741
                 -0.09186517037750061010
                  0.18897035224974215173
                  0.22020387521805900866
                  0.05308609083903326198
                  0.25398741352819115269
                 -0.27813938804692039941
                  0.03284321234293301195
                  0.20293976926214904455
                 -0.13328234017230938813
                  0.24849299026094381904
                  0.11587891125500697498
                 -0.24453085732248400208
                  0.25135475791007638735
                 -0.32077284041827336392
                  0.08415559530807395494
                 -0.03197675155055182405
                  0.07618148779712440033
                  0.38710755084664139059
                  0.37682184468101409536
                  0.15818696811777605005
                  0.06101079314056176428
                 -0.03854179955893239501
                 -0.01571996388199498051
                 -0.17093000081049894434
                 -0.21302953381224321028
                  0.02928991480661449764
                 -0.20333429182821552428
                  0.23989164434384979696
                  0.24016635972226102469
                 -0.61277174531455302908
                 -0.25117957254529865718
                 -0.01391834612110703570
                  0.33277612763683916963
                 -0.28547951817709155131
                  0.39972917383587275308
                  0.17509651852455015986
                  0.17613265170880690325
                  0.00945056698643032163
                 -0.16614386945322084932
                 -0.05204189437610514529
                  0.18147823675035074098
                 -0.06607715914479100894
                  0.02861900206205850866
                 -0.03245286374377152894
                  0.22657505586823689647
                 -0.19066901177026654435
                  0.41019710772440348689
                  0.15383989577853154906
                  0.23084650470111420240
                  0.26344688752213085703
                  0.12584615150135078365
                 -0.15599928016653866192
                  0.06703074647956958065
                  0.30305925456725341105
                 -0.33320114393235550354
                 -0.10655758726465631991
                 -0.50124935842826967569
                  0.29400661652685866621
                  0.30932234506727052104
                 -0.01284582224261412650
                 -0.08329169175159299721
                  0.34994946137199228753
                 -0.33765244632248647694
                  0.39875543580610706140
                  0.03150231784869118867
                 -0.03062947556367587310
                  0.31033927913832715095
                  0.37608023477881513674
                  0.40829727243681313009
                  0.39000274005246915454
                 -0.40984772478770237214
                  0.21852123754826885405
                 -0.30908880544753114528
                  0.31678804261336368508
                  0.45217112384853203055
                  0.05814095734396722281
                 -0.10054139944479854873
                  0.02717365930370991764
                 -0.23943952291067072125
                  0.22702451498807052488
                  0.34775574274850401535
                 -0.22584042275678906098
                 -0.21694270059755815794
                  0.38268845374590493291
                  0.25614291637097802434
                  0.16604110388946838328
                 -0.17230081069774266789
                 -0.11664845708560485360
                  0.24522522980059460740
                  0.15374837244974579042
                 -0.01940297261130089629
                 -0.12138734743458372278
                 -0.31739301823722188001
                 -0.07968635339306508192
                 -0.08100715587233368875
                 -0.09489114042098543977
                 -0.16722838413930388168
                 -0.35193716255724422082
                 -0.44263502937357751543
                  0.02737688315192977201
                  0.07520611598422566324
                 -0.20271327360038182697
                  0.10832673403700016079
                  0.06423482462368600154
                 -0.06597114453980848503
                 -0.01671074613866475184
                  0.35129940887337857136
                 -0.05738427708766736385
                  0.21121258369850967607
                  0.08245904664698817943
                 -0.18064827360967058989
                  0.16958700403918114397
                  0.07300960256366120782
                  0.24603929460869514156
                  0.10626593009099175036
                 -0.24482969044501093347
                 -0.39174895524815067649
                  0.15571842761883075701
                  0.09732476372811801890
                 -0.33122974844830810337
                 -0.05916136524864082369
                  0.24823907642184653288
                 -0.17548736619920662916
                  0.33463703228692909253
                  0.15474539144847479499
                  0.28779924825750297090
                 -0.00600022945745052466
                 -0.22944373432805539870
                 -0.20102686433285188450
                  0.31063953425768925376
                  0.05906908962898799187
                  0.04941924845793346094
                  0.21887376660902221892
                  0.16821510969390621182
                  0.25042069433392244449
                 -0.14729021419321494668
                 -0.09706765470330813717
                 -0.38790330958330260236
                 -0.14575459577666977085
                 -0.15605934346950900427
                  0.33364997413550273597
                  0.11698004828269818745
                 -0.33623890596788363894
                  0.18095288361340769456
                  0.32794258991591568320
                 -0.35760040854754449047
                  0.06320991428801199519
                  0.10038509884400111105
                 -0.26152166633233930870
                 -0.10019096771624184938
                 -0.12550398305431975654
                  0.16554740728016459350
                  0.26988671125586044530
                 -0.18959652753359357291
                 -0.32219958997745379303
                  0.23573276871514828312
                 -0.06657731786600488977
                  0.15266869295520854588
                  0.08547631890130691357
                 -0.27445330177041032949
                 -0.04701884895487863647
                  0.14398847482998466951
                 -0.10770112720577845744
                 -0.23431813932755429786
                  0.07769413151177760601
                 -0.08786242531036556058
                 -0.29215696919410244492
                  0.33299433803676459220
                  0.28870987700999839465
                  0.36764343089540030274
                 -0.12900837153944411106
                 -0.10881881752820223019
                  0.21565447077108737539
                 -0.26508554239085707627
                 -0.09160238903573642011
                 -0.12555521436881630915
                 -0.22930996184379509595
                  0.15193254806994868633
                 -0.19619424046270469986
                 -0.05593952767789216185
                 -0.07492765038951933187
                 -0.30320104173376516421
                 -0.14083970806016068988
                  0.25924920746761997981
                 -0.13158069665874483345
                  0.07792787461098585333
                  0.18735145800017238837
                 -0.02119065195231302143
                 -0.03373247937576876604
                 -0.20223271914992319020
                  0.10102604728438868698
                  0.17754274342959192046
                  0.25285345493389865812
                  0.04456909705253730286
                 -0.21224285272630430410
                 -0.27771638730117864657
                 -0.04325017972753110451
                  0.01053489815890448419
                 -0.07152141605311852779
                  0.28177046033729019614
                  0.16980552316924946155
                  0.26209842659657328623
                 -0.25866132071086389566
                 -0.23351619989265248734
                 -0.15250987413634936596
                 -0.05573017841767295699
                  0.29757653658513238959
                  0.08260761808899183545
                 -0.24826679874554519190
                  0.21143925010307743073
                  0.19395904406960384758
                 -0.41054480694577427657
                  0.25211099005642279014
                 -0.33885024725365808784
                 -0.07754534151626624183
                  0.49492631173956180834
                 -0.15552516314920075691
                  0.37643799980142228501
                  0.31025852835939099483
                  0.26151891114796960158
                  0.20563861752747342182
                  0.00618412209788067428
                  0.08287395285068371864
                 -0.15176971076861953125
                 -0.30149183184354994003
                 -0.34380422250233172443
                  0.05005311338898497941
                 -0.31909195841009174721
                 -0.31443563257589979276
                  0.24073360067126250983
                 -0.06425088835193695780
                  0.29481617482831573573
                 -0.12381893362923872270
                 -0.04749257898162365793
                  0.12144177743103483358
                  0.10752369275844807228
                  0.00090597028123300376
                  0.30000656539976100490
                 -0.23110057510476664233
                  0.41520581464015898776
                  0.01526664963746909159
                  0.01235179700499605682
                 -0.30620287888860830972
                  0.02581767490756254474
                  0.32310705637315589867
                  0.18985550214592722407
                 -0.18186719688021657504
                 -0.44048632482543925715
                 -0.23465537579013570624
                  0.19397190310516157497
                  0.05393225093057297387
                 -0.29736975186741892996
                  0.17166820798844903417
                 -0.07288521813116319303
                 -0.06486967120036969681
                 -0.12578778665242715262
                 -0.18699381062828648870
                 -0.25301925109162093364
                 -0.20696700985570154474
                  0.03635521873107114277
                 -0.43225488690658803170
                  0.40577237115787517796
                 -0.34787723856033042624
                 -0.05911241331556421619
                  0.29310197531236542590
                  0.13510614013802030309
                  0.00491639878764706714
                  0.03307136868757198922
                 -0.06865864881463468183
                  0.22305972118657310665
                  0.15022829152665470587
                 -0.05937395426461145737
                 -0.17486014401872548851
                  0.11041240156876791501
                  0.05913627415653088110
                 -0.03701155816238644453
                 -0.33162102510289870327
                  0.23459742465663291355
                  0.26516009040556115517
                 -0.23382201579419797932
                 -0.32291799322412456652
                  0.28442256787331643419
                 -0.01932829527876861811
                  0.03422281200454491135
                 -0.13464339236286004819
                 -0.03812928875830618597
                 -0.12960334510719137557
                  0.46205614238816927752
                  0.02319449580811963965
                 -0.06971623833281712090
                 -0.46916838182498860066
                  0.10027342769347978579
                 -0.25174798652940327814
                 -0.13494694391071085371
                 -0.08311747690610173100
                 -0.28567980510668872229
                 -0.31461017751927139452
                 -0.05719035070774672325
                  0.09022950119024415738
                  0.19762692301640077952
                  0.27157788394910864493
                  0.27514127006935140685
                 -0.09527125863476013090
                 -0.19177839986702777120
                 -0.27759576865197344020
                 -0.13573217112529048500
                 -0.23492554976830420932
                  0.29710356491665024237
                  0.00186964562721754057
                  0.42499422812155140949
                  0.34133551670890549534
                 -0.22999115541646772409
                 -0.10351974408281244822
                 -0.19507117340548865703
                 -0.23870420094154642943
                 -0.25583002863473264243
                  0.32480419758766959637
                 -0.08596253445454457576
                 -0.32658643211327270661
                  0.04070108265297403549
                 -0.27781432122405103069
                  0.10378185299534843644
                 -0.16945675044299160494
                 -0.42486663407188662855
                  0.30770789466145331836
                 -0.11910350157085890233
                  0.27096443011161086556
                  0.02753767902714730417
                 -0.30240081695154574781
                 -0.16345330379393899212
                 -0.03477604076970833291
                  0.02175120266695428767
                  0.20689717031347731879
                  0.29974759061677208605
                  0.09735933214277518732
                 -0.04804268828202907377
                  0.19596694786632229413
                  0.08549083026074832947
                 -0.15537866752253551295
                 -0.03251842334399331763
                  0.30614749165941307352
                 -0.28520750578431447453
                  0.29305360166936228472
                  0.01648139345464932556
                 -0.00820791815957321903
                 -0.05870035423476035324
                  0.02591027560212628630
                  0.01780579310691795744
                 -0.18662349422346072303
                 -0.19862262893226723115
                 -0.01357807972451529656
                 -0.23304605397556488189
                 -0.09299768565347968363
                  0.13796392773374449581
                  0.12945617238716441988
                 -0.02691307168936789632
                  0.36133800252840869716
                 -0.14529187934556184181
                 -0.33104272702691789343
                 -0.36540071158222148240
                 -0.00287903287166095100
                  0.35694963433665460872
                  0.11128801945984877209
                 -0.12001596616631182712
                 -0.24447559757337006259
                 -0.07046319431744539619
                 -0.40074134784380754937
                 -0.34428429387128578476
                  0.17158830285914372649
                  0.37971087483921428518
                  0.16783688207715147245
                 -0.03715914026983762469
                 -0.19406932223464817833
                 -0.32867747657184370746
                 -0.10023795966751698761
                 -0.21756153614758408366
                  0.07032738218428727373
                  0.06896954528071294610
                 -0.14536600346804304240
                  0.26209232685100397608
                 -0.14422171906256534002
                 -0.05326559526917429982
                 -0.08026344975001502291
                  0.01055303113021622587
                  0.08460276106599234902
                  0.21288670155705510800
                 -0.27148274335213384845
                  0.13441639072982486391
                 -0.01398776357525609304
                 -0.06856489823574699050
                  0.08208384744586028070
                 -0.07533499938482599023
                 -0.08365760338278302455
                  0.43431632380808021798
                 -0.33632130038471191869
                  0.30118807687009091500
                  0.21816433147355493438
                  0.25784674728292095169
                  0.18627585691519649158
                  0.14859680155497126397
                  0.21903658343205104075
                  0.01106128779508736004
                  0.46978802571428945889
                  0.33044979633678844833
                 -0.28831300941994575382
                  0.34874605515513729115
                 -0.00493838011711031019
                 -0.29905566781815634547
                  0.30066710229302273660
                 -0.11197609810332630198
                  0.10008639219832261846
                  0.38403207326554739121
                 -0.07732135194720074489
                 -0.39522629073089243779
                 -0.28351703642748293799
                 -0.48744576603536038384
                 -0.18581340657510775349
                 -0.21738572449968138200
                 -0.55154818402557415080
                 -0.23767089706602556598
                 -0.15178520758844979421
                  0.14735939467621117505
                 -0.27045564846404412940
                  0.24370240507372889494
                 -0.09181096881217927497
                  0.04304882931043509109
                 -0.08840469288103447454
                  0.32304040079881435332
                 -0.19595742508407365534
                 -0.19675595161265854727
                 -0.20844809096958688555
                 -0.49068841301245191833
                 -0.02671899118857137476
                 -0.01536896713908374699
                  0.10035807237659018221
                 -0.11263523908894566838
                 -0.21054035008546012619
                  0.48222410522319275605
                  0.24376445723181860981
                 -0.04596958340790566200
                 -0.08175390134185142599
                  0.33649236554866474025
                  0.39416726746857094765
                 -0.36032872431109447264
                  0.37421364105601168104
                  0.21218355712633291121
                  0.04362612646263156618
                 -0.23541396352344989840
                 -0.19806656651443946271
                  0.34409993617861134307
                 -0.20791870518707508686
                 -0.05395246828818622137
                 -0.29353064463190703393
                  0.32571231801876293632
                 -0.10440457574650392758
                 -0.06566028080515261267
                 -0.03459737855823289548
                  0.02590019651396730654
                 -0.34634836920679429317
                 -0.09925957836044084492
                 -0.20491374491949576608
                  0.15395576334852237310
                  0.31114088098036740693
                 -0.00192663917618905722
                 -0.08429968543956495308
                 -0.21613336125721194225
                 -0.09685507674649375398
                 -0.05381755373876297849
                  0.27466696044610250382
                 -0.08061023039718936967
                  0.08839712740245109224
                  0.03059573283998208090
                 -0.15397375128447982062
                 -0.29637782553946528941
                 -0.35343051369966621555
                 -0.13293956090426847783
                  0.28073825822555265042
                 -0.29529413967978063171
                  0.03890726199085411258
                 -0.15786708272843527623
                  0.27356338609648772620
                 -0.36421434079215164736
                 -0.26112766934937031715
                  0.11618073686583818560
                  0.06157716897222097197
                  0.10254189489516440936
                  0.09992305051410713124
                  0.11827044141914934416
                 -0.16677111535267274967
                 -0.18865110954887934214
                  0.12732205941011626171
                 -0.16619486493710264319
                  0.47360233251427719114
                 -0.38822715905073451603
                  0.27877514613646758868
                 -0.00737185999361623674
                 -0.15351359245405479803
                 -0.34147763697262639715
                  0.06529349934710132475
                 -0.48616928356676664125
                 -0.10548322655375790002
                 -0.26947212414486276799
                  0.29569099744785787287
                  0.31541180028762072496
                  0.19140956261585065357
                  0.09540080180194109027
                 -0.24966161151239110727
                 -0.42487382204083101733
                  0.33922445284182317637
                 -0.06326946887476048165
                  0.10747481365122292518
                  0.48569537129747919479
                 -0.27619068625112919158
                  0.10007705950311124310
                  0.28027793394269007177
                 -0.29770594376003095549
                  0.26426108234687317733
                  0.12007416447137859994
                  0.06129672657568732003
                  0.25083210321020454892
                 -0.21248296521824452943
                 -0.05688353387361719943
                 -0.23212900380568335379
                  0.32987469990668122355
                 -0.22064224258518169708
                 -0.14067024745848064060
                 -0.33040899736253642738
                  0.16610440442187091037
                  0.18160988045651305089
                 -0.35225043138190159642
                  0.18779865354093086549
                 -0.32492235488288195855
                  0.42246500500341249706
                 -0.11618563852794336344
                 -0.34428063755976379134
                 -0.24032121610389861610
                 -0.23047334102018660063
                 -0.22941675833983313226
                 -0.17916048829974506873
                  0.33814952038208240248
                 -0.20635266867010576552
                  0.23452604085272277246
                  0.09433060381730357102
                 -0.34176015425969979988
                 -0.05270374915439104968
                 -0.29225463295862214030
                 -0.01293210242751628540
                 -0.02650185254411449240
                 -0.03204279810304466736
                 -0.03592767660569269605
                  0.08401474991093646483
                  0.13401943298589968911
                 -0.11552966234194800288
                  0.29559360955309094132
                  0.04472898187551256621
                  0.08765119267593668440
                 -0.41280385379788187006
                 -0.09901550969272797376
                 -0.10793818467099400293
                  0.18241394803423741089
                 -0.08703161593783308170
                  0.12960067183583595662
                  0.14137229554501132278
                 -0.16005008719114047211
                 -0.01618343172324205811
                  0.31251362391623010994
                  0.09179558899094446278
                  0.17216637169265600060
                  0.23810223228820365238
                  0.00768626696359705087
                 -0.31900422163081931792
                  0.07865231929341112704
                 -0.08040326794226904106
                 -0.13002924045764041594
                  0.14415808447103026224
                 -0.42465340535070428274
                  0.30689427273753683290
                  0.24339940889312050576
                  0.27333581719903526919
                  0.09606205982003628019
                 -0.42198467623748980859
                  0.39232973751496458270
                  0.01601880924178184645
                 -0.08754011802026004374
                 -0.30775408533356463092
                 -0.12089492015759810417
                 -0.23195266340299358632
                 -0.23201156722180427128
                  0.38732048169291743989
                 -0.05649228799366930176
                  0.03877090101296071234
                  0.24895409232481960360
                 -0.31222767278629204313
                  0.39455304103185367959
                  0.31366020679722245168
                  0.13869284736400777636
                 -0.02253627830289407080
                 -0.06363122186770586719
                  0.40335943061619478067
                 -0.15466557912810466324
                  0.17690866680956665591
                 -0.08952162142928715705
                  0.15254841316802369988
                 -0.02899643062500262616
                 -0.10889776477182171177
                 -0.29390636180818019429
                 -0.04781567942718568942
                  0.41008639180012690373
                  0.06064725598936544088
                  0.25542692013246737215
                  0.23315826446555762419
                  0.29365766789438330076
                  0.12642342283412341675
                  0.20157308001485135796
                  0.17701558908173278817
                  0.55313210978012317121
                  0.10920760067475898669
                 -0.09243013840456247576
                 -0.15544891395864776640
                  0.29045402268110914745
                  0.10772723604066079817
                 -0.12518492619633361795
                  0.22025706194393962489
                 -0.21354129973695384903
                  0.30172039853847532065
                 -0.09017114402235130999
                  0.38145430670418656316
                  0.16195122049708213230
                  0.28090627034197906964
                  0.22158169794801818586
                 -0.08104282748848354312
                 -0.13273559022536771113
                  0.02209995917127959703
                  0.27980744135530966066
                 -0.11830663420731088453
                 -0.23291826633312778805
                  0.36728680589359058439
                 -0.28575356337227075798
                  0.13713496028306085273
                 -0.11178851712339807345
                 -0.14191921701572901560
                  0.22846065508807500422
                  0.17310328514655956567
                  0.27419993552882115928
                  0.38966175280365189515
                 -0.18619292883441443398
                 -0.00549480049627294482
                 -0.24007949046631057999
                 -0.11456217971374989262
                  0.24132976883562690107
                 -0.26410374588065566037
                  0.24105296323803265812
                 -0.25240850629357991508
                  0.35986441517674944146
                  0.16029412806309142892
                  0.28248946561158422286
                  0.15406104856410832160
                  0.02673900744505416233
                 -0.03692066869209415653
                  0.04606197678560547404
                  0.33793989365644583334
                 -0.29456236411670133624
                 -0.18383556599868491888
                 -0.16765599721256146948
                 -0.14781249757732217720
                  0.35993781221137349791
                 -0.01508521443534990500
                 -0.09622137789605987590
                  0.12832154306587031933
                 -0.12878578864481313171
                 -0.46267189263390046117
                 -0.20688133804932096194
                  0.06915931670881146631
                 -0.07498619190840076498
                 -0.13440669593344470312
                 -0.52505475436858062288
                  0.28288829257441394649
                  0.04206607114850782758
                 -0.18520199666310593889
                  0.27106380376623046002
                  0.15644409261496436403
                  0.31898379806383125867
                 -0.44170170292715327243
                 -0.07279408028947161047
                  0.03750176866045823454
                  0.12779713672315809458
                 -0.02807274707835465816
                  0.20115951852045343973
                  0.28554663143346858956
                  0.27338756007222714262
                  0.33304390388184057503
                 -0.03804082097595869183
                 -0.26119835850574063540
                 -0.21035416432805295606
                  0.27569170003185711204
                 -0.41568066737928399679
                  0.29652811113408844568
                 -0.25624889959312324716
                 -0.21436668041130507723
                 -0.33801911250977384471
                  0.15287550814395389764
                 -0.32057966707235868720
                  0.02611671217889963842
                  0.22846308531960379806
                  0.41218486316155417137
                  0.03969161105414104745
                  0.25365999968902369632
                 -0.14402151033775026368
                  0.15722125911377585195
                  0.32573272981059414599
                  0.14264322380976529603
                  0.15906333866260016774
                 -0.07820874819628320651
                 -0.29098080043743373979
                  0.25782807842314242608
                  0.04514593770646753434
                 -0.09159185672720557281
                 -0.29282962308985699407
                 -0.17659405684937373726
                 -0.27278465845740329510
                 -0.11998529132572577360
                  0.34513067309535405691
                 -0.08577088457729131754
                  0.27967162881961687981
                 -0.06864334003946970242
                 -0.13704984376033083060
                 -0.27402791872013776420
                  0.20325547589845560648
                  0.11769268893425716138
                  0.27268660129930077929
                  0.09263699538391806376
                  0.06181887600483525202
                 -0.32106159755011609569
                 -0.05370011053053586059
                 -0.18939958602720310954
                  0.07826775098962593380
                  0.44678163702227036147
                 -0.21100499682150175573
                 -0.21735257354572476429
                  0.02217185979766924525
                  0.15219897369716847702
                 -0.17336161781593201203
                  0.05287357625711857495
                 -0.39743094510498494509
                 -0.14957618879039233373
                 -0.07828623303584605897
                 -0.18459599807545287731
                  0.16070084305604676045
                 -0.02806353798109766096
                  0.00006107456068354163
                 -0.28908356052783085177
                  0.06423791921932858751
                 -0.00776658253120603680
                 -0.10928887761861505457
                 -0.19037185305606638130
                  0.10090170704788825606
                 -0.37825585667432615189
                 -0.24804511334862811012
                 -0.11871351927663520431
                 -0.39172320601669824436
                 -0.16339483133476748189
                  0.26795326139729447323
                  0.27698086863233428723
                  0.14303334504044729059
                  0.21770631341397667091
                 -0.37419696722454942606
                 -0.33420339187500919254
                 -0.37833249766156112903
                 -0.08400921940682716527
                 -0.24801103304062738220
                 -0.73955074020680389157
                  0.82774788305814916978
                  0.87616285289311834905
                  0.98855651620404105806
                  0.37295433264439148413
                  0.76362166741879389242
                 -0.41192221465264705627
                 -0.70924622911478785170
                  0.73380784791796760391
                  0.55616230640430885934
                  0.51245144167236522659
                  0.73260390027104216326
                 -0.18585248806196572047
                 -0.50517261795235313127
                 -0.46324886155335981419
                 -0.91603901079177618705
                 -0.56228593090634604312
                 -0.53626527243697685865
                  0.83992247959675470081
                  1.02112476532255014305
                  0.91818377450601640355
                 -0.89578689246152087833
                  0.16029105907817353671
                  0.48660835658569268070
                  0.88535311223099955047
                 -0.06911359254990945278
                 -0.41866454421069793090
                 -0.40835151924409091029
                  0.49921073031981788581
                  0.85586168256561445666
                  0.14598433228035509468
                  0.15138589043362235542
                  0.73372854950216537251
                  0.84231019531879902651
                 -0.87638800735183841617
                 -0.99414986945996020040
                 -0.61861105361822488202
                 -0.22303369254638680252
                 -0.90906746329963217246
                 -0.40168622204990472868
                  0.51376712559391823909
                  0.48624654804878186809
                 -0.76092240664871269029
                 -0.55942670686304418748
                 -0.69471661599326239855
                 -0.75498103522805837251
                 -0.45262986723059589478
                 -0.28081807884355819427
                 -0.92847452296138077710
                 -0.66044928267271096889
