9	2	1
50	50	
1	3101
  2.4977010000000002	  1.2462420000000001	  2.4927980000000001	  0.1482145000000000	  0.2935940000000000	  2.4828999999999999	  1.2462420000000001	  2.4956784999999999	  7.7500000000000000	  1.5561353100000002
  0.0022990000000001	  1.2462420000000001	 -0.0072019999999999	  0.1482145000000000	  0.0009830000000000	 -0.0170999999999999	 -1.2462420000000001	  0.0043215000000001	 12.2500000000000000	  0.3779116600000000
                 -0.20450956229424221977
                  0.16973600222436105445
                  0.39323496021111864485
                  0.79754978834443723823
                  0.49670707467807817537
                 -1.02580402183608820899
                 -0.45409047338766883595
                 -0.44199333271993257455
                 -0.53480605734496777792
                  0.92732341164393727873
                  0.18051066644575419762
                  0.97431998656413143500
                  0.06318980021831432925
                  0.58034115808477970688
                 -0.70309172945583198189
                 -0.21780469835777063747
                 -0.71678529077302577388
                 -0.87095398712980132139
                  0.70833179907582810575
                 -0.24531463345155471445
                  0.88331968906645008666
                 -0.37178220706883252644
                  0.91625090709097700703
                  0.56940013670501088416
                  1.03819495784330562138
                 -0.12059184373761835940
                  0.52632900508448154930
                 -0.19366123962545794823
                 -0.78930617774333944325
                  0.72302477266345199780
                 -1.05073256850555618591
                  0.33175653100585394961
                 -0.74326631315404934064
                  0.10814211646817195600
                  1.03872983007121577614
                 -0.54719843394759681843
                  1.35741650334373376019
                  0.50547612224497984190
                 -0.37514362135554318867
                 -0.98322127035605044743
                 -0.50240705363680393525
                  0.66303085743643030980
                  0.44070028193105970082
                  0.58013922558034602961
                  0.23891738958546690497
                  1.04098041876483815571
                  0.92507242999792493876
                 -0.42449758395691450374
                  0.55891316648566546910
                 -0.94241239038085689028
                  0.77588651050868207015
                 -0.37293387631564656193
                 -0.78654692198981712714
                  0.04906181671310463899
                 -0.31320529503291011375
                 -0.71820401546515288960
                  1.29448270161865885974
                 -0.00726775041504276569
                  0.85127011726888524024
                 -1.20703657100531880353
                 -0.35004866270348689028
                 -0.50262686986856985882
                  0.29546684537156781003
                  0.30729564860404684490
                  0.45429390829392446438
                  0.86572703921913884972
                 -0.87599656483754428926
                 -0.83451190188519730473
                 -0.82049445497309503317
                 -0.22328090721674709318
                  0.25068455050827548325
                 -0.05088324146162415823
                  0.67367033400199216597
                 -0.18344143240711294207
                 -0.15011771833982184843
                 -0.67832453662496761115
                  0.67265552041255627369
                 -0.25104482294440733092
                  0.58923534102593377870
                 -0.88978660918415408698
                 -0.00903422598283276646
                 -0.98811602207250825991
                  1.08482982719243836733
                  0.30696541368443797104
                 -0.95100692093444871844
                  0.80248428683674288830
                 -0.72285567935468963974
                  0.21092985188838031529
                 -1.04198314429723382091
                  0.05800435890338534461
                 -0.07403470339781467735
                  0.68227934897761666200
                 -0.19006606620082949766
                 -1.19268921741247790891
                 -1.00455135856752875156
                 -1.82344052336637751921
                  0.00452964964337994758
                  1.88999280551763360059
                  0.09420403538524134424
                  0.13567213099990838021
                  0.41383299216510671670
                  0.74443703020132967474
                 -0.10085757086105051616
                 -0.84475529179796660095
                  0.79875053501527260025
                  0.43391048211334160012
                  0.84731037020545341143
                 -0.17391754383985530419
                 -1.13577724969295679180
                 -0.66265556283660842496
                  1.39784281070075322440
                 -0.17708908602691006418
                  0.43012682277892938520
                  1.10053416058441411174
                 -1.09152766080491669953
                 -0.62928647528755532470
                  0.04707240283882503651
                 -0.58894012646775051323
                 -0.76547476931896185626
                 -1.06014966941048260907
                 -0.14702641238589317374
                 -0.67835159537226641380
                 -0.53337009159882442511
                 -1.11868305961035074958
                  0.45239518601244005369
                  0.92940722702398248511
                  1.16069400976665870751
                 -0.61435361831561574597
                  0.00598785884928875259
                 -0.76922539746430773633
                 -0.59267193958897657069
                  1.07559420411361572611
                  0.07930969379548197251
                  0.02539130110593200429
                  0.47014363516488588690
                 -0.62803110486739210927
                  1.38123629779280387986
                  0.28467251734769133398
                  0.47461381965728299814
                  0.81032703982154363764
                 -0.23034616880697078578
                  0.50495857694057211251
                  0.33643248613392279234
                  0.18982151641752675886
                 -0.59678288874155294153
                  0.79027658538804701482
                 -0.99766098665794533673
                  0.42608355765761640743
                 -0.20329400966336433343
                  0.68135915352331777317
                  0.85634907015131600527
                  0.57063284213169296333
                 -0.31402896448389844286
                  0.95978661997617609192
                  0.10395437568963307451
                  0.55609226110350884476
                  0.74398705212706350842
                 -0.89511238183698516035
                  1.40109979479848645312
                 -0.65442619630979848022
                 -0.53208178049382470753
                 -2.23294690310192711635
                  0.42490937544926948854
                 -1.09021549549110408073
                 -1.78221164430910339327
                 -0.04476392304330471111
                  0.80828232707441582949
                 -0.24317540948930121969
                 -0.27188965423045152736
                  2.29088014430598629900
                  0.00849698566278150186
                  1.24421823588911806269
                  0.65110470359205230295
                 -0.99124636021383705220
                 -0.33117131623813350627
                 -1.06218603999482708033
                 -1.69887645989585922557
                 -0.24205471549663384878
                 -0.66839096690989963090
                 -0.02683572646475847548
                 -0.15885210715314138086
                  0.34034643102033385054
                 -0.69118288540792327534
                 -0.75557763194451321720
                 -0.87303592716827760345
                  0.26817700880638156713
                 -0.49840759444191862215
                 -0.69087898207846298870
                  0.26695714768001438388
                 -1.47210297115606070228
                  0.43120290683701112400
                 -1.23438420315081587297
                  0.36628436798917479722
                 -0.91519046029405648479
                  1.72921112292741030458
                  0.21165649076349046798
                  0.28842757679618952205
                  0.02694329622398682414
                  1.07927951208049743848
                  0.08053471952096641351
                 -0.72132971878388063569
                 -0.17938496486819160980
                  0.71156938381011403116
                 -1.15775264183990223010
                  0.03039766488134772529
                  0.09437279192662002825
                  0.07605214504930662978
                  0.15588485149995504053
                 -0.77499326857066641594
                  0.83727401635419829162
                 -0.65103811812483070032
                  0.96456221296869137927
                  0.30368623988513882006
                 -0.27791894712605696993
                  0.53343642136597468895
                  0.78759271829266130904
                 -0.77691506792548881144
                  0.12608920835291720364
                  0.01165844392491401788
                 -0.61401727072009915087
                  0.17849239999427907177
                 -0.89094008921457912287
                  0.54550250506965636266
                 -1.50009276241389999385
                  1.00328019835729165266
                  0.06162643914713313020
                  0.26591877460137763878
                 -0.48125776076419862770
                  0.64668714417015205065
                  0.98686189218003927959
                  1.26691176652880521658
                 -0.21539774410250264736
                 -0.91154580127878848117
                  0.05108067376472080756
                 -0.91758099098031564722
                  0.08197751760238332353
                  1.40876409692041648647
                 -0.61124395342891235661
                  0.55056008557940638859
                 -0.26519714324055276844
                  0.27461746641430201388
                 -0.75638755698229009905
                 -0.37507949365037229761
                 -1.01778471630767830547
                 -0.63768149042960153849
                 -0.59668815501763239340
                  0.43073521398910769031
                  0.20838485895898586908
                 -0.62660871941735740709
                 -1.14852118673893710543
                 -0.20340316102635797035
                  0.06812490750558027053
                  1.17469844433217884827
                 -0.07937646956644726914
                  0.95603594003117997602
                  0.98992793796000699835
                 -0.72952094160061176087
                  0.68069318429898273415
                  0.26724809061263860022
                 -0.98163826143283916537
                 -1.09088173373427355095
                  0.97903694979944666521
                 -0.78202826507011835577
                 -0.90657287431447064474
                  0.76177160909139463030
                  0.85827001517216416904
                  0.66815185722219749831
                 -0.77412386093661655906
                 -0.27461002449622434751
                  0.01230513153289330280
                 -1.34362302520501630809
                  0.68433303741153095334
                  0.81601044580656223459
                 -0.49955276539375509381
                  0.67572583032762534305
                  1.29197180474674322426
                  0.75940971406791313303
                 -1.28376196533367514796
                  0.05049769530897258579
                  0.39057707873548264121
                 -0.07208288615011278211
                 -0.55648521229940361987
                 -0.83140765314971187827
                  0.94792516221256784004
                  0.75440514160068894434
                  0.67078686295021983099
                  0.46615367796348500251
                 -0.08286027265636787542
                  0.33871023980410863707
                  0.09102987335532412849
                  0.32478833241184984493
                  0.70205174840035922124
                 -0.79611410682938488215
                 -0.43955163180989331728
                 -0.58017740815120322218
                  0.88704729411472105216
                 -0.22584910167048832808
                 -1.27645200409380299433
                  0.74427916335916399770
                 -1.09993160580964843831
                 -0.77052657076853159346
                 -0.43398471861371967773
                  0.56334432494564268268
                 -0.40562861363757657385
                 -0.01833292079647370204
                  0.05696684630004258953
                 -0.71309023948081562416
                 -0.48076148872740642748
                 -0.17265183001694922593
                 -0.98383611831629946831
                 -1.04104766923710001514
                 -0.98079562595012936832
                  0.33746881291274155590
                  0.17842655769901941132
                 -0.00998313421978376525
                 -0.02791133762097439130
                 -1.33351711116520044165
                 -0.22206215746018059809
                 -0.27737907087172836151
                 -0.58509955241444500107
                  0.02641407369598707325
                  1.39496587830192408930
                 -0.84714501730832725279
                  0.68268276983780440403
                  0.44887822774329444453
                 -0.14058752745370300952
                 -1.33843733448935608976
                 -0.96478486675884211898
                 -0.91226186523425178976
                  0.43572479233977812196
                 -0.53276737445531019421
                  1.40457340945780773112
                 -0.01868831861734653391
                 -0.43198934054672538663
                  0.76612923982618752472
                  0.48223919223526673372
                  0.78147223318607672571
                  0.46967562069600743424
                  0.77075880155537479510
                 -0.85100354520844645467
                  0.34209827704801570869
                 -0.06394012755169833917
                  0.17081324679855983129
                 -0.69954935332712064877
                  1.07690821749542298136
                 -0.64332398396297263421
                  0.02340267301163835925
                 -0.58697039305619203020
                  0.06866239034497964577
                 -0.73362348979707048269
                 -0.16116069514249387051
                 -0.69358097813779306939
                  0.35687304714927142735
                 -0.18553556187113129372
                  0.13107882673371210047
                 -0.67156318692563066186
                 -0.94528669279313148888
                 -0.74589779632583674829
                 -0.26066352191752695244
                  0.43768169871991202680
                  0.74659808802278515572
                 -0.58392441256310900766
                  1.37450730402645460160
                 -0.27460375451120833112
                  0.86962243065272071263
                 -1.17334267693139393529
                 -0.86274920864114690300
                 -1.20095369707544219473
                  0.08110476070308111907
                  0.72388012975508397862
                 -0.28388739029531812053
                 -1.28080816946843900617
                 -1.21152775330668349696
                  0.83254526360410285868
                 -0.55103266009302043216
                 -0.86858546610086007078
                  0.37242656927543787981
                 -0.02245522792035658036
                 -0.95089926154922210788
                 -1.02870091138388586316
                 -0.05049747263213553300
                  0.07214712416145376006
                  1.17809968183655233709
                  0.66851219552644902677
                  0.81187515488592421065
                  0.31111276928125397578
                 -0.01274469267861644273
                 -0.60114069647180490286
                  0.25045735283464320986
                 -0.08712490146986938411
                 -1.01646477241412069858
                 -0.56749009232960989646
                 -0.66707764225078303166
                 -0.24323955104421776663
                  0.73632138903630017790
                  0.35242552406712596147
                  0.65263058367628445922
                  0.56095261457171796682
                  0.16538793371282925482
                  0.27776478946277149973
                  1.24480528698390324749
                  0.45264159580816726303
                 -1.37831999113883929553
                  0.28031352609791526653
                  0.00413317912927602896
                  0.54864660790299513149
                  0.48582102836928436895
                  0.24687730382861503009
                 -0.03982467320824894380
                  0.79937481610125127318
                  0.94929170201217538683
                 -0.10351998163638802264
                 -0.90119705542630668127
                 -0.35333080280531226069
                 -0.27861956164127615887
                  0.18998382900193189204
                 -0.43957372600335564705
                  1.00420465503975497867
                 -1.06329111579191493142
                  0.56397578089918010136
                 -0.90354169215912683022
                  0.71764396219961990031
                  0.41051556687126183887
                 -0.93796551112933068683
                 -0.18145532433775043990
                 -1.00558997546633288600
                  0.57784631984480205880
                  1.33914356266784118077
                  1.01245402834929620894
                  0.89686143025357611958
                  0.31674864465755864229
                 -0.06965854670431183282
                  0.01692020260149180652
                  0.46338305028994269952
                  0.87059824477564984324
                 -0.45951181737109847436
                  0.45638690151763916525
                 -0.09891727524100780988
                 -1.22139643386367180433
                  0.93432532788368827248
                  0.04174742003833137316
                 -0.20750754917896635510
                 -0.63096036100357555387
                 -0.49849603772285089320
                 -0.17768290207859560592
                 -0.30293523111395942449
                 -0.20307806049723486908
                 -0.56225013266353529584
                 -0.04147949466406873620
                 -2.67368843811736356386
                 -0.22730804836327833662
                  0.17200600950628289199
                 -0.19555677877645302742
                 -0.12882149162794104269
                 -0.21586119425300420716
                  0.11556534374350611871
                  0.52139677268736361881
                 -0.18349710068846869504
                 -0.06714006595176855163
                  0.16917966173765172644
                 -0.10303591130758545102
                 -0.20474144035832395061
                 -0.00576570947337193968
                 -0.46066802051214106317
                 -0.30843951141866021715
                 -0.05640343567722233553
                 -0.10873980038275478377
                 -0.52216847890036910407
                  0.54078094494613127008
                 -0.25029586546067433828
                  0.29536512499037981261
                 -0.29489615143749242643
                 -0.11120694232924654976
                 -0.00093403421064003605
                  0.43993638228949005775
                  0.04760200644267129078
                 -0.13395057986966807384
                 -0.29210279434187302883
                 -0.56901562153491347384
                  0.48291534731753410492
                  0.14166269717298346498
                  0.08698322019980687936
                  0.04435116947368757112
                  0.03765028020085470217
                 -0.15759590487618907462
                 -0.32493108877754545150
                  0.37301335606769137065
                  0.14786443151815364949
                 -0.11055361009202746558
                  0.31664803442161032487
                 -0.40612839431973490889
                 -0.28154083097944154757
                  0.00714043309385922059
                  0.24380109282920317537
                  0.12319863699362869347
                 -0.07049412042066227624
                 -0.18858899846361426578
                 -0.55635245521123954937
                 -0.36447784459234311427
                  0.30305515440121155724
                  0.12165683186539380523
                 -0.15124937217802009171
                  0.38499533754671705355
                  0.19525766394177543339
                 -0.01758192116357736035
                  0.16943614861593175869
                 -0.12774669137743613345
                  0.27484649383638437570
                  0.50535057196532418011
                 -0.44258737375994183783
                 -0.85934038568589909968
                  0.02024811571434290830
                 -0.36702499459650500535
                 -0.22798479575318328361
                 -0.30104202172488869760
                  0.16184868702216423375
                 -0.16511415285556582666
                 -0.26179232011589670392
                 -0.27588617426519773668
                 -0.50376969244367741929
                 -0.03308426001486283741
                 -0.88514233414162191149
                  0.61626217973236607772
                 -0.10667042581060259820
                 -0.06124373666780166120
                  0.11635711500975995381
                 -0.24452345491512916809
                  0.20693752809481458232
                 -0.12377988172789478050
                 -0.30184056386992513810
                 -0.31613591012446273787
                  0.20584210679665587707
                  0.31212603850471698497
                  0.14369485785423391500
                  0.05282491893693511825
                 -0.03705370209252145663
                 -0.67762079505624650544
                 -0.18825867361677992018
                 -0.38511108838971302992
                  0.15914680294304156538
                 -0.00551367262025976006
                 -0.04911243358852546148
                  0.38479239442784779479
                 -0.00703735502911780747
                 -0.42152648304811429769
                  0.27546600869159942881
                  0.20971006974446962379
                 -0.38429465447639660214
                  0.22888970132928590506
                 -0.13263778449236562906
                 -0.05132478542223656987
                  0.12422090163567750531
                 -0.19891886505983646938
                  0.09147062790816354316
                  0.03645864464522453885
                  0.03339239249680974603
                  0.14154618802881260842
                 -0.25510801747547973140
                 -0.28864081530287971633
                 -0.27727557424445375966
                  0.29959593037576603969
                 -0.14806535843809062736
                 -0.59461602791315115724
                  0.17816655725986813019
                  0.09811006134078782692
                  0.25076956630016838945
                 -0.10804185748000844081
                  0.07384463051085610186
                 -0.29075217598708591460
                  0.07474649725835758041
                 -0.26269013031872512354
                 -0.40429984224918624758
                 -0.37001883481143826859
                 -0.05228299437899857488
                  0.05518417292285236753
                 -0.38126041440113234149
                 -0.42987723788942133751
                  0.22643398524607183386
                 -0.13590942005446840501
                  0.22667760575996276362
                 -0.55082350931985457620
                  0.07648345234438411189
                 -0.46765671935043362506
                  0.50953137303541018444
                 -0.11326076657786349200
                  0.06500301671352985700
                  0.03488208357306519375
                  0.17297505795953965757
                  0.14563928175462340087
                 -0.04665316215587248655
                  0.10790005713758761552
                  0.13916624672055760703
                 -0.43656305055064942300
                 -0.33661746379347740055
                 -0.28463845530985992793
                  0.05371331371078043315
                  0.24570535115414365857
                 -0.22614850069851963332
                  0.31967242330557466001
                  0.20223812374548161275
                 -0.20815335415276867148
                 -0.60078784482681413248
                 -0.21015025855612093353
                 -0.37288873962184265753
                  0.11304555344889842539
                 -0.12322272103130119114
                  0.16925319807446734255
                 -0.23883172062749039033
                  0.05460307078120483354
                  0.11640004094174655203
                  0.15273993931876739261
                  0.24262795729733965810
                  0.01892889801394347093
                  0.16796427825699919434
                 -0.25571251858668003765
                  0.24789611271296474460
                 -0.06758735362859635831
                  0.34751843852474195717
                  0.07066529832173538972
                  0.11084169326388215726
                  0.14772045477047424100
                  0.06173988317047016117
                  0.12022410998587826358
                  0.59515236578088182018
                  0.76324663380716195604
                 -0.44766529773287311311
                  0.21921294228876658794
                  0.40645922636008274820
                  0.00752842897643322354
                  0.07430343878513893940
                 -0.08534273707219967864
                 -0.01227318129423140419
                  0.20576318328625153864
                  0.09220370174061529034
                  0.17113194234199624599
                 -0.07561486975531889199
                 -0.29230881838922206928
                  0.01433292340758263173
                 -0.22832838942700278695
                 -0.24138327454743346845
                  0.01052119921572324500
                  0.33838389841242966227
                 -0.01282436048283603323
                 -0.32385108456186756376
                 -0.25784100588645042507
                  0.40531051368839071669
                 -0.02479647652124831667
                 -0.26257627851218612314
                  0.01286992455057937683
                 -0.89073705210525111475
                  0.25109240588654535564
                 -0.06278890361679284604
                 -0.01713320907926815795
                  0.00440915326123446187
                  0.40366389311217937275
                 -0.33672593633571984428
                  0.42915274629596944500
                 -0.25033116480171230256
                 -0.24862204904258480842
                  0.15146038700442898683
                 -0.03932504872744579938
                  0.36462140711695267825
                 -0.31380726042042084156
                  0.18267172734917130894
                  0.02959971193112018173
                  0.02174660015994035051
                 -0.57528771425821856322
                  0.16276095062988632511
                  0.02994983324602455352
                  0.01891439870366886516
                  0.30503308426405606468
                  0.22207719554275223706
                 -0.11768027155736267286
                 -0.26981367827069802079
                  0.29912151109331003296
                  0.14610427740780368433
                 -0.24314121218525833190
                  0.08288377568738257428
                  0.08738688623698828706
                  0.26638037143807014040
                  0.04762235893250962859
                 -0.08560417501352152181
                 -0.13762425911019540714
                 -0.41603254431694075555
                 -0.23540175467055748926
                 -0.01434056983196925657
                 -0.09611884522671662601
                 -0.21534571401614219233
                  0.25535633208570074348
                  0.01086025592372410163
                 -0.11142457612894367258
                  0.08678762908286868916
                 -0.23135277396768766378
                 -0.27768396548767854126
                 -0.16210821698907329491
                  0.16883378087756670261
                  0.23971361429602996984
                  0.10689662612200744041
                  0.19354599052332205344
                  0.91030350392036052387
                 -0.08746974834972129353
                 -0.03443831201723346336
                  0.24977543575046920465
                 -0.11316312810465274652
                 -0.26563724849494529945
                 -0.03163377071204837021
                  0.29773536499193259397
                  0.31062275860695870433
                  0.25326966492706753931
                  0.49850123682651514834
                 -0.52552857321908719168
                  0.13892286564284794803
                  0.10028207375845030191
                  0.08816315390011536524
                 -0.00449223473331045522
                  0.24632626028021833986
                 -0.01126113763151385949
                  0.03568719706523363483
                 -0.02721391422238275681
                  0.17533271902116842611
                 -0.02594940165321114184
                  0.04362375342761106584
                  0.06918776820894623203
                 -0.02495049940013540496
                 -0.32688254415546080800
                 -0.36224142813135717933
                 -0.01132772191628770089
                 -0.04656525166111114000
                  0.03694802391745279774
                  0.64587355586789962913
                 -0.01789533109779118877
                 -0.05329419415559618484
                 -0.08146733978936443465
                 -0.05856565321878934305
                  0.26435059962024803903
                  0.02441639558516596475
                 -0.11487648006164384584
                  0.07357572085288660579
                  0.12797244959026166100
                  0.04751338591552874135
                 -0.09390820197985574880
                  0.39325116532129666957
                 -0.08532257931919262628
                 -0.19893123468693560407
                  0.06472549139981474686
                  0.16077104670988348611
                  0.00627625362904671649
                  0.06747097800927093214
                 -0.34549778421539523166
                  0.28476682047765883299
                 -0.28137354960617916300
                 -0.20082711142044429309
                 -0.39935492363448032993
                 -0.39233949945816865013
                  0.21902673160626018323
                 -0.32487691169051341467
                 -0.01429514606807248331
                 -0.27245818666776439043
                 -0.29556022623902450386
                 -0.29843707895002924424
                 -0.12626342896537345872
                  0.19861862809896985160
                  0.07268098382612905861
                 -0.11406598684510112218
                  0.07058472668992857302
                  0.09869819478240425548
                 -0.12970177828849427382
                 -0.58029423441442284926
                 -0.03305338648682427938
                 -0.21217856956468336693
                  0.13711109478680874596
                 -0.04362804256061385277
                  0.09961800309456143865
                 -0.14651401030616820198
                  0.16191399462941505338
                  0.36278817072558289247
                 -0.11573128781673287790
                  0.06213376889282885146
                 -0.28176859056310327167
                 -0.41848412810185281474
                  0.51422524519500123485
                 -0.07664014599974704189
                  0.19967437073844529483
                  0.08350576342735986646
                  0.21645203140193020053
                  0.18167009737655495649
                 -0.16652957756398176214
                  0.25324973444078807683
                  0.18587659585062188405
                 -0.09549581524186823156
                 -0.05037211775948598202
                  0.31461663613770518566
                 -0.34775278090346023463
                  0.03714730295764558099
                 -0.16155511259516133760
                  0.10476993588655691969
                 -0.18547159146564037857
                  0.60202812001271444053
                  0.02774635226553080758
                  0.39330104350675637592
                  0.42158858392217452016
                 -0.21557519601383626218
                  0.18763493932322963809
                  0.01662313623661761802
                 -0.33105846034244190701
                 -0.18358273755647527836
                 -0.12818501597984777174
                 -0.14361292695562311028
                  0.00816624458387075862
                 -0.00588868888005289817
                 -0.15885198101942590854
                  1.00666932800118713587
                 -0.06759821026340713523
                 -0.27400219910474793439
                 -0.31697231366470257630
                 -0.07051244568807484014
                  0.00690989536887912873
                  0.19167601094589337141
                 -0.26460764181364948566
                 -0.07193490396232138373
                 -0.01437678062819632702
                 -0.34867149995242213700
                 -0.27001215778187620531
                  0.28510401893300651999
                 -0.18937530851369852036
                 -0.21746118071274145311
                 -0.31392937352354327585
                 -0.24413971148383631360
                  0.08862437585466291512
                  0.51446159947336189688
                  0.15267107607684007875
                 -0.26458330793928402924
                  0.27319047673602075976
                  0.09056642252187886710
                  0.02805524941737311956
                 -0.03257773474513491613
                 -0.10883825468522795310
                 -0.17946097477884140337
                  0.01433912524962972779
                 -0.27056332092606050210
                 -0.06022710012736817026
                 -0.30632359944210563185
                 -0.14010481652173673028
                  0.14175890099129345723
                  0.13968668459726893416
                  0.35435116794375298710
                 -0.20744424219688342714
                  0.49857852067972069365
                  0.21921326933075760413
                  0.10795379863440783541
                  0.23795837690498153338
                 -0.05445064785273869001
                  0.21087716264237260644
                  0.14944716508351260642
                 -0.32569498386766215781
                  0.30438398534058080935
                 -0.23808450686320631329
                  0.15143799794955351001
                 -0.17507714099595292345
                  0.19680742055585365158
                 -0.17716843178088087507
                  0.14257186072272956534
                  0.03265278786165280722
                  0.05717157504611771607
                 -0.21547476241586097090
                  0.11725912074871024104
                 -0.25186193505955029037
                 -0.06197891127935049871
                  0.21132227690010924048
                 -0.20818365296203916737
                 -0.26883656348553874871
                  0.02978961821455258438
                 -0.39902743809526691754
                 -0.02399545815727967268
                 -0.44553118599680935352
                  0.30989003908099138629
                  0.17539556220855587187
                  0.35951480326749135630
                  0.33149170168951447302
                  0.07428849745123786152
                  0.75280794394090311261
                 -0.04511328194423699922
                 -0.25536946776005697846
                 -0.08168889383539651439
                  0.02542067605375455605
                  0.01121442849211834979
                 -0.55159878331288747511
                  0.06071180366488312941
                  0.41187240619044751533
                  0.17983329208787443565
                  0.02569748559564480686
                 -0.05800136897698612848
                  0.39272391523824939918
                  0.24864211032503688581
                  0.36552628308531481816
                  0.06512467981035158227
                  0.00743863340263090176
                  0.18318227312074994440
                  0.35915000280612552341
                  0.02044908436601727483
                 -0.36821947458088427618
                  0.11142103952829940372
                  0.34121212643517134788
                 -0.31303599486358879567
                 -0.08383983185075738476
                  0.16462898464673944576
                 -0.02426453972054623889
                  0.09748161646690241267
                  0.25053417443976300216
                  0.56472001073552802186
                 -0.14633211458567033092
                 -0.31750729510932235167
                  0.11710655831941259308
                  0.48434081039337323338
                 -0.04320083270982313928
                  0.67575705105759287239
                  0.01841866955370133341
                 -0.07042879692419715121
                 -0.12091341543729354491
                 -0.23183668558882297717
                 -0.10453839715981519398
                 -0.18536287077693155978
                  0.04942388282198575261
                  0.94181686268929465378
                  0.84339790742962827963
                 -0.31244493034295695022
                 -0.19237172884007866513
                  0.14062170111530256089
                 -0.31127145230022895683
                  0.03814544724377076645
                  0.08893115698791302648
                  0.05226855554106017709
                  0.03628996449895213749
                  0.14404809033935228602
                 -0.05594138424946729082
                  0.26757065765712706451
                  0.16021816736741825715
                  0.15315716920718538963
                 -0.43479361284588807779
                  0.16025084928028709985
                  0.25092398440991853237
                  0.07045248093133732459
                 -0.01979665174913423920
                  0.51284473682997344657
                  0.21386730022901237480
                 -0.69750652075620833692
                  0.12198869860357915151
                 -0.24360918340249906877
                  0.14411427166391166388
                 -1.04747221886577190908
                 -0.39409837479850573505
                  0.30155040086129714094
                  0.08622114508680825407
                  0.09975892706568571799
                 -0.37649688164053013439
                  0.15313168456687403784
                 -0.27039476490675085074
                  0.16191338698116258810
                  0.10616243376239908880
                 -0.10706841292548016642
                  0.15212289380419580231
                 -0.15719829502213222838
                 -0.03835127825801941392
                  0.38022764808014941629
                 -0.09042386157606045749
                  0.03676722357754731024
                 -0.49946966166058065495
                 -0.46387691488090232461
                  0.29238474710394324330
                 -0.04394863813795373692
                  0.05573695142860404794
                  0.55225183242565623054
                 -0.48575426963639994904
                 -0.36397939571328558062
                 -0.24435718029043282384
                  0.02584671687344500257
                 -0.19745344571260345368
                  0.17462862399398346169
                  0.01191828916043387483
                 -0.04527719328192966741
                 -0.26701322781986214228
                  0.39330683550623962708
                 -0.29827215843701215814
                  0.17521635958480763495
                  0.07321410379835303905
                 -0.40522408083158845127
                 -0.02354473311466926885
                  0.00943087674098168002
                  0.22496395279281480861
                  0.24306199455441690471
                 -0.13131321249572858179
                 -0.06363327995796583259
                 -0.06827528077774588922
                  0.18294127868310847140
                 -0.05459159471743735975
                 -0.39069624663476171245
                  0.18844240693199559855
                 -0.18110332524117703223
                 -0.20299700436252895996
                  0.05644198529212473420
                  0.04001536465733895875
                 -0.24377705045938141692
                 -0.19961710708164126515
                  0.33064109615890263649
                 -0.33402702677424855882
                 -0.07046283701417610512
                  0.03186756776121444507
                  0.04020961374211284856
                 -0.29090480409378044468
                  0.87450612635230196013
                  0.02097154518783084232
                 -0.36961257602487723739
                 -0.97915364479530431208
                 -0.15904886628267964066
                  0.04767740831459224560
                  0.44131273698752215839
                 -0.32840693166251938573
                 -0.35916758571208262651
                  0.76370890189680251670
                  0.54791238958619492561
                 -0.29123472012876699955
                  0.06938900624095710457
                  0.08195911412234482829
                  0.15939987437007197002
                  0.42645241741459460894
                  0.04643956675098971643
                  0.02212539306490155996
                 -0.03883389232096420146
                  0.16681995467052737614
                 -0.27416330844562064595
                  1.29885952671414162118
                 -0.06275023778551373776
                  0.19865402700807541225
                  0.22753472895918139263
                  0.40601759476839183183
                 -0.20937096095405391405
                 -0.07255218274997783656
                 -0.36483028240308407186
                 -0.12673558742227852836
                 -0.17646091640966560243
                 -0.92627779946074462192
                 -0.05146920778594860774
                  0.37600290528196661510
                  0.08504715264275172770
                  1.22771877122960759721
                  0.36167957601647626742
                  0.03203512464133636412
                 -0.56733296702940128053
                  0.07989802765328568590
                 -0.52609449069587621572
                 -0.00458307123932867686
                 -0.05948969987046104357
                  0.12273939089610252928
                  0.37552487626463709747
                 -0.04207995461124213604
                  0.15234939149489729049
                  0.13035431827122465065
                 -0.26066537566839736995
                 -0.24017306019203421563
                 -0.04817535934011842741
                 -0.16801972238949786087
                 -0.07541673117827360495
                  0.21105145357900459424
                  0.05942014964498650020
                  0.04219435539304255967
                 -0.02077028911476811249
                 -0.25911667239909530469
                  0.03610416570329152974
                  0.06686273495225204810
                  0.30278319946343612568
                 -0.01323338216830929545
                  0.44900609875151004102
                 -0.23685309132471252247
                  0.09206503108505674493
                 -0.02251479341243878274
                  0.14570218041547014498
                 -0.02734841198259569534
                 -0.32479430342530996034
                  0.07473434731100619954
                 -0.17249357999914219364
                  0.02542883165519750632
                 -0.18639321570382491600
                  0.16055738970901600737
                 -0.14243972666545801076
                  0.04772622323457417770
                  0.06079743813983774781
                 -0.20905137878378757255
                 -0.04412133630158068809
                  0.02211671592647976997
                  0.02238878337490127213
                 -0.17241822066803344504
                 -0.14412193937139333721
                  0.00352084670388153574
                 -0.13266137326638205440
                 -0.02070252350047700751
                  0.18339102408251006793
                 -0.17930127505811066513
                  0.15542514190499256976
                  0.18610109988088777144
                  0.15274930581535597907
                  0.30528729903352380681
                 -0.22824259848426359243
                 -0.26324589308255880171
                  0.22047589200375564134
                  0.38630459267624839281
                 -0.27691142093965265270
                 -0.13087593252594534321
                  0.18020148927919529824
                  0.42914907335153351653
                  0.44649695343266920800
                  0.10093028011840296521
                 -0.19446660566045878560
                  0.52151725239818258473
                 -0.09366190177955126261
                 -0.21616978190834335027
                  0.39646532449246513208
                 -0.55666722058943418627
                  0.00383746003214387047
                  0.14389748038030236721
                  0.17568843268774803068
                 -0.14587344821325748390
                 -0.25026514483800371691
                 -0.17391281720864501525
                 -0.05826176155354683556
                  0.18377713607719531330
                 -0.19825017041004766583
                  0.17021265503896074178
                  0.74795280043411749293
                 -0.03800456854877623525
                 -0.07359712912209444291
                 -0.01316263731111912139
                 -0.05647011359302552685
                 -0.19742756138581177283
                  0.09539008900517136069
                  0.23208072302210588922
                 -0.00851642643657509781
                  0.15953213430478585533
                 -0.28777246495076874711
                 -0.03531373768042707362
                 -0.16578916292191436810
                 -0.38397038339198757972
                  0.15290548800571696075
                  0.25510726773159408953
                 -0.16924349143147901509
                  0.16744593573400537445
                  0.04297311582276460568
                  0.03043941265466157398
                 -0.00428528039547326940
                 -0.17146848830926969542
                  0.19862476432481451782
                  0.02567772376408977708
                  0.22926890860001222783
                 -0.08121168541297388299
                  0.02957105667057481971
                 -0.10877483392387288230
                  0.10767769462839686667
                  0.12373723314820510299
                  0.41435148738124866208
                  0.20772987723676264449
                 -0.06020306329921456395
                 -0.04334691826959487931
                  0.66484408045804621601
                  0.54516931487370101639
                 -0.00885838445137939433
                 -0.27685241104100832832
                  0.06775685016847807218
                 -0.07865421365237405815
                 -0.14484342509923678333
                 -0.00923887667674903011
                 -0.34139692771282370565
                  0.19788655270604349479
                 -0.20481257773011574130
                  0.37377090671888080209
                 -0.21065717531505426252
                  0.28350611768780470401
                 -0.53052583647329232264
                 -0.32529137884794512292
                 -0.01121844790485368795
                 -0.10438482677403085330
                  0.58541222578088092376
                  0.37518671851996293620
                 -0.24354635994687640066
                  0.10063689057418449824
                  0.02100992701243329513
                  0.21187490929952945695
                  0.14374466476844502405
                 -0.25509555318125987089
                 -0.26188801863847704920
                 -0.45566967520493240063
                 -0.13607173646912182341
                  0.44527160125578385541
                  0.10353022118382999850
                  0.01755039594810686721
                  0.21553568900229461147
                 -0.14793238819244561300
                  0.38413018089964856561
                  0.11361175039280249632
                  0.30767855602032334605
                 -0.17107883495193021428
                 -0.28437062862578482703
                 -0.07073906038901635329
                 -0.10148593164638949893
                 -0.51264309611592817628
                  0.29829699263385550667
                 -0.05158397400047053799
                 -0.05913356791324728828
                  0.09071171889116587395
                  0.13177697232577051389
                 -0.24886590257295926332
                 -0.24383705908362379722
                 -0.26930127398793601845
                  0.20372130063683896450
                  0.23424081125500534339
                  0.22334634298360092619
                  0.19320509973944299809
                  0.20446964323049196532
                 -0.12289200846170086900
                  0.22576621207998162633
                 -0.32910744133625596808
                 -0.31345140193435289122
                 -0.19550050820515554872
                 -0.36830348732753548369
                 -0.10135262800276526041
                  0.08519472750462349364
                 -0.30121791538412440170
                  0.60228098579701661031
                 -0.16118879852946255138
                 -0.19399011558122208898
                 -0.29564997742480758625
                  0.18373909958146966703
                 -0.18022591239855714762
                  0.33781134082255159790
                  0.38485823749957143169
                  0.30612142858798030431
                 -0.26879617406808781199
                  0.20185997612608333474
                 -0.24910422087147840453
                  0.03071263643633484475
                  0.14884761301766874508
                  0.20829203043255445360
                 -0.01731147470388211262
                 -0.30739939279063038802
                  0.03056375177477129584
                 -0.41965436453258098126
                  0.41739895275488786419
                 -0.01301291341279163863
                  0.34536356040283033852
                 -0.16551516840524846397
                  0.28338123372506857089
                 -0.00253794828281015371
                 -0.20127914179566161468
                  0.16364569790400895766
                  0.02265214847737880011
                 -0.19430019594442260455
                 -0.05642841221202249402
                  0.14596487965169921419
                  0.30674261710161443428
                 -0.15662995340523810928
                  0.21851983869353075463
                  0.45227387695630538733
                  0.53004512464685871187
                  0.00163918008538966199
                 -0.20220513976555787306
                 -0.43150364028232107705
                 -0.00247108999951659502
                 -0.02923535732393075029
                 -0.26801407965711560033
                  0.46278915783115609495
                 -0.05379817289785671086
                  0.07189541969732399229
                  0.15873888302740657430
                  0.36479553996905833557
                 -0.15533658868136704378
                 -0.34323568101041201928
                 -0.07095016084112854005
                 -0.20464323547679946769
                  0.16577069921445311551
                  0.20069669532747441698
                 -0.43268851670115060504
                 -0.14979698964223320257
                 -0.01049609105294700175
                  0.23516339539828864935
                 -0.07700181884833139090
                 -0.00501335141347692380
                  0.16314774472463114408
                  0.00616540058030633741
                  0.45994051153785209252
                 -0.14558002236807765506
                 -0.04764408208896804553
                  0.16182745171410695129
                  0.24365128534132957094
                  0.34826015604697668770
                 -0.15092668115236584914
                 -0.58104612495911645009
                 -0.30350178711616737637
                  0.12349295537569526804
                 -0.16940056812955117671
                 -0.31491964369231473242
                 -0.09515531848723919606
                  0.60241742945872234216
                 -0.10297734517977721880
                  0.15507501274316587425
                 -0.14552693792391435679
                 -0.07577635387770509379
                  0.01658489498333045459
                  0.12577200546709080275
                  0.17633881052970046266
                 -0.04094651939527436252
                 -0.14357920612748045763
                 -0.36507303329862833552
                 -0.00816284432801671692
                  0.22626627575883118126
                 -0.05639830252619955353
                  0.12172488068860402854
                 -0.19550687788284018542
                  0.17543607719692741465
                  0.05400257221283639997
                  0.01534064129527778000
                 -0.00543520400531570871
                  0.07520065264160558094
                  0.02301989680834506252
                 -0.00185945657671179225
                 -0.17434483063974218209
                 -0.08372694309924615108
                  0.27971402078461909957
                 -0.35801993476979032671
                  0.11046635192792628177
                 -0.23942415336759581557
                  0.22773602195885017663
                  0.17200085030923245588
                  0.07464936237635524940
                  0.09404031680228362722
                 -0.00264379704527076438
                 -0.18615380024430069894
                 -0.23086781262576686058
                  0.04790596374964188608
                 -0.13823106103751658935
                  0.03685452414761655748
                 -0.12099029611920192329
                 -0.09819104570716306879
                 -0.05210371854112946094
                  0.17658526334833610227
                 -0.14284231696292673530
                  0.07848733609658595234
                 -0.07004345282447300980
                 -0.18295813682341979800
                 -0.03160613631693134223
                 -0.10102991953501598565
                  0.25638593281409532976
                  0.76264363645902844002
                  0.15951431869035467837
                  0.16987660615982402845
                 -0.04975771223866695681
                  0.13811653342857255211
                 -0.24729134358853660514
                  0.32213752522698158032
                  0.09981822326577013960
                 -0.38878701096433831985
                 -0.19209084602621856464
                 -0.26210432331444194487
                  0.23895643083353745872
                  0.36198856072235341408
                  0.02503506478619022674
                 -0.35369088041345841944
                 -0.26996137466987485398
                  0.55917297492797712888
                 -0.37416193762829497160
                 -0.23006520619115528037
                 -0.35293860089326317686
                 -0.27924566151387752999
                  0.01199662918290244663
                  0.01359061156720866442
                 -0.19481842096621787563
                  0.14783660799125256102
                  0.12144180694780742913
                 -0.22783729006963185371
                  0.27389860478647060082
                 -0.23955654460092898339
                  0.12168656858553889011
                 -0.33519877530627861795
                 -0.10123931552271268897
                  0.19008180841998462141
                 -0.22326039768512040418
                 -0.21443089951169724827
                  0.28837261560683546957
                 -0.12969491327998025620
                  0.07554763207148171289
                  0.24811120943795844651
                 -0.08600618269139310990
                 -0.34186490839997590863
                  0.30823094639159237529
                 -0.10140593420998281204
                 -0.13089041246823440723
                  0.09361890696642781451
                  0.24143924105292746685
                 -0.13197474654357871371
                 -0.25713603234091703120
                 -0.01829898597013535771
                 -0.16562489717016826152
                 -0.21425557896701252769
                  0.06081521718053474468
                 -0.03622401332324735185
                 -0.10512197043107313066
                 -0.06548430840176576451
                 -0.14728637314439887995
                  0.23760949606685236035
                  0.02316196528949791833
                 -0.42289215185759582161
                 -0.17804373290359565285
                  0.36902497024057212549
                 -0.05639774348170531471
                 -0.02366408406439360693
                  0.00348711202191602900
                  0.09759250484109771584
                  0.02843867249820040619
                  0.04225745890695102591
                 -0.13049867665962133767
                  0.11371579498222672555
                 -0.00986203269055199554
                 -0.06643535198418884513
                 -0.06402687660573733175
                  0.13045092829739177165
                 -0.09648655595235922089
                 -0.07448809043008484954
                  0.39065410284130713814
                 -0.13589795931704418130
                  0.07256057062624346465
                 -0.28649057151025492107
                  0.11189381384506798256
                 -0.18245398986940555841
                  0.02152321380560142522
                  0.09255850143917997153
                  0.06841893667726565986
                 -0.10641703259567274198
                 -0.14211450404929382163
                  0.04069869515041699831
                 -0.30282769525158725887
                 -0.04401770275275583566
                 -0.11976079817048009002
                  0.01575861148527335845
                  0.05654060042251211199
                 -0.01616998005980300676
                  0.05063409248080937008
                  0.01668926949046907124
                  0.03750827857077113081
                  0.25456476868755800735
                  0.36540417405624092684
                  0.09593327878037168077
                  0.15713208367812650512
                  0.50699741268707032571
                 -0.07809522230470501702
                  0.00748862675418079417
                 -0.22481582765896576670
                  0.00659465342162385108
                 -0.13120684208995792019
                  0.07272324034393898295
                  0.06764714626647638784
                 -0.24632117392165972514
                 -0.27540492180631426233
                  0.26919099657145695303
                  0.36178867538141995519
                 -0.08732951167086615285
                  0.25773355931264790852
                  0.36742072909836531736
                 -0.06559104167873537616
                  0.28768663546452361013
                 -0.25150031418158980134
                 -0.02818498753555651742
                  0.09005977256574225487
                 -0.15938169250017547585
                 -0.29414400750459929190
                  0.15028038405966143154
                  0.26049579945020262528
                 -0.10235090889666126346
                  0.06313111545524095758
                  0.07180450992186185322
                 -0.31574757988041640688
                  0.18087573764514230934
                  0.11126830289853086031
                 -0.23256795637103411245
                 -0.33931824429381574060
                  0.21947630934024553451
                 -0.10178625180440573073
                  0.22226509713749198482
                 -0.33371857176236091602
                 -0.08325287076708902390
                 -0.13043138361038522643
                 -0.30441548072601948283
                  0.06275690418626042599
                 -0.35996491682639847332
                 -0.18935351399473107636
                 -0.14354985117546173456
                 -0.22335633460286744012
                 -0.23188667220130440572
                  0.37908443777088074444
                  0.16263148787691986130
                 -0.33180164009199947239
                 -0.07992369747245549327
                  0.36954315306188051382
                  0.00890095444490613015
                 -0.13713309046792929169
                 -0.04892696301364678896
                 -0.27490539435981031779
                 -0.28709376912318373964
                  0.12602024978395073851
                 -0.23983981675092685970
                 -0.11887623461712056028
                  0.59412992752225879389
                 -0.47292977088732446322
                  0.73599238212970263806
                 -0.36448637327798577568
                  0.00399207087940912832
                  0.16645529943831863240
                 -0.02601288214641804541
                 -0.18800295182150977835
                 -0.23261117698680586208
                 -0.08228375793545202044
                 -0.12339517369430115512
                 -0.45015508586134456159
                  0.11337489068368535039
                 -0.09012387958721813919
                 -0.18842796925904295446
                 -0.51452201893376992015
                 -0.05793234262255643474
                  0.06377451396885150392
                  0.16535995568464301186
                 -0.43627597748937252398
                  0.11272293117905154980
                  0.08853835250846778249
                  0.42515953717641763454
                 -0.30554511192522970653
                 -0.08015309246682550404
                 -0.31531808450465337312
                  0.32968393497688636140
                  0.10620577448383247687
                  0.11938872611036674409
                 -0.02343767477461286552
                  0.14235694247755176223
                 -0.03149469515488635685
                 -0.12934404428709175838
                  0.16891818323813279079
                 -0.88569047250306731645
                 -0.38938605087085181866
                 -0.11298308825331068728
                  0.05793175474160288524
                  0.05848900663584532394
                 -0.11674327239955278879
                  0.06397095879461771328
                 -0.31391604131604461392
                  0.07011042979657540475
                  0.00656156821018653684
                  0.12139736218871512163
                  0.03768006364357689292
                 -0.34251138994851981767
                 -0.20848220207844656016
                  0.08064559848707340828
                  0.10958147071762831815
                  0.16939389166245016893
                  0.36707809327633850183
                 -0.22625904819591910466
                  0.00237146383903782260
                 -0.22292279835574524416
                 -0.22151009922895728566
                 -0.43116475043393609479
                 -0.07342252352032065110
                 -0.17748221572379219158
                 -0.14695541757841854014
                 -0.24721865448262431153
                  0.08605763749795830586
                 -0.09388309932511404443
                 -0.35434258730883028132
                 -0.02226877767803050676
                  0.38817880152474815159
                  0.04280396760221458902
                 -0.15449001971434994651
                 -0.29197666755594364751
                 -0.08658277552726074966
                  0.24014556796305155939
                 -0.43546689888942624602
                 -0.70556976680259775314
                 -0.02785821494304085294
                  0.34243695316757760683
                 -0.00387896106738346187
                 -0.20564252317709796891
                 -0.13434976224547012791
                 -0.08857370612889796380
                  0.15286178038405878743
                 -0.05108486989144788576
                 -0.13969893318601062093
                  0.43726963389683681793
                 -0.07118682067269463398
                  0.25773286081035373662
                  0.16695796261766479573
                 -0.06808898642613667174
                  0.11003293621531118340
                  0.13778232440097193390
                 -0.52817523450839909405
                 -0.28319513980528421282
                 -0.26522083170254934226
                  0.01729095405327784121
                  0.05358655299391966442
                 -0.32760533810957176426
                 -0.06226119652117306780
                 -0.06557968822230031414
                  0.13519903034451319357
                  0.20443849499355157273
                 -0.00141464854593653828
                  0.23539237897264103649
                  0.11467908792897410497
                  0.37050840014346270168
                 -0.49138074461316399999
                 -0.08439327620569603283
                  0.18661156767409822765
                 -0.13993175212348271663
                 -0.33988937178968781083
                  0.15744948490007268371
                  0.13918843388961135710
                  0.03628178058002561740
                 -0.37052235017369294923
                 -0.02398558855845158225
                 -0.21713814421391933185
                 -0.35182337062150120799
                 -0.27008385303875370731
                  0.06451159364627527537
                 -0.12603569654814000822
                 -0.24140596374155001702
                 -0.33681914848615035485
                 -0.01010902467685131922
                 -0.05561850286010903283
                  0.33206521493307222803
                  0.13454701218870007695
                 -0.31184683638487498136
                  0.13738636840859841382
                  0.02916016791212128548
                  0.62701255585370208046
                  0.19243443258166093024
                 -0.12967790275647936293
                 -0.16542060372083861042
                 -0.09846812695052757636
                 -0.43940558336437940401
                  0.02709049670566705814
                 -0.43506567423114700377
                 -0.43980228408930571726
                  0.07885508984011443956
                  0.19782412133353644013
                  0.36765260857677745099
                  0.41050797579671127746
                  0.49745956745027153367
                  0.10106721846895368178
                 -0.00348329439154353377
                  0.28671673768896333012
                  0.21114232932819484989
                 -0.21663979104778660623
                  0.16707837719910542673
                  0.20952595320689396119
                  0.32654846410797161438
                 -0.40363302245700671822
                  0.23865130652319418991
                 -0.28223423372279976551
                  0.05665575195551856430
                 -0.21234604384418195866
                 -0.04701485471349276662
                 -0.02457501129647874163
                 -0.26028249075765086396
                  0.15553918878826109018
                 -0.31670244196062624642
                 -0.54899920840569871316
                 -0.12701391888958657450
                  0.00577071490962975144
                  0.25979419274731940792
                 -0.04297414396071492365
                  0.12844146260212266353
                  0.04504731161653637711
                  0.17961282479243417809
                 -0.24401275379725462233
                 -0.11030718930877576878
                 -0.04064497860237838156
                  0.13611626021984943313
                  0.23993039020561635066
                 -0.13987856874264145701
                 -0.12812439511594478359
                 -0.41236221636525455247
                  0.48954285398582852995
                  0.25630573813461121624
                 -0.30882447330232970506
                 -0.11684654684007847458
                 -0.25449908596595804955
                 -0.09046389526134683556
                  0.22995031580937111415
                 -0.35522624647184408708
                  0.38895846711233417192
                 -0.62046779213241776141
                 -0.33410587383398510086
                 -0.03244220659723319466
                 -0.26156287747029066670
                 -0.18784829714267012313
                 -0.16328720871449259322
                 -0.17993280310273263023
                  0.12170514641248685039
                 -0.01958325980396954588
                  0.06513692299015867715
                  0.02992536510138577022
                 -0.22772814640138319686
                 -0.00947358349627507035
                 -0.37757928033442239579
                  0.13290347508620792283
                 -0.20636542196198595644
                  0.38413517284353948522
                  0.19493495667161916951
                 -0.32133388265457402122
                 -0.27128677239968601587
                 -0.34424982864759379186
                 -0.22665364804716131575
                 -0.27581889977748857978
                 -0.28025690115668222546
                 -0.04619762154948077459
                 -0.15189291671116023075
                  0.03326247254359103456
                 -0.14009697983412044975
                  0.03336636943626290763
                 -0.30061272643116054848
                 -0.27008412075451271317
                 -0.00435354048947869231
                  0.43364430437704987176
                 -0.29471007118462222429
                  0.20746299175381571755
                 -0.30822410906342395664
                  0.08601152328909690559
                 -0.01022211219310390287
                 -0.35453497018600155233
                 -0.19638090280864378689
                 -0.20376161761119013227
                  0.14313448786323434980
                 -0.31565408771345426775
                 -0.24091488247138886925
                  0.14624306644579657122
                 -0.16473255513213785894
                  0.28026047854692837102
                  0.06840850641404198906
                 -0.03753674521837991468
                 -0.19339882292309892864
                 -0.07116681304791780405
                  0.23556466110816362547
                  0.08389382122047744916
                 -0.18281616528714014769
                  0.28163890770977151323
                 -0.04420635332134917328
                  0.18893460244060339415
                 -0.01855859321677128318
                  0.19539473326638409634
                 -0.04124695300235720757
                 -0.43015468612694690576
                 -0.60241270269234237222
                 -0.06028617728503632422
                 -0.10290797571752959005
                 -0.09320853448241664396
                 -0.06893121838706843529
                 -0.10141674869387856672
                  1.25302289208710204704
                 -0.52629123154424062303
                 -0.32806419426549343621
                  0.35108225128675113469
                 -0.13802175920395562403
                  0.34471219795755519977
                 -0.02856834214450844692
                  0.44741105558199983916
                  0.54443894301491801979
                  0.06394717115138703889
                 -0.05694169171592663309
                 -0.31883278903393019732
                  0.03138088330775835877
                 -0.61618541534493986855
                  0.24480897736727430525
                 -0.05152137881957098015
                  0.08051480969514795971
                  0.05300366340926748743
                  0.31770331161379156137
                  0.13372191941521771597
                  0.08076613993914562306
                  0.65698611015725727480
                 -0.54669132819498100773
                 -0.62442741216211750110
                 -0.66213629021122588636
                  0.43859074075840304152
                  0.27234912372096670152
                 -0.02102772066464475217
                 -0.66946930128748372013
                 -0.21594194817363393524
                  0.31507072685960535452
                  0.14896236702780885075
                  0.21930832976738368068
                  0.55217408489172414843
                 -0.36789857034213913067
                  0.17549769509514609456
                 -0.28716608738250115618
                 -0.02841986027028932035
                 -0.32616160179821224174
                 -0.38716431113693439148
                  0.22943342555084281220
                 -0.14516474503147830388
                  0.05188168736288639032
                  0.21913080595595757494
                 -0.18745097322468151635
                 -0.16883080628374200205
                 -0.27182307671564703844
                  0.06632145294537018787
                 -0.12054035181624929429
                 -0.01214226991537369418
                  0.08282231098026225646
                  0.08121716998987152381
                 -0.19397231560505359682
                 -0.00071133824072328153
                 -0.25862543747447436226
                 -0.32811446887157169616
                  0.24290857593325257402
                 -0.17764601586791536891
                  0.02244472543251310043
                  0.12828793673450061830
                 -0.24854787397139749272
                 -0.07667999629499569481
                 -0.15856892112509610171
                  0.07009878629886419354
                  0.15641922713738429240
                 -0.14128100135954699268
                  0.30646874344037067228
                  0.40120189309391579568
                 -0.31466020798864741126
                 -0.05632893183460286474
                 -0.53870747614450198437
                 -0.07261212964434654582
                 -0.11287839815842963531
                 -0.21861233257733808655
                 -0.09499829284062948076
                  0.02613932398723533765
                 -0.10905266458470735946
                  0.08722512444141969357
                  0.00824268174293425401
                 -0.11293748882629525698
                  0.09076313000391977859
                 -0.27477534629176403325
                  0.10842031671762503153
                 -0.48801145456654260180
                 -0.12517759307342329889
                  0.15641281478083696177
                  0.11305918991912670968
                  0.14306606294146456682
                  0.11069679459478687367
                 -0.01171070331911985840
                 -0.18003817839185579097
                 -0.59905420655514218797
                 -0.09442303011819629111
                  0.20896838541484874519
                 -0.16814620010621503243
                 -0.50552990661878283163
                  0.06588202471731799403
                  0.49538391157812300403
                 -0.56207658131839222104
                  0.09443670870449388799
                  0.06495053184959859172
                 -0.00543287102557848955
                  0.25261007997432366468
                 -0.06479025295520229877
                 -0.02388919103076141831
                  0.27152016569990838901
                 -0.03895841508421118982
                 -0.26091063855538032534
                  0.08333512864901221340
                 -0.10602602997624083203
                  0.13927884600642634338
                 -0.07018999244513128566
                 -0.03126521667944840571
                  0.34261584790534183043
                 -0.49373542251470597941
                 -0.02693653503398232493
                  0.11687864084119192754
                 -0.48746662204906493487
                 -0.22143975027790099852
                  0.42193719426138470707
                  0.15549792716303412199
                 -0.12219993907520637633
                 -0.03567993945914946924
                  0.12494290277456206184
                 -0.19002666510965893210
                 -0.18398470133207275867
                  0.07062257438605311355
                  0.06909770954494549866
                  0.68958074430527738219
                 -0.24684597913339348385
                  0.32811351686832829211
                  0.11868675332166557512
                  0.22680973447573107848
                 -0.24982461358899804571
                 -0.22072418808939858748
                  0.00725278819313365450
                 -0.26065926629130042880
                 -0.08228511427496874864
                 -0.10938950641154855659
                  0.29899134339597999155
                  0.41083752028145098523
                  0.20216170314429621202
                 -0.12358831097580431913
                 -0.14841911171379496004
                 -0.13850152195044979075
                 -0.04251344758659474782
                 -0.12106126959060434234
                 -0.33604113610389191313
                  0.31122647537552999841
                  0.22067667776456734163
                 -0.41200497094936588960
                 -0.16890235552612573033
                  0.45884872992118952428
                  0.23849012769396302214
                  0.32088053442819863825
                 -0.01962046101205718734
                  0.24466204794155338442
                 -0.26195194256907344821
                  0.11788990011363607857
                  0.14491153317629343333
                  0.19423033757150545697
                  0.35954613093702431081
                  0.15775402839864838267
                  0.52610436706467988976
                  0.09993065310674235924
                 -0.04194737371074067078
                 -0.37144826496955801742
                 -0.06159531960027303521
                  0.12993711674533445222
                  0.16394808454659168251
                 -0.11110810992202051206
                  0.02437824158082963974
                  0.70931832211465106752
                 -0.28667645433434824076
                  0.06588787677482207950
                 -0.05651442091818457275
                  0.36210393213726638217
                  0.02051943761458609530
                  0.33754292937345858894
                  0.24365811888443855704
                  0.09282951001453837447
                 -0.00682318296452499602
                  0.36827302451756371848
                  0.20209386732992976055
                 -0.14948699996217851282
                 -0.05430210953735332274
                  0.27883900140276468571
                  0.05442690023065391985
                 -0.13949215526490563177
                  0.51340360550394503747
                 -0.23457538428577046075
                  0.28353323737290886397
                 -0.16855330291784753616
                  0.07504090632949471373
                 -0.26080440786941394560
                  0.16444415489062808033
                  0.07371306424788186262
                  0.24022850432891254546
                  0.07540076032975742693
                 -0.04345734498760768505
                  0.02600003861835483571
                 -0.43869486540734442537
                 -0.45698492603593804384
                  0.23128504181341269508
                  0.28828652916498542780
                 -0.36240265853412734209
                  0.15726172015354061839
                  0.13760885665775596243
                 -0.23198402798603492969
                 -0.06018240818756259713
                  0.12944964243127474179
                  0.13639724912679554447
                  0.10268191235424013741
                  0.49341037147837824017
                 -0.15255531243643061234
                  0.08725951684556387811
                 -0.00347103194467246251
                 -0.11664762836049279160
                 -0.11963955369383605376
                 -0.04414071114861414791
                 -0.22726084908797469786
                  0.30736854299802229828
                  0.37698603234736277612
                  0.03735706809812681245
                  0.53918157295071822421
                 -0.45564272777438907802
                  0.03362985137930937091
                  0.13808533345953918903
                  0.38250443906447778586
                 -0.11831292316475877646
                 -0.26230709078531855294
                 -0.23047085921308566037
                  0.00613426910539976045
                  0.16759245134910971675
                 -0.05427137130066336107
                 -0.34943989623839866177
                  0.12441047511153388583
                 -0.13117025162343398659
                  0.12368088020389629567
                  0.13525138927422389323
                 -0.07509023882168941455
                  0.11335346606442991968
                  0.25145390962505215215
                  0.36097407728362029822
                  0.22129522792255584829
                  0.41485165352026420749
                 -0.24518270081846535446
                 -0.26768943991458449272
                 -0.13119503377256250265
                  0.04875952721478010732
                  0.02298290777068705271
                  0.18843949997626061044
                  0.41437150659695354271
                 -0.03462936526082627253
                  0.15942030371742654804
                  0.21710556487183615970
                 -0.35617337469644255732
                 -0.29514898644730197530
                  0.02130606144987842038
                  0.27155234629588864692
                 -0.20698974983389423210
                  0.13350105726425279262
                 -0.02570526045305650611
                  0.13997349975081427309
                  0.18787390706988493783
                  0.15981812352253388365
                 -0.36140520362509653829
                  0.30518098948173100204
                  0.02595370409145529578
                 -0.32507314288530647639
                  0.14854853490499486668
                 -0.23923643835814334402
                  0.09127484680865667610
                 -0.03849735896622902970
                  0.19152968768349989959
                  0.03097291199877895071
                  0.51233369273588735826
                 -0.10301077032551628210
                  0.06308951542075298680
                 -0.18641121185368778046
                 -0.06509277150109163412
                 -0.18107620980042721248
                 -0.01037416435277119416
                 -0.13076749713480143034
                 -0.18056469047183870691
                  0.02734936922912983154
                  0.14502568416291677922
                 -0.03141985742873679155
                 -0.39459826000509901078
                  0.20079900033259737158
                  0.35355691169178349309
                 -0.31269277900502323586
                  0.18690122888155255576
                  0.01926925996754986353
                  0.26039176172075556570
                 -0.16226257415545580765
                  0.18754644048438479098
                 -0.08643860747867694594
                  0.33794182616213419568
                 -0.51299392628888818013
                  0.03312094154629326159
                  0.31330236335164535211
                 -0.42824603579253711638
                  0.17332252876173517842
                  0.13369887996835763677
                  0.31643359219782213332
                 -0.32378996662921943894
                 -0.08501262067987405691
                  0.29802265843225339559
                  0.16757460790655778760
                  0.02234673387846106835
                 -0.36844167581925268973
                  0.03889469039561829072
                  0.03281214090023623631
                  0.42721764193128464182
                 -0.18201218962236218046
                  0.26200469477463333989
                  0.07273300382886216386
                 -0.14097083943412197504
                 -0.13197559547786169576
                  0.03732919213057336177
                  0.02840064955854065126
                  0.08501021622818349943
                  0.33550983803212447443
                  0.45774515943065868795
                  0.28706669101996085125
                  0.01972351360067253062
                  0.04539579040372106883
                 -0.05783645608149338979
                 -0.13504769360731486150
                  0.26293923081591114022
                 -0.16837488152670745944
                  0.23906341176913739610
                 -0.04275037844318629876
                  0.35442913509955548124
                  0.32445275906294779311
                 -0.07899327001069167409
                 -0.08070287943660141294
                 -0.11320110633377628018
                 -0.17084192905319600664
                  0.16904800952483903242
                 -0.15833646563198625068
                  0.12290257293609131717
                  0.25709455735770436746
                  0.13872657236749436072
                 -0.21049328294495581182
                  0.07607817454232948529
                  0.16216866225522530431
                 -0.13967855210457028048
                  0.44917397571103229170
                 -0.51963351340177088566
                 -0.05722597374233698297
                 -0.27159672096669690289
                  0.12252503571864112319
                  0.14480628767332942575
                  0.05943661533690087345
                  0.05047974881086224330
                 -0.05520538791442371196
                 -0.03724482066371613553
                  0.11514483832637621707
                  0.09900628698651257886
                 -0.09889089769399984908
                  0.23208890987874775114
                 -0.02398408539504744141
                  0.25352914639601248359
                 -0.15501784801237647460
                  0.33949366724839719067
                 -0.34319459254037099072
                 -0.43748102205260258613
                  0.11489816674614120040
                  0.09604131382518656113
                 -0.50789229605424157654
                 -0.26835692863593474389
                 -0.10438733735776159484
                 -0.09452504610218656622
                 -0.06576087069034758370
                  0.59030617651340266949
                  0.07703570548917552940
                  0.13074363244927772465
                  0.02442785500645081737
                  0.27640499913568750134
                  0.09736196288471984928
                  0.07525297419286805511
                 -0.04076091754931041727
                  0.28139369993960317018
                  0.02544487383382885992
                 -0.14790140252200104087
                  0.09781489496585650534
                 -0.04575118714069521808
                  0.25701672105198464235
                  0.18261907149151040963
                  0.56192513508313912673
                 -0.09137619221872503306
                  0.01259777326121261018
                  0.15742981095868197050
                  0.32621909526700232362
                  0.34036761626499084654
                  0.10308229131783841481
                  0.34333442092080901364
                  0.09710755056777134464
                  0.28411268026996600033
                 -0.00114692983584001752
                 -0.40971138277922447557
                 -0.42768639033214533862
                  0.13421598184596328363
                  0.30020723618845118752
                 -0.17990348619637006045
                  0.17724547094271253522
                  0.36519683629918103795
                  0.05392021678933159312
                 -0.09535281266373374365
                 -0.21127786345472149288
                 -0.28127875685237269110
                 -0.24163633789805075147
                 -0.01943828343913513515
                 -0.02470174385270207731
                 -0.20108114169151031225
                  0.19637515219585366388
                  0.35301928156714829088
                  0.29198465399765954897
                  0.22565204312001055365
                 -0.14662100631464825007
                 -0.30937157257884762007
                  0.37529534989530521916
                 -0.28203650603435953537
                  0.34732175966528733291
                  0.12595393182860803449
                 -0.17369953150287470445
                 -0.34225166852683458485
                  0.25853239455364679378
                 -0.01633161368153232540
                  0.25144346754291702073
                  0.09196949419731388631
                  0.54970128145013219534
                  0.03450519353149742591
                  0.34862271876345785060
                 -0.10029461684235006780
                 -0.36395384542308467646
                 -0.03644930765621635232
                 -0.28321257450189435412
                 -0.03862310593655554625
                 -0.02022669448724781840
                  0.04396710921689234858
                 -0.17034676986581567815
                 -0.15757004307244767971
                 -0.03149938833021927870
                  0.09444533280930142438
                  0.06786772691349450548
                 -0.00063745047535526678
                  0.00180051912226590269
                 -0.53648755154708083204
                 -0.12770707669120207051
                  0.36618561806426225269
                  0.29856143118047306917
                 -0.08734157972690485827
                  0.04320479020841799800
                 -0.37497560097326504414
                 -0.06554108142741153775
                 -0.05598851432364191499
                 -0.74379376528137375324
                  0.32608263388738789601
                  0.48079949212278566550
                  0.31924329486620178775
                 -0.02859849364621297463
                 -0.43560644028047440512
                 -0.28466180929931600430
                  0.06056434089289169237
                 -0.15444198892149776925
                  0.41318868034239075726
                  0.41460297166281356862
                  0.15761878358693548474
                  0.21054153794298530178
                  0.14014255822626389691
                 -0.07426007322968392055
                 -0.64228125647606204573
                  0.02738222755107823370
                 -0.40807969307476782417
                 -0.15130366690510002603
                 -0.16007154327530020987
                  0.19001739534731004744
                  0.21568757191886303581
                 -0.03578523327968717582
                  0.04959342992827112800
                 -0.10277902764491050891
                 -0.09066389218070539102
                  0.21980974057267693711
                  0.23251112519572800230
                  0.11123474178927200695
                  0.11353231352311446423
                  0.29200854842272444545
                  0.17099819942150160101
                 -0.05681684457900804813
                  0.15986192655275055508
                  0.17864549809428761917
                 -0.10407341111379039833
                  0.03366165446607495559
                  0.09672037002010601403
                 -0.18306689519667815325
                 -0.27044853997285084324
                  0.32704621624304819338
                  0.11461756178673127016
                 -0.57326095682333699788
                 -0.15908202009597535720
                 -0.26361348271020851319
                 -0.13233756022147522002
                  0.20530653243305824196
                  0.22035172036063127576
                  0.17522658574112445762
                 -0.11632056394506892771
                  0.06245910304115898093
                 -0.05736850357099707726
                  0.06517654111108933668
                  0.11308249688665612809
                 -0.04684047448647665757
                  0.14528082539219527858
                 -0.02288401589622807847
                  0.06173206805401778435
                  0.12415587015384955960
                 -0.15020442760712982011
                 -0.12691982195103060360
                 -0.12189028965543464988
                 -0.14270974200222386052
                 -0.13521558485829943130
                  0.11821529829137628065
                 -0.01128925680594351603
                 -0.06242290067510833373
                 -0.03374118200600707829
                  0.09973774907610868934
                  0.32992007275603990601
                 -0.10153173045976324196
                  0.12312212059311263002
                  0.08915181404050437353
                 -0.09370689577461729924
                 -0.36646509206653654633
                 -0.25194867189160141674
                 -0.12098041651211793868
                  0.17483694356432874506
                 -0.39100284726241074651
                 -0.10158917230847956670
                  0.10634727775716770748
                  0.17044128147080614410
                 -0.75734629780012796552
                 -0.17580753961190923040
                  0.13316891211007408913
                  0.10845101233590369316
                 -0.12148263562341406196
                  0.12327408686619333034
                 -0.11845432278564387019
                 -0.09953226747349615267
                  0.44156937002878293708
                  0.14992048949052361184
                  0.11323029199293743741
                  0.08617371706017860900
                 -0.06301348472095325004
                 -0.22165162862115347919
                 -0.12451566176015839427
                 -0.04044858471319551924
                 -0.31504962394054825126
                  0.17263996731231279202
                 -0.14176050747202997848
                  0.31564189794515601362
                 -0.34075870140197672686
                 -0.17914652856709326056
                  0.20887512260204613157
                  0.14130251496418091972
                  0.36116158058588671009
                 -0.19697966849861006655
                  0.39695406002913141696
                  0.71621257742948118974
                 -0.06628511948655400887
                 -0.20582848681771806487
                  0.05325001122685384114
                  0.66208119112970909015
                 -0.45263314951993199875
                 -0.10826040165530270709
                  0.30487415608747930884
                 -0.13086579045681415168
                 -0.18091223237774983756
                  0.10274003297862782658
                 -0.19183992977692312931
                 -0.30511951717289420571
                  0.10469892252016269052
                  0.63210674154725965401
                  0.06780649069105434967
                  0.66099559076803526825
                 -0.28125921875732373678
                  0.15766748465244762034
                 -0.26684344911090779329
                  0.42490851076051611157
                  0.55831325027561096164
                  0.12345507391958021604
                 -0.03454327367386563624
                  0.37229422674370682422
                  0.05011473966866836910
                  0.83091582829194765569
                 -0.24829544228885971902
                  0.63550008708628769050
                  0.28963520548491900053
                 -0.08835345105817875300
                 -0.00231100429326349570
                 -0.50934400790718048491
                 -0.14413283899146933642
                 -0.37344356881025903006
                  0.39779790321045011003
                  0.40731359092840363489
                  0.21543748830850520393
                 -0.08184708018394790119
                 -0.45811998830490613388
                 -0.27207749228118621732
                  0.02401601660281418166
                 -0.10350733165680020553
                 -0.26574539515526307554
                 -0.28338657858659316302
                 -0.56434929823135937532
                  0.03384904450339582677
                  0.05152117345823907513
                 -0.13288520493241534615
                  0.04900020911398523388
                  0.12315521230271225805
                  0.06862855537310555420
                  0.30546450003394165496
                 -0.14557915027348006243
                 -0.45390212510500571597
                  0.22891776064337671093
                  0.16502341372433787514
                  0.17185240774136778530
                 -0.21006445070629686800
                  0.05272009676944751366
                 -0.45905728057508587980
                 -0.07800615034192655284
                 -0.27242650665986489766
                 -0.30591716127739837505
                 -0.26520780978918978565
                  0.11393833369134062639
                 -0.45632323143623471084
                 -0.13739987500540495891
                 -0.72065272967051074993
                 -0.52863860784207838961
                  0.49674997373598434036
                  0.27831351545537319492
                  0.18454704970972485301
                  0.54594336370272644743
                 -0.21963668258076929352
                 -0.27169398645879955234
                  0.23750591698624204384
                 -0.18019105104286198271
                 -0.15174472224445714752
                  0.13681937151281589604
                  0.15361046330787031522
                  0.35902628344008735706
                  0.25263537092723631350
                 -0.49715554984539833683
                  0.11280442614163137260
                  0.14854500250679153472
                  0.05474919400741814351
                  0.15971503804094819290
                 -0.03309777227172750608
                 -0.11439836826845056761
                  0.12280115779401727660
                 -0.28586315084180952129
                 -0.10027088549017143526
                 -0.25516971404615373942
                 -0.45607948326089886582
                 -0.29818319506289314713
                 -0.20257549735201069163
                  0.02467674368457078299
                 -0.26573042349118813910
                 -0.09767089636104658856
                 -0.24209301614602429797
                  0.36674596062728248569
                 -0.02359031830288017828
                  0.37124836602483302084
                  0.16630334616050262975
                 -0.30118672821256209371
                  0.08677708892517874140
                  0.01030842942076224192
                 -0.05074981914264423827
                  0.11366652276275715505
                 -0.12557476533987321776
                 -0.04527603832772814085
                 -0.00675892019837377907
                  0.06483226655535873073
                  0.12958514713822327780
                  0.40586938634617703014
                 -0.19482409663902300334
                  0.27998733071804099426
                 -0.26641348760234040416
                 -0.01618639198454706676
                 -0.34415670188173191901
                 -0.03531697802628542410
                  0.00687916308225763797
                 -0.48273058138056668120
                  0.25090648883971927718
                 -0.02036735166454451199
                 -0.17817027139648075607
                 -0.25734571318865229195
                  0.00690356679546303559
                  0.27369313143909679287
                 -0.01996867521843391502
                 -0.32967077935218497275
                  0.39832634621876916725
                  0.23030176737014071420
                 -0.15083455737841799937
                  0.28017667385110472944
                 -0.03904547531900468688
                  0.10944141212299315913
                 -0.02658543190414206295
                  0.32077033760182560584
                  0.19137571663605815186
                 -0.23209120977416347609
                  0.20022486011933873784
                  0.22906420351322151485
                 -0.31922687682580996871
                  0.07981212854886696184
                 -0.14429057627229913141
                 -0.21077197266875066783
                 -0.05124664194171377890
                  0.19148059095477132363
                  0.26650604598331206763
                  0.08285058669426054179
                 -0.00517579318273808306
                 -0.04693313587257867681
                  0.01898483657192391594
                 -0.33878500837982056249
                  0.52374766038654629874
                 -0.22452020461189864386
                  0.17935013076562922318
                  0.07936156475322905801
                 -0.33482462826678716095
                 -0.11083845456844697297
                  0.36426688613178570542
                 -0.11769467375841302648
                  0.10370962449008605533
                  0.09242923444974718294
                 -0.24109062295319638736
                 -0.20171830598881176910
                  0.13044752975552384444
                 -0.39667911457842286449
                 -0.30685679637959795141
                 -0.17041627372094514392
                  0.03637183296484909623
                  0.14035146245056809300
                 -0.05268217931159981798
                 -0.12548626353169467507
                  0.13960657086943314975
                 -0.04659257199993144249
                 -0.11545516073387543377
                 -0.40321785396760340126
                 -0.41070148962898900269
                 -0.30324409985870087736
                 -0.22181798422416285077
                  0.43712341737827342669
                 -0.45552616054404626578
                  0.17732807996326499511
                  0.30813523733456704701
                  0.45620704173118126201
                  0.22512138830870068174
                  0.29545482042537823952
                  0.13416271356844305940
                  0.15011751787439742145
                 -0.03427209130341257043
                 -0.22528107958143539502
                  0.29351437371562005829
                 -0.27445558539725845026
                  0.06905976419563550350
                  0.25961452974513504754
                 -0.04139819231555080803
                  0.04301918654492056099
                  0.36477404332050361591
                 -0.35721839780488418015
                  0.61424495503510068151
                 -0.04561065320752345081
                 -0.07784255748953196330
                 -0.14507112433435745413
                  0.43129792459831595153
                  0.50503349323326585107
                  0.50117581409513056734
                 -0.00090003967707084995
                 -0.28646372130979247395
                  0.01676222731990028442
                 -0.35603682214613208146
                 -0.08358010509775741503
                  0.18912473530469831040
                  0.12086362864562173736
                 -0.01673673414104682317
                 -0.30983577640257137231
                 -0.17802820852816342301
                 -0.11040647906698175529
                 -0.01383544058412146914
                  0.09762711730443270064
                  0.27711449425112821832
                 -0.15097635083075688911
                  0.18632489244920885652
                 -0.02749640183334219751
                 -0.03759877626561078379
                 -0.10938813642550519745
                  0.17599375088665977773
                  0.08126425293525213478
                 -0.23640606032890065791
                  0.19565458826060644348
                  0.16236008001931767630
                 -0.28431729459548998884
                  0.12627144446592425409
                  0.05570490861530565802
                 -0.10162918653601200891
                 -0.56999589339991241221
                 -0.20348069488602088528
                 -0.63898945858032019096
                  0.24123359933677276934
                  0.01379932699661827813
                  0.16377022191371376492
                  0.16751947169051076281
                  0.12441773177472151279
                  0.10471072289806601652
                 -0.11647500784334476054
                 -0.76825324898061408962
                 -0.88585920162182818505
                 -0.29447160374724828946
                  0.36811184119617573751
                 -0.10084793150528822969
                  0.30699880856903533077
                 -0.05087337033771070077
                 -0.09188054626438098282
                  0.14629536695585057537
                 -0.10729169291883593196
                 -0.00723169946922523101
                  0.14576458827946345287
                 -0.23495384152980067216
                  0.01864238937506063412
                 -0.08162968129637797332
                  0.00490878793053970731
                  0.10211934491923184420
                 -0.24525041136283065590
                 -0.02947706369320497385
                  0.05815100710138870060
                 -0.10902022137644500066
                 -0.17907570645336490234
                  0.00499233780500556081
                  0.14791038930213798452
                  0.03048210331445250568
                 -0.20215112343729460531
                  0.90196754763044351133
                 -0.09706877773933653142
                  0.20875074599712323264
                  0.09084105299631366204
                  0.00440296798243992697
                 -0.10123706671169047100
                  0.29799654820771009911
                  0.14105992485844304207
                 -0.24885402731884900818
                  0.20302403174704614086
                 -0.22587643322201067519
                 -0.07724803418378134445
                 -0.08278310338970951143
                  0.14745584411187526164
                 -0.10923782798955153361
                 -0.22265422222361985760
                 -0.01807568336462285138
                  0.20170037801904039387
                  0.16323508117330162714
                  0.00971979514827755325
                 -0.27297160754934568505
                 -0.22502849567223515148
                 -0.32824244060297547154
                 -0.00347291347982746574
                  0.08657045391740150753
                 -0.48130182544361627128
                  0.36826536982544666454
                  0.01362833967979050487
                  0.19110304694146776350
                 -0.14326865308995390125
                 -0.07890143122276208065
                  0.09286846408663983199
                  0.03540726806399673021
                  0.27093178684542773560
                 -0.10891010115061793007
                 -0.07867085939235829439
                 -0.09510970931217743729
                 -0.33930396236295745638
                 -0.29894363597719447734
                 -0.23525482693297070091
                 -0.09742197468690730333
                  0.29421324369311024904
                  0.13087096741554293811
                 -0.03170309346643478132
                 -0.57055579437704928569
                 -0.16675679427842476921
                  0.30015545413309346889
                 -0.23772625939532995853
                  0.06214082522179328882
                 -0.31228096821084089241
                  0.34790858538135549516
                  0.09485827518628990596
                  0.11971083648219686679
                 -0.15982011173140642235
                 -0.32101389090083537470
                 -0.29695378234349723012
                 -0.36355958613405309210
                  0.34975780424705099625
                 -0.12454620714320019381
                 -0.25993297317486308007
                  0.17167317730116582464
                 -0.01645679871662363361
                 -0.05796688042465132640
                 -0.05010386846278291895
                 -0.21083879424036908179
                 -0.32461533494806138478
                  0.40491343059022744111
                  0.00234743078444495969
                 -0.20511332798128154020
                 -0.33874293825760148913
                  0.05890940414792777274
                  0.29203070471579484213
                 -0.22190053934650191825
                  0.00873118455587992663
                  0.81104109331807572314
                  0.66610382480087049206
                 -0.17633355740732079009
                 -0.48410232192293156661
                 -0.13293724490592018217
                 -0.73933616934203161275
                 -0.02063053513147105125
                  0.62215687780275463759
                 -0.18675115330432154326
                 -0.38407505279910519880
                  0.35533168713610074896
                 -0.42161423645624168666
                  0.15184111347519055335
                 -0.03036887848065900758
                 -0.21134125452047095028
                  0.30816628912579790978
                  0.13987124371119918909
                  0.03006897443785271767
                 -0.56897037695433672067
                  0.13292151645085720224
                  0.34590607368727344095
                  0.10704695119034421391
                 -0.25830277138267937476
                 -0.30129901025317618046
                  0.03495255081865466379
                 -0.21138718134991807407
                 -0.40491828616699382382
                 -0.08381752321974156317
                  0.07279146720861411068
                 -0.08157411322956371891
                 -0.11721584171743032465
                  0.27172506269974905369
                  0.22621908416134806075
                 -0.06396628380683951065
                 -0.56337035698621806823
                  0.16910724276037225611
                 -0.33134376767541418030
                 -0.30210543628334196598
                 -0.20279857168130888123
                  0.42190716914107839752
                 -0.30345393800910713811
                  0.03724958864806061226
                  0.20429573456070626580
                  0.41604471066581005800
                 -0.05384757882438309662
                  0.00085207857896401045
                 -0.22711343542802997497
                 -0.02165926489939213467
                 -0.69301671977420653548
                 -0.21901112833609623354
                  0.10662430340353665215
                  0.01372509598946927700
                  0.12365173805780767247
                 -0.02214384736012644378
                 -0.09868907230492596216
                 -0.19227423667074408642
                  0.29167325436986685228
                  0.00480276298060483900
                  0.28896762377348789164
                  0.47626928774061016991
                 -0.34038861231701961207
                 -0.18177335784353984560
                  0.11125779731181512089
                 -0.15065503939568694602
                  0.33649249221978083657
                  0.29390631780880938084
                  0.12498594032549126265
                 -0.29234826264947955110
                  0.67285876137371170014
                  0.51251689614083861812
                  0.23462489287021831563
                 -0.08936760299283903752
                  0.23049986732873653517
                 -0.21166598290471058674
                  0.01328826878071405655
                  0.41943222321381112838
                 -0.01416268573099481454
                  0.21532407341071893581
                 -0.20300384287661354943
                 -0.48936008359373622811
                 -0.24899069969612658282
                 -0.08867574278664987208
                 -0.01401037876096308810
                 -0.11195054004057482244
                 -0.08830963490781110203
                 -0.21392764522380830483
                  0.15341470966814776955
                  0.61186140881555894921
                 -0.00040725725604748926
                  0.41987304765168309562
                  0.16506252784612804319
                 -0.04819208741270819552
                  0.03166025320405656263
                 -1.05259215060285371557
                  0.16576060438062825697
                  0.60731121283205646844
                  0.85618357553562440820
                 -0.12890879888321304936
                  1.13352111178603998098
                  0.22073866429233399145
                 -0.26200730658240795057
                  0.06752436661806499041
                 -0.23597029945652128746
                 -0.16561522157523475562
                 -0.26929162173113729839
                  0.22256409594141079999
                 -0.58491357576880631530
                  0.07497330537820010021
                  0.05399244152589940948
                 -0.34671721818310741181
                  0.16093610534446836646
                 -0.24592334027087528470
                 -0.19554617380381811298
                  0.01320210913518266374
                 -0.39584101941831401072
                  0.45869217602497380781
                 -0.04724434434254028148
                  0.14645604249895710636
                 -0.41243620180854212443
                 -0.56181463382022556186
                  0.26319659684563961877
                 -0.42129176708846505228
                  0.04432030739133467623
                 -0.17810689659361256254
                  0.86674008443123140566
                 -0.42445749041651636979
                 -0.18214184260263188708
                  0.40078266387937694359
                 -0.82951655313541317049
                  0.24066346792877610361
                  0.08899644161429828837
                 -0.44499353877853958794
                  0.10043002579140984654
                 -0.09582645558823638110
                  0.37155841165908348733
                 -0.00352661234659147615
                  0.45340453164962518651
                 -0.01175980298983603754
                  0.41051213254000101793
                 -0.29743462855786861887
                  0.45928989915994006266
                 -0.07941163391362229818
                  0.14406810002352485323
                  0.48848086010144681213
                 -1.84927327520588025145
                  0.98986562572323555376
                  0.15026011979451417422
                  0.57348724666152206542
                 -0.19489049532947361199
                  0.54973334987564448362
                 -0.08559180149891533473
                 -0.18950586547022985062
                  0.16835973173334772834
                  0.00623997434698442613
                  0.21578457862221198105
                 -0.03475976410449566761
                  0.44779754247979491888
                  0.41757220786987836458
                  0.37432561125587809903
                 -0.72832640187827291101
                 -0.06680394415573964739
                 -0.26466371448896836016
                 -0.16935755405212241098
                  0.26815609947642343736
                  0.43166741148203491285
                 -0.09323624266084533374
                  0.11544490098797596800
                 -0.33598429099683840837
                 -0.29219288940107979169
                  0.00759105219621403204
                  0.38697506732983671940
                  0.39705529311914478097
                  0.45398282623299529570
                  0.06518378838670102482
                 -0.52326669601091935213
                 -0.12913660182030270440
                  0.18355422660093298481
                 -0.12654915099984712090
                  0.30686396477947397443
                 -0.15037034280821642840
                 -0.39297820531265265087
                 -0.12102280593067205050
                  0.04084126821424432369
                  0.07563989086693032049
                 -0.11723554467074689955
                 -0.12859828994185942830
                  0.11702233879739713795
                 -0.04651073684854125506
                  0.54753609988995832758
                  0.06443396952574372005
                 -0.52779700371187843189
                  0.40319713291299147384
                  0.17352657790287287498
                  0.09242202642424103554
                 -0.08142311795759216153
                 -0.15578541271411924796
                 -0.12002671808226390848
                 -0.09529306885298111096
                  0.03819606876501752124
                 -0.10152203135088297414
                 -0.18134543631284405496
                  0.99302622622924108242
                  0.00419953358784245362
                 -0.32607023449801925130
                 -0.06847559365168007228
                 -0.27589178701077371469
                 -0.17545278135831079980
                  0.04824814351390240008
                  0.08438818907312672923
                 -0.37574101169780393938
                 -0.24121127212503976067
                 -0.41488374872562910900
                  0.07964609713269751867
                  0.13724941823846245614
                  0.01001218087020894557
                  0.16492064965287475675
                  0.07780031210001281394
                  0.18333066240531070701
                  0.02830400944078477476
                 -0.13220876427444386292
                  0.35708737381658156584
                  0.02667348271241295685
                 -0.18300573926859345364
                 -0.01463518117030706937
                  0.02140788507777007313
                  0.09939570728117606835
                 -0.28075892353466430640
                  0.43881104593707181971
                  0.05420254976753048626
                 -0.13599770468649569066
                 -0.17979498129409127172
                  0.39570559063530225119
                 -0.21183507207740356892
                  0.38940316617944498168
                  0.24448066867265166868
                  0.69408618349068162967
                 -0.01854555207261021632
                  0.01750965354027270507
                 -0.74048632418970627977
                  0.44657103732547726027
                  0.02848445721716359041
                  0.30231038425798367753
                  0.55611990542881450938
                  0.09705098440489837164
                 -0.04409661269738862632
                  0.09688073821034717814
                 -0.15175014231945155307
                  0.01938841176297404975
                  0.15899475113028899154
                  0.18825764948188741799
                 -0.15218038039350170743
                  0.06510973616711601686
                  0.28713386276439439859
                  0.21765720032447596899
                  0.28622976001456318373
                 -0.28449297788555322208
                  0.40981051040249766304
                  0.12155230308508518933
                  0.39505862373712336000
                  0.27413093189705278752
                 -0.38917377473401415511
                 -0.21958877133688431416
                  0.04784770217181410351
                  0.30097382345954232230
                 -0.12959662510955136105
                 -0.39157542456630684002
                 -0.06475786731774788030
                 -0.27163696686449750883
                 -0.03655946612893858777
                  0.34168360897012162170
                 -0.25255836126064795666
                  0.09481643882767673559
                 -0.17442695348796696808
                  0.19910685146492176911
                  0.07677351451145879302
                 -0.05082908206016548830
                  0.12536634689302128542
                  0.56861640872893970400
                  0.17022208858984783086
                 -0.58907936676461103431
                 -1.23587765569844409974
                  0.69978088267475058171
                 -0.93818372015720763457
                 -0.46639529968354009881
                 -0.47455547984394252925
                 -0.43684201144457673882
                 -0.42942213374679449878
                  0.07067671975010976493
                  1.26143979667283501200
                  0.71796621750938804940
                  0.21523747887350025421
                  0.26963935064092159344
                  0.29636162001053001358
                 -0.76572068365533940693
                  0.77250726765467880863
                  0.25552054459330075797
                 -1.15219261005113748908
                  0.18160547919086114654
                 -0.40813255786682728354
                  0.44715444284333216718
                  0.51407975470347466729
                 -0.44859287264832042874
                 -0.27642241821298563220
                 -0.27633624707853560176
                  0.68755481659033468311
                  0.54876423262701456984
                  0.34881633256093702578
                 -0.72001285872288478540
                 -0.71539143754033474032
                 -0.61904085943357345379
                 -0.80393892243713460655
                  0.38498306948799920768
                 -0.29272258366075210034
                 -0.39806608261364168078
                 -0.50604661726807820266
                  0.83141488581625921928
                 -0.48589569230024376445
                  0.20392369360177389770
                  0.61605861010398499378
                 -0.58652327017823580046
                 -0.88000240754958314326
                 -0.92541735423056636911
                  1.28540106185306846065
                  1.33379088109945120877
                 -1.19455317485667977806
                 -0.91652083310053755749
                 -0.45329346828219890808
