9	2	1
50	50	
1	3101
  2.4977010000000002	  1.2462420000000001	  2.4927980000000001	  0.1482145000000000	  0.2935940000000000	  2.4828999999999999	  1.2462420000000001	  2.4956784999999999	  7.7500000000000000	  0.1574173150000000
  0.0022990000000001	  1.2462420000000001	 -0.0072019999999999	  0.1482145000000000	  0.0009830000000000	 -0.0170999999999999	 -1.2462420000000001	  0.0043215000000001	 12.2500000000000000	 -0.0010276150000000
                  0.43955264426078799467
                 -0.40569698980916679698
                 -0.35962341423158372677
                 -0.67178804407305081625
                 -0.07674701844555729957
                  1.34900353731226751997
                  0.22229616528018911192
                 -0.65292106185456877387
                  0.73757787387175055560
                  1.43249837230960497259
                 -0.21312414800578002860
                 -0.74554568640287821601
                 -0.47801627926946904656
                 -0.48513731696994283338
                  0.46899986084624534222
                  0.54366411769261535625
                 -0.33372252345584085820
                 -1.01171413732529003049
                  0.51155703719077139091
                 -0.71849343014586264378
                  0.29917926929758548171
                  0.58878322492060042315
                  0.30081085880268143562
                  0.64274531873080653632
                 -1.05186741026607766258
                 -0.86874787164270061979
                 -0.84311081371954754715
                 -1.03347541166070278074
                 -0.91983862846606101460
                  0.60280456513591862411
                  0.29116303737668003393
                 -0.68088441001805899422
                  1.08709325187316552253
                  0.11464619635014358656
                 -0.55177213217681020385
                 -0.50469581791124662473
                  0.28973077584543061036
                 -1.02165547372790954661
                  0.51663004142279589370
                 -0.16060083237678765555
                 -0.14889101026923484694
                 -0.63377638449606266136
                  1.34635186714551946530
                 -1.09519997043673433801
                 -0.38633359991518645415
                 -0.27425110532752261516
                 -0.81817525439228655504
                  0.54307984600474057402
                 -0.93839385508562167537
                  0.38609587120119603920
                  0.67604571717057515556
                  0.86989585821929937826
                  0.34730288969400058274
                 -0.80424103570497940119
                 -0.15133668921458504064
                  0.13803139684046070168
                 -0.00261942931839531309
                 -0.51681177412578072072
                 -1.17332234012923741773
                  0.26375061706972485753
                  0.42203794964164648151
                  0.93933973680752569368
                 -0.96337352423459643447
                 -0.68069726282155817998
                 -0.61847186325864134115
                 -0.18806611295217731672
                  1.29761564172304599829
                 -0.84963099850180578976
                  0.00825428643491863540
                 -1.10368803166621187728
                 -0.52245001058039908237
                 -0.06558204598138328567
                 -0.31419584286894780556
                  0.67539533638003457217
                  0.17327245093785814678
                  0.37054021292251809738
                 -0.84748459169469747554
                 -0.66900749921639601769
                 -1.23030803376782449376
                 -1.09221161340672701101
                  0.74013831468352242471
                 -1.17157082991899574864
                  0.19598131094969328814
                  0.69629880472380789591
                 -1.10540897039738794660
                  0.54317809599854860458
                 -0.64567624928865841039
                  0.15651313136709524287
                 -0.23410749417225137914
                  0.84356233198718955091
                  0.50830198321287101138
                  0.36796789800036072693
                 -1.03572813407872077462
                 -0.17779389700018061182
                  1.21796623360486488963
                  0.16261077193947623409
                 -0.01889167801977622435
                  0.43766075561030054475
                  0.91811447706807658431
                 -0.42590705332356953994
                  1.06829496310203975185
                  0.91730787905478272659
                  0.93326854045500717838
                  0.45973275043486849789
                 -0.27834271301510887797
                 -0.96468902579727877633
                  0.05598218434004988142
                  0.40985565557509118229
                  0.79192425863724158486
                  0.95628340611860396248
                  0.37551584115161706912
                 -0.99916172893802313038
                  0.67315809119207692390
                 -0.01120241961451952720
                  0.54557861597543233501
                  0.62833624363408013824
                 -0.79246837040139272990
                  0.89362107427265746740
                 -0.83501611797557906414
                 -0.16201752434076338583
                  0.22238249177116856115
                  0.09767147416347297939
                 -0.66893090941347121969
                  0.77396010205820653383
                  0.96235167789984032982
                 -0.58097043224980104981
                 -1.65527572083816298942
                 -0.52422656345197726768
                  0.04524303778822535288
                  0.91907127501972041284
                 -0.41578840657701232608
                  0.13190968260962035452
                 -0.48706806813169889470
                 -0.08459413699271221831
                  0.01799454870685468152
                  0.19783055562869733546
                  0.36438041609083837713
                  0.80336862621083093838
                 -0.08722715144032028300
                  0.18523138996262367151
                 -0.65080471677202844649
                 -0.97468656499811445748
                 -1.22916083395261099831
                  0.53209628637026062936
                  0.45768419009764271799
                  0.18426823299692401958
                  1.24678852767116854494
                 -0.43725909508490296007
                 -0.84719886477926620305
                  1.38395062822621173204
                 -0.00314370598175319794
                 -0.23538279460500727280
                 -0.18986531812745435777
                 -0.78390577930750415803
                 -0.05299975199983185392
                 -1.34735300387768508479
                 -0.30276816530897299184
                 -0.48655738150577076961
                 -1.35447413414072692639
                 -0.73600265714951584872
                  0.47170308119742315744
                  0.37174297595213939838
                 -0.24266950127318356878
                  0.06123867753115758844
                 -0.40997405478782544819
                 -1.07667233623353086891
                 -0.58845773608504226004
                  0.46742626774254736333
                  0.79434303179144694074
                 -1.02301286337659935732
                 -0.59074863881224493056
                 -1.08962448106322051800
                 -0.03730956936552693587
                  0.57773947891916987984
                 -0.63980143439574099773
                  0.69564688997846113594
                  1.19977315513800508739
                 -0.48581201972957493984
                 -1.12182283415480399391
                  0.23048776082976918378
                 -0.71769955954818664967
                  0.20149386719564990611
                  0.49209795737354855572
                 -0.99789582706928103839
                 -0.86922345717656257502
                 -0.82951970526190232924
                  0.33994431496994154118
                  0.96694804022196145787
                 -0.51755089908469575910
                  0.93070597115573638902
                  0.41836443583418980730
                 -0.55473373608330933671
                  0.50458246452767918644
                  0.99538997911804627527
                  0.94373598033339611835
                 -0.03932605595008715343
                 -0.94930251741221605144
                 -1.07372548405351131429
                  1.29526947527210478661
                 -1.14146127934288044159
                  1.11378083449754572420
                 -0.22629705404522687529
                  0.81876721944711594592
                 -0.25648087531863666966
                 -0.27469587323066674278
                  0.25353615144155655647
                  0.11749538390589242542
                  1.03176912930041386751
                  0.15912074310551985179
                  0.73178995319158079980
                  0.56753638141298756725
                 -0.90276982066308608665
                 -0.54217429631665969847
                 -0.80403657800010308598
                  0.09934906608870394673
                  0.39988081796568264448
                 -0.18892296480320822094
                  0.93071137714252094586
                  0.64757343048425597409
                 -0.83899196020788002759
                 -1.10478405147317704227
                 -0.07458671192285884488
                  0.26648200506607405691
                  1.08693158355146368699
                 -0.22031634829589610836
                 -1.15255033218927072092
                 -0.76927154643546646895
                 -1.16740752340836295708
                 -0.41047220159366787362
                 -0.23620774984383385853
                  0.36585299511882996004
                  0.43852206819974154373
                  0.28280855942041766005
                 -0.64018715214951305015
                 -1.03085610642826308592
                 -0.21995194708933246686
                 -0.78490571224770078196
                  0.97133259360118462400
                 -0.58621743087115285586
                  1.04602492289033732753
                  0.75410071707302595012
                 -0.17937107858097767199
                 -0.17170199518139986350
                 -1.45498546706327913647
                 -1.18105784971593430477
                 -0.20951434720957831659
                 -0.78678219396736515101
                 -0.76952639280908596842
                  0.38452452662521202642
                 -0.58213504452406628076
                 -0.76906757780000312152
                 -0.23564752310718475869
                  1.24688959361518425517
                 -1.07181564091716685638
                 -1.10819182885748057643
                 -0.21011777648026230825
                 -0.95296917970790051555
                  0.33642396823623482716
                  0.51763244197475399844
                 -0.22983088055129913263
                  0.30800727237368991096
                  1.10698319879490658657
                  0.11955768111380539465
                 -1.50913091175891445062
                  0.51627545302311739217
                 -0.59210175702845124768
                 -0.47683470052690407615
                  0.12933939076694120351
                  0.32837693566636722009
                  0.56410501410283886425
                  0.71418907047009605460
                 -0.33707076057030543881
                  0.74353217466759324861
                  0.86160973648640681866
                  0.69825460467275346499
                 -0.02861121859795180689
                  0.80572372971225747484
                  0.82179966318729802399
                 -0.32705647076704036369
                 -0.75367212670252636819
                  0.76689696429294251789
                  0.69609280516277538542
                  0.42248944105122054893
                 -0.11101555380399140416
                 -0.42676219138048770985
                  0.82163054691907833060
                 -0.44369911954386209718
                  0.74755013925304425459
                 -0.78112197523502835406
                 -0.34497953186594754182
                 -0.49657648774208390519
                 -0.85846550329487536501
                  0.62335660781143020781
                  0.38080575452455472929
                  0.01636802630651754825
                  0.78742294871444151738
                  0.55273108858193786830
                 -0.51452876510650980002
                 -0.57024480154927692510
                  0.30679829715270712232
                  0.58313240003405975020
                 -0.37931596311711673897
                  0.43470855833970600823
                  1.16716954038330622545
                  0.62701608147388754322
                  0.70231349498969120049
                 -0.39239820192257807152
                  0.91776995566794361547
                 -0.72320367528414730707
                  0.85918267008266568929
                  0.98813960259466337988
                  0.89114456428438304503
                 -0.19210631298931543642
                  0.11272403106981283838
                  0.49328319952958332717
                  0.57126603086411931187
                  0.30741592531778777486
                  1.15343254837283470948
                 -0.60529835147645416615
                 -0.16076536920799491814
                  0.40407449616219953681
                  0.87248385186489285648
                 -1.21323136805340126010
                  0.33787279581070983614
                 -0.90606604195390916257
                  0.55678692308503618946
                  0.55398994975361559590
                  0.39620603955934613483
                 -1.52788616960210310580
                 -0.65222626023283980512
                 -0.45412044538301571395
                 -0.20318946837503257252
                 -0.49652719383769566841
                  0.40346892204278600458
                  0.14696076567695912085
                  0.59032397144256343324
                 -0.20924249182140669534
                 -0.54964915109601286680
                 -0.49099812169541001694
                 -0.99739269025362609078
                 -0.92761067300078925424
                  0.81599534480672097914
                  0.92225633532641271284
                  0.90298803847131736688
                  0.49937109237064142286
                 -0.04189820886581335085
                 -0.20433263634247206264
                  1.16619373334542819620
                 -0.34230196532455509084
                 -0.67097094006538327005
                 -0.44007267096507229898
                 -0.29554933234633601336
                 -1.00608110536924111322
                  0.96308786067318929991
                 -0.64242728592656384023
                 -0.03595762583782607241
                 -0.93483069557839892916
                  0.75406307291169782925
                 -0.70715679380559459677
                  0.01342751538009413423
                  0.87845667197207266685
                 -0.92996500670976567360
                 -1.22467217981403364568
                 -0.03513849840639962641
                  0.54519322426570282492
                  0.28272310508356629510
                  0.01593853415335019785
                  0.95727869294907197428
                 -0.55214908863895595381
                  0.93851878200064986491
                 -0.43843610627528217805
                 -0.41536702341751757794
                  0.85664291589319674358
                  0.09019715286183799252
                 -0.68724932132413962815
                  0.54672341449371519850
                  0.71580667838561551353
                 -1.12044089412483205415
                  1.50360023347017324191
                 -0.33590549129785535198
                 -0.15323183435790810325
                  0.57732948993145161154
                 -1.01958646493071425354
                 -0.53231817682053017560
                  0.52491019752847190016
                 -0.72540974698514137931
                 -0.28690333423128211443
                  0.53231304836453841034
                 -0.09578827336795339709
                 -0.64183157710161375942
                  0.67059797811029520087
                 -1.04417242260418929867
                  0.20032147611447193025
                  1.04777738445162471592
                 -0.95924517035633438677
                  0.49280821908507221885
                 -0.35994638238995202428
                 -0.76774299119585576179
                 -1.09510805721810822178
                  0.18625836013850161077
                  0.12434477358962928162
                 -0.37778573918369390272
                  0.85654699634332498448
                  0.74598523512263836821
                  0.37180503037080164797
                 -1.56411803994952025576
                 -0.26736542154196313303
                 -0.61673002716838054571
                 -0.97070469885798305043
                  0.17555673466488472267
                  0.09335211747913882419
                 -0.79457290113047573943
                  1.28109445239346775303
                 -0.34713609000556083783
                  0.08248380694805351743
                 -0.19796664421518400667
                  1.02945827391140243279
                 -0.66015363688769790329
                 -0.86266539144729725841
                  0.68811952719034752413
                  0.46895113663841603291
                 -1.05381146754834231771
                  0.66170445687312062777
                 -0.81662812820734764774
                  0.50304858854174638871
                  0.08303436888585323528
                 -0.34702442266447125485
                  0.35199875242220757254
                  1.12614935782116676322
                  1.09498415971375062661
                  0.29490267807277997791
                  0.62599272323179866451
                  1.03379158281114724716
                 -0.59964860301886524496
                  0.21813242929402618109
                 -0.32896403420837577736
                 -0.24753921616150734164
                 -1.01819029187789911184
                 -0.19752080896387616549
                 -0.11574282156878465400
                 -1.36320224044537829933
                  0.19871491525963910774
                  0.77237624645799385359
                 -1.43755502400929136009
                  0.75145031964827946336
                  0.44456177880388553225
                  1.14345714980159374186
                  0.00082268383006891405
                  0.27405729374658993613
                 -0.38141058344258377266
                 -0.08088751170917317379
                  0.34174789134501015742
                 -0.24555301720900266083
                  0.14558526894963108589
                  0.33633985233811874993
                 -0.06697315689660372773
                  0.28741908024550011369
                 -0.19430573538355244700
                 -0.13616386227113108642
                 -0.07585511815789412748
                 -0.34434118919502343381
                 -0.21129610813486268683
                 -0.33065410234344261298
                  0.07892128404602130609
                  0.39087060492167324810
                 -0.06006124972151855035
                  0.28034396682701390180
                 -0.19286984571928689203
                 -0.09712948943311341954
                 -0.00797242466218734715
                 -0.39885476458709590020
                 -0.00548344877631281192
                  0.25266053018504874839
                  0.13084153878106799529
                  0.05791741989028735549
                 -0.13399542410953119154
                  0.05952603710479657112
                  0.10277227639270190840
                  0.22387834424098515540
                 -0.14637811952135698634
                 -0.09478184154502945769
                 -0.37352882664917441691
                 -0.06668184167618715352
                  0.39121257478349241721
                 -0.11986553677262667961
                  0.07497522108423351761
                  0.36506912733629315326
                  0.09605351971872680417
                  0.19037961276992601545
                  0.13018255903369224669
                  0.24889837709297135682
                 -0.11871735134834394965
                  0.20513374491503333363
                  0.22187653012477248637
                  0.12329048785226684459
                 -0.11384228203861866680
                 -0.19042596687761276231
                  0.15194326501846472377
                 -0.00896022795105767128
                 -0.23657040421884475978
                 -0.31244077036101136624
                  0.16968658337942860159
                  0.05314250893363010875
                 -0.17674668123513778695
                 -0.28563376516725313969
                  0.24424487571429975841
                  0.32492810225115315026
                 -0.13631320968416524297
                  0.08139927847750065559
                  0.16039435459894466063
                 -0.24319366309988268982
                 -0.32364983227386995290
                 -0.18742805315398933241
                  0.27116570348470830920
                 -0.32295844091165537559
                 -0.37756515547662206078
                 -0.25108749221175091781
                 -0.23914304756008844532
                  0.16078804548599012758
                  0.21844945857790518118
                  0.08579362310893492993
                 -0.33900769240779021763
                 -0.31634324277904712908
                  0.05791138364292401641
                 -0.17522194465857773849
                 -0.14420398728600303251
                 -0.01461805193815594005
                 -0.27235222512415763196
                  0.01589221565443876480
                  0.27939917903394928533
                  0.08323399388073858540
                  0.05890583397419011519
                  0.11924773878426939144
                 -0.23366622726074048888
                 -0.22658175519991852198
                 -0.21314474222130216918
                 -0.14731941821484834110
                  0.34998699980245051577
                 -0.14518026576896347901
                 -0.01584630893022362721
                 -0.38282739472837323813
                 -0.08379366837662455270
                  0.10446263721557402793
                 -0.02257593771848709699
                 -0.27945186993997361835
                  0.13620221790349590352
                  0.22837116712331678725
                 -0.07348040079473235064
                  0.16411292727243761980
                  0.04166439736524191195
                  0.00586353714624194763
                  0.21150742745314760063
                 -0.34436378268467243702
                 -0.12310300418613943918
                  0.28093382929762450440
                  0.23796940432091442941
                 -0.10868373877160907026
                  0.30387599050234231912
                  0.08956824643958714860
                 -0.12254827040424354223
                 -0.21306517969817909131
                  0.05717927945938986595
                 -0.15821416667564253133
                 -0.05492704146812118354
                 -0.02812057587011650150
                 -0.03574773819343052272
                 -0.32423558859632772844
                  0.23694775181258329044
                 -0.19585918520677544907
                  0.17107434238133145676
                  0.40603896526899752040
                  0.14633609368651689930
                  0.11900779218479645705
                 -0.29445866926062086444
                  0.34608961548022870724
                 -0.18820206253026136589
                 -0.13021583067797273814
                 -0.10085178090648815041
                 -0.10961286524034818957
                 -0.09931404390824050132
                  0.35935820822659619855
                  0.00567952098163765438
                  0.05282853289677633124
                  0.01201129717952216340
                 -0.31531508822629306099
                 -0.30269553738994792180
                  0.13489318236406888651
                 -0.11786078948660194676
                  0.16894790790924596458
                  0.23756249916684890611
                  0.36272751398245156595
                  0.21129476323342114008
                  0.36631179778068001518
                  0.13287750125379990673
                 -0.34913526902265773488
                  0.31998237041780497325
                  0.35884006175391602866
                 -0.19546890177426168300
                  0.29065798212230264941
                 -0.10161071200942449477
                 -0.31360868697750970968
                 -0.04883724131013666980
                 -0.45475604849418677089
                 -0.01107731980706363334
                  0.03322156461466176797
                 -0.15585929417051896939
                  0.37503287343193708603
                 -0.21825606091183943902
                 -0.32439445064371907890
                 -0.11123264821802933411
                 -0.03205097840681304933
                 -0.44032133372157428175
                  0.06634835319920817653
                 -0.10169322694939164631
                  0.11162094770692075618
                  0.31818437102371033287
                  0.14789968783749868342
                  0.07541810606437510112
                  0.40644896640945982202
                  0.17419152138207300018
                  0.07472109727174798544
                  0.02316927829098369002
                  0.08803458550962652007
                 -0.19026489796397016985
                  0.20194103141523453426
                  0.04747852140140619570
                 -0.03020748469701321076
                 -0.41394740977741606436
                 -0.09484575167366121606
                  0.31827090869767160619
                 -0.01583004649867715899
                  0.18504656485909962149
                  0.22847863367044485283
                  0.29922164037028492478
                  0.29830931637517349442
                 -0.30400442306879732479
                 -0.11299575201634164123
                 -0.20975000333596274804
                  0.19407737125234270081
                 -0.04657595860015258105
                  0.30135233703262731542
                 -0.08142834116928074351
                 -0.22348337617803903932
                 -0.07288579070698211759
                  0.31488321740605074162
                 -0.20149317886870596328
                  0.26951792153156001186
                 -0.10457423941784724231
                  0.10174375795518457444
                  0.19227824034879525961
                  0.21984809413938022349
                 -0.02350067942431634596
                  0.05040864157571413318
                  0.21580061068588923812
                  0.05748561632035315699
                 -0.31870691096211811733
                 -0.19542796470537474041
                  0.08393231943449391830
                  0.16054424204382028440
                 -0.21677776103888890535
                  0.14062529951981111997
                  0.38097336760725764027
                  0.04128375042671653811
                  0.19432865558640641246
                  0.08108957036346856051
                 -0.06799141825776963688
                 -0.41866594787714717096
                  0.41940335399939171479
                 -0.10846088405947724997
                 -0.24627164182626501421
                 -0.28814500476142679286
                  0.30171196312429382491
                 -0.30857437338548399097
                 -0.12811624721413961137
                 -0.23030338176869069589
                  0.03107416683985892575
                 -0.20023879118236975749
                 -0.09855478872025340287
                 -0.22221364240598745488
                 -0.32207855034094823310
                  0.09451338282089237486
                 -0.03544464825011631182
                 -0.34398146099404713905
                 -0.05700274877989815886
                  0.15836628276969821894
                 -0.00221928163445494174
                 -0.09982846333334190192
                  0.15431306317410842244
                  0.02617903989506110973
                  0.31248947069907440088
                 -0.18469040681210693866
                 -0.22461643006266024392
                  0.54290132583878658590
                  0.29020722495373663108
                  0.36001174627253557103
                 -0.18449924006127668696
                 -0.01602129834970970196
                 -0.00020637163840590313
                  0.10097511019670085686
                 -0.03563336905687282397
                 -0.37354449741018680431
                 -0.02863243227179404146
                 -0.22057726212264924803
                 -0.36034119355678279062
                  0.02092521715153387168
                 -0.12042060440455505665
                 -0.12737541797554841061
                  0.09534955751452456330
                 -0.36703265028118897684
                 -0.05057334365923966957
                  0.27762774796416161971
                 -0.04025983368072270918
                 -0.19040672805089262076
                  0.20942453147511450040
                 -0.35123914247095966434
                 -0.08688718000326074720
                 -0.03164744011547992314
                  0.40352956875725048969
                 -0.12654479148735614524
                  0.35786780537989715256
                 -0.37599089927297063563
                  0.25945895349967795784
                  0.21957594925112075557
                  0.18425673941944939460
                  0.00034817657210346742
                  0.32963547487628636068
                 -0.05364716633386013012
                  0.07917426379376914236
                 -0.17740759421468144108
                  0.01615705268959504587
                 -0.32398257711706157647
                  0.01183806168511728277
                  0.02740406217360165028
                 -0.12715412785636573401
                  0.21969259046913791611
                  0.11836411182359161953
                 -0.05325276277365352529
                  0.04122744515489856765
                 -0.01798607177443707975
                  0.00718740486954368325
                  0.09012152443965146253
                  0.03434848129767085340
                  0.27252310430026105426
                 -0.26162649947652638627
                 -0.04208574082508995812
                  0.25639612012780610417
                 -0.00649535998432865160
                 -0.25389533373451556031
                 -0.03901797106765728107
                 -0.20315058522975595889
                  0.32212642566507931896
                  0.18054797094670380075
                 -0.04475051832491936527
                 -0.25143896824223366249
                 -0.11256053777671606864
                  0.11020738619392889124
                 -0.02935693560777500113
                 -0.28923417145851615384
                 -0.15770996394752800907
                 -0.02851881740815316937
                  0.14791106156449101983
                  0.04432700964812385375
                  0.14740141854061375448
                  0.35861416036735249691
                 -0.05582241682039083830
                 -0.15307301016093050050
                  0.30736666948663621257
                  0.13170287568016186830
                  0.23661522964894210475
                 -0.20009944476028240778
                  0.23587286289524289629
                 -0.01569729796647134634
                  0.04211341140352473089
                 -0.17049969625386970917
                  0.12381024687443822896
                 -0.11423831117203010754
                  0.40299355959495514190
                 -0.00761089449197577261
                  0.15070838143866835401
                  0.39304862766893350345
                  0.14919822651274386449
                  0.36256926145731172006
                 -0.09062468069467050080
                 -0.02530654264822239374
                  0.35347310742883975010
                 -0.30257040703598592213
                  0.19443909061094485913
                  0.48412814290892774993
                  0.13180512259052276636
                  0.35348436298302604586
                  0.23527625569438462283
                  0.15629400521233968724
                  0.12547606227616145413
                  0.19347169105182770998
                  0.25470000678361714996
                  0.09510911086314717544
                 -0.14527574306736251719
                  0.17105205926354458135
                 -0.06032950260307913537
                 -0.37927617711629912911
                  0.24546391023625285799
                 -0.25601150337936129375
                  0.24864168186235202640
                 -0.22439345781069391927
                 -0.02450980662661431109
                  0.14771522369218234583
                 -0.39202962797190221700
                 -0.26895602318157935118
                  0.34471237721683523070
                  0.31372386944625135774
                  0.27432453284432656293
                  0.42283119678387065532
                  0.26477752578332636180
                  0.32664333231905401389
                  0.07237015178287363459
                  0.25080956844981416864
                  0.18871207695889305467
                  0.21868508018459251185
                 -0.12528429417828929049
                 -0.34224326338825794558
                 -0.24855917847715736091
                 -0.04113628907936221074
                 -0.24890974499825538335
                 -0.08449751164593530262
                  0.24746854586478930771
                  0.22143143739305706785
                 -0.07550925681790680855
                  0.19835612198475432999
                 -0.51641180519456275633
                 -0.36400214052037804802
                 -0.32827599173001748012
                 -0.02826807750079424544
                 -0.09334170498708117825
                  0.39584065549318198096
                  0.07554080135576182742
                 -0.25809718448048968309
                  0.13183610013377011771
                 -0.18252051778357400447
                 -0.12728340904295795677
                 -0.29091375345374270722
                 -0.04613897472463501792
                 -0.13085497914329813351
                 -0.24862414839665131217
                  0.11402032976378444207
                 -0.03076933437458775206
                  0.13963265170782343527
                  0.24703941849537833231
                  0.00634804014304172527
                 -0.10199130286666337197
                  0.29472490865136097282
                 -0.08988604264699469326
                 -0.09312386148450144119
                 -0.13768036642794795332
                  0.13585424577700527804
                  0.15074036378110999834
                 -0.09300250052530695255
                 -0.24991675816526728870
                 -0.16758106189076019121
                 -0.12597890039874135026
                 -0.22796311797126841969
                  0.06037872336883426394
                 -0.30724897862031091966
                  0.37753864875539955293
                 -0.13583279646939377949
                  0.12135245709144368287
                 -0.25670862178056080838
                 -0.05103616163445191117
                  0.12193484562635653612
                 -0.39068775178745623888
                 -0.14794887590185781812
                 -0.13736139445007178317
                 -0.32675072454472875449
                 -0.13573336674454039574
                 -0.18466871675352070081
                 -0.24497117430425713325
                  0.40557814629708038856
                  0.27435711766460246785
                  0.31711940301095448147
                 -0.18529514912257269432
                 -0.22875235356998219194
                  0.01416282759053578283
                  0.33000982783765675510
                  0.25171830171235748397
                  0.07272818352149368337
                 -0.25778742823564859687
                  0.29361911407647744987
                  0.35887864909852223994
                 -0.39829796131427008810
                  0.16798331126332599617
                 -0.07113198486010095800
                  0.42279323622151587792
                  0.04937714447807973334
                 -0.06853759316149730940
                 -0.02171275504589110020
                  0.32357502294958545574
                 -0.06531262009553233383
                  0.15917225581943586499
                 -0.02643292860209722761
                  0.00901908756982035958
                  0.02592283754773425097
                 -0.04861347964755134005
                 -0.21351353374759898807
                 -0.01081413780272564781
                  0.38901883982414908747
                  0.57916453567412606862
                 -0.02436908114827177410
                  0.07629361026292323655
                  0.28032443894437636400
                 -0.27539974606517436673
                 -0.08913786143667327966
                 -0.36185271283795217290
                  0.21344190695495815491
                 -0.10871506293310712055
                 -0.04283368114224682388
                  0.22538239618267508213
                 -0.35601960822506123483
                 -0.31065578106822766546
                 -0.08113539834952632201
                  0.12229361730370508221
                  0.14818734878269571031
                  0.28219403891414018837
                 -0.25007467881732636794
                  0.27139208357098615343
                 -0.07083109653550684337
                 -0.40821084444961586168
                  0.07455389647307797407
                 -0.06856941783630819687
                 -0.34249829591327896061
                 -0.24776656478185030141
                 -0.14132596334710978425
                  0.05357224281949574118
                 -0.39334952312500559568
                  0.24746506230229697865
                 -0.12724813599977491396
                  0.14943366388859688487
                 -0.02563998000954209947
                 -0.04265610071976369544
                  0.02962070626564795167
                 -0.06231653239929314803
                 -0.03015210980850015210
                  0.15116933231620680034
                 -0.13309862086777848877
                 -0.37643103114601439430
                 -0.12998103891865417370
                 -0.02469335793626989059
                  0.22936738442359574930
                  0.32568079540185468357
                 -0.31746553720183862124
                  0.05968969701039385928
                 -0.04014287742934891795
                 -0.18688394349848200249
                 -0.03972594087372728622
                 -0.12465999421090064037
                  0.07838146193554240693
                 -0.09359907236246250983
                 -0.19283456015235220238
                  0.08196926045278185580
                 -0.27213838504250442707
                 -0.25639829627301735648
                  0.06241437447228713464
                  0.32064284664006026393
                 -0.03465078161005319402
                  0.21786054852255848369
                  0.09172946929976037722
                 -0.14680340283197285123
                 -0.37805443784551684416
                  0.33475541344118298070
                  0.27022116055673378598
                 -0.12197540691628452891
                 -0.02878703487876466821
                  0.27477826998976001560
                  0.02193060035982113617
                 -0.04844128720941014848
                 -0.24556577852264988016
                 -0.20415936022999722765
                  0.28704364632377121769
                 -0.41856833651746805369
                  0.32074789067107534191
                 -0.05480336622419646614
                 -0.32435083583458174106
                 -0.27110353087916311265
                 -0.21580866360292211281
                  0.24393108793734036288
                 -0.08871471380565497389
                 -0.12198796552816616734
                  0.03225078950441748193
                 -0.19194751817465008359
                 -0.04936952453372378535
                 -0.32801496273799052306
                 -0.27633794111436310592
                 -0.01396564977750873807
                 -0.07842540486145188616
                 -0.15152646592540522374
                 -0.21239609479150906024
                  0.01034308093486295890
                  0.24548685284246718474
                  0.21570739732234134323
                 -0.38887987433976528573
                  0.29786462609193747886
                 -0.15478344694034923412
                 -0.13546419100335724273
                 -0.22301390458026290609
                 -0.02666424899021436340
                 -0.13074046431895985920
                 -0.02059792130746813249
                 -0.17438975764921443856
                  0.15263828735042597740
                  0.24612772557450127153
                  0.20704387291594247844
                  0.30352541112212594321
                  0.26442129732866836989
                 -0.35338907440524452985
                  0.26757508811346042421
                  0.13135088478289921876
                  0.33010386445404921174
                  0.21194575201374876716
                  0.43830307663814349617
                  0.05736364187874989223
                  0.28634440435804520142
                  0.32500759037773296889
                  0.22850675785533339224
                  0.30482156882023242472
                  0.15343403981310169137
                  0.05658078430533112352
                 -0.08964099269670022796
                 -0.06401861763329372290
                  0.24575107945121138497
                  0.18370100451952467435
                 -0.03622736966038724721
                  0.23277356663580953122
                 -0.17899120809467744531
                  0.38258436212338314819
                  0.01390093599811399391
                 -0.29162687119680374970
                  0.28536914820944297988
                  0.21323747094939760061
                 -0.17181890012387912581
                 -0.28872552721287347843
                  0.38860044713094626934
                 -0.18916828102627011865
                  0.18309718814461597991
                  0.06873586843301564275
                 -0.08149913620781251700
                 -0.00786655714184281672
                  0.09506723879018064149
                 -0.10754239889379142714
                 -0.25098962551027453882
                  0.29501818094636772516
                  0.05007992893903186193
                 -0.08822168264615433408
                  0.11026951729719534911
                 -0.24029512182499077055
                 -0.16212371607702374954
                  0.12333109959905255715
                  0.49739596613047748486
                 -0.25963873092081662941
                  0.24309399571025641640
                 -0.11928438998564576401
                 -0.29799501539076633794
                  0.28268783161016086680
                 -0.17834881865331331241
                 -0.07352481455555875955
                  0.16490191903943923757
                 -0.41856853051292580714
                 -0.01569471565458762166
                 -0.17660797881561116074
                  0.01904623136975271830
                  0.29250737084828093426
                 -0.39452539529391095208
                 -0.44114656125035550671
                  0.12224431788228194706
                  0.19573898016495605567
                 -0.00987822800598037176
                 -0.12275177718737563526
                  0.14812812915839440597
                 -0.16713437673117231830
                  0.24138050360119728266
                  0.15362748350327631863
                  0.42289804182540924327
                  0.09382635407354326940
                 -0.00368105373944720799
                 -0.15174141038790822655
                  0.20527651980754332839
                  0.28937542247135922269
                  0.03191598376796951630
                  0.11690046342697286985
                  0.02933303096582456221
                 -0.19435908524138045816
                  0.04048784252099606185
                 -0.34190342802743250994
                  0.18490359411107620824
                  0.11275306820657056417
                 -0.05031250591750523193
                  0.05471050220293242894
                 -0.10758800162205388318
                 -0.02971796821117383622
                  0.24910960435628290432
                 -0.20489009176136155355
                  0.00211781721626147675
                  0.13463332673743805268
                 -0.04242202984322351184
                  0.28924932922758972431
                  0.33526820331462436897
                  0.40152904132738537202
                  0.02043458932224241284
                 -0.03835814805397057270
                  0.06889843684304459981
                 -0.19929518681762389831
                 -0.03111262704721753231
                 -0.12840809048998730324
                  0.07956321060598081640
                  0.24402450589408911097
                 -0.11314722846825263358
                 -0.28547006060657892368
                  0.24828259371127592292
                  0.09305471129536885266
                  0.01852484776472113071
                  0.24328431220676777214
                 -0.21545651212965208354
                  0.10630256231516943544
                  0.29920853178782924608
                  0.05555599033173241885
                  0.13988639003749281375
                 -0.09992059593609947665
                 -0.18396321939067739049
                  0.02517742655921570774
                 -0.23334579042996173026
                  0.00428295350142080585
                 -0.34328160499812099271
                 -0.06584368245891181193
                  0.17114218574297213049
                  0.09975749761188969222
                 -0.07852987381303767889
                  0.07577527603204421702
                  0.33740100431688657689
                  0.10166818731858492941
                  0.10256215986139635699
                  0.02185089374799930456
                 -0.19659370475318549421
                  0.06917845121977089784
                 -0.28696362649575912762
                 -0.05234271271244708701
                  0.00378582565538754939
                 -0.10385879582191180626
                  0.03606139686197677025
                  0.06930030169603848544
                  0.38611059436264677514
                  0.24097950338438831053
                 -0.17644610367891502833
                  0.25791767116789821035
                 -0.26913849470901185512
                  0.11173894120296191945
                 -0.32710885022769686792
                 -0.03794205233552504913
                 -0.16669715127276166222
                  0.22104608474528025797
                 -0.12071354410989232342
                  0.12327203180245673020
                 -0.40942406473153242219
                 -0.19863034027246626034
                 -0.12116481764738760984
                 -0.06821868285984174218
                 -0.01143957406791107356
                 -0.12521416742808377798
                 -0.07164527925807254172
                  0.15150611117206180811
                 -0.22796480223983486835
                  0.19770343971308490527
                 -0.22103499632993792168
                 -0.11581936852994753617
                  0.21612421608502388470
                 -0.24716845489052888252
                  0.27718259867874772695
                  0.40041861960073316107
                  0.04382668127196544944
                  0.11861401223261856808
                 -0.04420348402729051829
                  0.02656608000030032807
                  0.01856943459819898612
                 -0.15024389639780252881
                  0.04502773580010915183
                  0.02496065626304179441
                  0.05613325517599636327
                 -0.04553996033347092881
                 -0.41403430235573795981
                 -0.27725644701378621138
                 -0.05854209452625036558
                 -0.26813588134888988179
                  0.36679462913443838801
                  0.33156891856289771869
                 -0.35705204355775249647
                 -0.31320160789699452719
                  0.01941513708849000597
                 -0.17038714821318123871
                  0.21266623449482388586
                 -0.09798702808798122332
                  0.14060306493222504698
                  0.32040071546658555057
                  0.17834198554005253889
                  0.30722065878548571183
                 -0.18146932552029984564
                 -0.35536595999994080586
                 -0.03463681777372327325
                  0.12235842874605226682
                  0.21987557233712254345
                  0.17856577146990779137
                 -0.33812065918591305280
                 -0.00626424315914200173
                  0.12645244498536079014
                 -0.06523255481744628936
                  0.48006357909622499047
                  0.14258469432941314747
                  0.00377523163656919881
                 -0.15748878859472065228
                 -0.27004650591398154935
                  0.33958032064183624188
                 -0.00153751297066445809
                 -0.04754095501621833503
                 -0.01599450613262748400
                  0.09067830052992184586
                 -0.14878326435577779452
                  0.01868657580121102155
                  0.19647077959668640679
                 -0.26894075817652174365
                 -0.05569004140797614161
                  0.38831263366868362663
                  0.29398066814855422502
                  0.28367919018978732248
                 -0.24682371712094711147
                  0.37983156887311492200
                  0.08911476759980579976
                 -0.37579435813473205386
                  0.19374791310099204189
                 -0.38211061507502058765
                 -0.18839394526913139094
                 -0.16524836636295475722
                 -0.39767100906334534871
                 -0.00479609020327758252
                  0.46910126099781612741
                  0.01752367425221303468
                 -0.39397420878281369516
                 -0.08710429988866399964
                 -0.06180428467680038757
                  0.45939590730469320734
                  0.36162813106129965135
                 -0.22935152046321916064
                 -0.00678258637471155709
                  0.01211406116314961076
                 -0.03097221657469602721
                 -0.18766980884620920733
                 -0.24296804348176087585
                  0.06012170147825379729
                 -0.10651766642704409149
                  0.25303073116682001098
                  0.02984720821872703655
                 -0.10091402286583892045
                  0.39727979562273790792
                 -0.25935042128753971191
                 -0.12579214095358168257
                 -0.17828571631643871931
                 -0.31431427767495723202
                 -0.01166902184763594051
                  0.04256707097817867547
                 -0.03114864435546969845
                  0.12487857684221238819
                  0.11572361171829839699
                  0.17214186300096284699
                 -0.17611257453495299252
                 -0.32573235391281418760
                 -0.14114824971166245460
                  0.09484925847474989791
                 -0.54038616529898630958
                  0.05158535059572988413
                 -0.15596094997197468279
                  0.25607386150133876201
                  0.05751254873362699610
                 -0.23326782271713153438
                  0.14184651357732505628
                  0.33660689866854165420
                  0.01518062350641486390
                 -0.07803228753560779996
                 -0.42834736291349517767
                  0.27181401117222353525
                 -0.33680913567189513236
                 -0.43337499034638404805
                  0.14830644233469611470
                 -0.29974633685673324202
                  0.07368889213936111182
                 -0.31977865306857794492
                  0.23470009377168568609
                  0.32950479148353650771
                 -0.25787111739704909885
                 -0.52392088462671582150
                 -0.21526440431575621925
                 -0.04763940143753963435
                  0.16665197418575580790
                 -0.16835019260100689276
                 -0.06009415740284094337
                 -0.28312824926562496497
                 -0.03655238355676759809
                 -0.28065110794051734144
                  0.22516692506626334591
                  0.03640054822356278419
                  0.03825997703675464157
                 -0.20467392873969250666
                 -0.01881447037986046580
                  0.40387676380688292133
                 -0.18446703258937557912
                 -0.30545609461934664086
                  0.20798748969756394867
                 -0.01418095883919418335
                 -0.05787168077917022313
                 -0.23019281454526163699
                 -0.24682279525771286255
                 -0.19983125659799313989
                 -0.41152368552106288746
                  0.25317193289233075326
                  0.49923470906868183672
                 -0.19975160430679744783
                  0.16275977486656931226
                  0.10462777951339527482
                 -0.39920388642934484524
                 -0.46599353047339570066
                  0.30297281609235654498
                 -0.22890270707735063671
                  0.06538055816805120324
                  0.12368034647957837358
                  0.14891263317438882541
                  0.01130304601157014477
                  0.38856910086363793955
                  0.13643970650681130907
                  0.09636462341914928120
                  0.09224003991314544404
                  0.31235586695809886004
                 -0.04948580469415662930
                  0.10827786456493927736
                  0.15428119868382739188
                  0.00630655416991637244
                  0.12276735221801454712
                 -0.10478690809371923875
                 -0.13590057310812117541
                  0.17476916249609886211
                  0.25148109027426668316
                 -0.27590751489482656655
                 -0.20253574159948320443
                 -0.11412057896182878358
                  0.26566642423204656076
                 -0.06061794860588186340
                  0.08150120445524704216
                 -0.19415696768167883812
                 -0.13621641915082302599
                 -0.26916405154544331690
                 -0.24203913663331896866
                  0.15423008818880123982
                  0.24724967971330549799
                  0.14923853138735357349
                 -0.13319853895274699762
                  0.34800391560042165384
                  0.33382141131872417050
                 -0.28208973881926613370
                 -0.30685679663276599349
                  0.23230412065321906501
                  0.14765359442400938228
                  0.10176796319125906709
                 -0.07052909963805997773
                  0.08021715620530057989
                 -0.25211934501839244893
                 -0.19279294583633507787
                 -0.13079881734433079776
                  0.35552506443154341387
                  0.04073687901676349699
                  0.25430709786665361971
                  0.19175586617201670347
                 -0.33640313860175818927
                 -0.01175305469637271186
                 -0.11190695004708381410
                  0.12466636700819133665
                  0.28294822728291924019
                 -0.12259688400251854412
                  0.01753225636341432248
                  0.05306294526091780150
                 -0.16783385871547951140
                  0.36023207156217362801
                  0.08548326641672882031
                 -0.12060384773596816155
                 -0.32812285750133846074
                 -0.18151033024731449972
                  0.24950873617045787878
                 -0.26267192368510905442
                  0.21960888263054539893
                  0.21618090258639921508
                  0.36096955624366222626
                  0.06182555934940566628
                  0.17028321070054447395
                 -0.34597566563959364361
                  0.07492618175834385441
                 -0.11488285697362643489
                 -0.20448031367505789535
                  0.17950694177160586573
                 -0.00755727386674932312
                  0.21945525926148923279
                  0.38091381614189107063
                  0.14739179798245030661
                 -0.30593527345377141691
                  0.01382399376697031508
                 -0.01475144908416010057
                 -0.31186450761642725560
                 -0.08003054777138533804
                  0.20549455119905343792
                  0.36616581506287504411
                 -0.13140878263698549389
                 -0.49397026320554254797
                 -0.43058299179758319220
                 -0.20177450866750304415
                 -0.27031033127439618724
                  0.32277776939979091475
                 -0.17666196401413652994
                 -0.60729007303336479673
                  0.15166724314465257484
                  0.29249050996262276891
                 -0.02271388633849382235
                  0.17360098353938674398
                 -0.19743406077576558522
                 -0.18632686947239560094
                  0.02639796727468120968
                  0.23808554861800373947
                 -0.15444958701905600607
                  0.01974683099530746833
                 -0.01103521245576753740
                  0.16421049787692471034
                 -0.11774073408739392510
                 -0.17884044322961603624
                  0.19767031094282963566
                  0.30640537335107398409
                  0.02826792538660567039
                 -0.13783831911701122097
                 -0.35624199001907458362
                  0.00196041809689375627
                  0.12602347611298048147
                  0.38358808971896984907
                  0.24130505560173995394
                  0.43976760426921179814
                  0.03767303824499419751
                  0.16176228545876822351
                  0.13153821714566249490
                  0.11700220648947395885
                  0.00194052204776456322
                 -0.10337485985533863275
                 -0.10975632480715247219
                 -0.19528225589116338101
                  0.02684510506709722813
                  0.31962944913520402457
                 -0.19893598402019263549
                 -0.20913117621929502854
                 -0.26225412138471382306
                  0.12773838984647756245
                 -0.28990510697181004485
                  0.13452044121636755336
                  0.04038495520641215142
                  0.06849557380534594675
                  0.04032982556473157371
                 -0.09039213251128458415
                 -0.07856530601353471643
                  0.01296089265034747195
                 -0.35546239772143889413
                 -0.22701464972322693558
                  0.20989255505884851782
                 -0.08122681103097674493
                  0.12238530655293264338
                  0.18401957743763000530
                 -0.01246862842006967766
                  0.09772307765528252810
                  0.00870048648909045944
                  0.20951763047319343913
                  0.27110527707020221078
                 -0.14266792526806776342
                  0.53330407068405483173
                 -0.03671031248129906499
                  0.06842878261846135901
                 -0.31958142951821205680
                 -0.11360622652968049850
                 -0.11279011282009056283
                  0.24397229815190366042
                 -0.15471812103550436346
                  0.33168343696544499988
                 -0.25938899021493055930
                 -0.05162042318437740779
                  0.01019169487560033817
                  0.08105987250056539972
                  0.15359986692557162091
                 -0.48212635240921997148
                  0.37965244861016467226
                  0.10543136022067757518
                 -0.23541679303185061856
                  0.52183693565379207779
                 -0.03442327970148178345
                  0.00863908825070991773
                 -0.37990665394947398248
                 -0.11688031824326462760
                 -0.48967088949798837083
                  0.13831978141288595041
                  0.23492974833139512736
                 -0.40650449807034838567
                  0.04472713290139827824
                  0.02296271049255282914
                  0.24085314951147324125
                 -0.30603140230031511404
                 -0.02738777911095787235
                  0.22659568071794214394
                  0.16112652903483343225
                  0.23325385198841883105
                 -0.34077799669673447536
                  0.42633915250013826315
                  0.07782020460509737891
                  0.08727006729627057036
                  0.22769941319146289049
                  0.22861070870833077873
                 -0.39996400365969214663
                  0.16373289555272335649
                  0.03140170799045031991
                 -0.11145016035756120931
                  0.32552180517044471131
                 -0.18696935945757428565
                 -0.37812539914417214737
                 -0.09610795807438489435
                 -0.00524251763345477250
                  0.13273042285451416844
                  0.14721473906213342064
                  0.12756516575454618367
                 -0.24427202344493784136
                  0.03999186414497948178
                 -0.11492618929513365167
                  0.34236479276871867317
                 -0.00103111537870422118
                 -0.25806005249876845520
                  0.04251369347290166745
                 -0.22026334550777851295
                 -0.02655121627492568540
                 -0.32157618236179352778
                 -0.24412380443649250861
                  0.19980624142159533752
                 -0.15200147846840786348
                 -0.10877906759417602101
                  0.01280922091094616189
                 -0.15615748273747415142
                  0.04444677764507676265
                 -0.27616662477640452344
                 -0.17027684268891532526
                  0.15748216001077278148
                 -0.05652187075315338871
                 -0.16811624468851890657
                 -0.01121893532569863405
                  0.32619924899987406963
                  0.22130357214715715153
                  0.02170335225900761611
                 -0.31831821851510067045
                  0.17140463347233536595
                 -0.06015487598239927652
                 -0.27344221806172341882
                 -0.46014120193512353385
                 -0.06544318929212716851
                  0.33568067789331318407
                 -0.24585660015837099146
                  0.23514489054784759592
                  0.14723375157234222521
                 -0.24103451623287397432
                 -0.01738763636799927834
                 -0.43022594670443692344
                  0.00556838801995286105
                 -0.08874439934317036871
                  0.10095178276236881076
                  0.18918054977733386735
                  0.11220128583699501279
                  0.22718236271490338529
                 -0.02678050946954246142
                  0.30264448266502502749
                  0.06593743491741924090
                  0.07283576434485664053
                 -0.30378218613063506792
                 -0.06562955913503960848
                  0.13847300346516117076
                  0.21602889252954546317
                 -0.21234916639794479409
                 -0.25821835156502415121
                  0.19238775021268608723
                 -0.00497856514583575570
                 -0.12413698955630823872
                 -0.22123992917079746134
                  0.33642808753635877750
                  0.05642123250363734882
                  0.40026279841870110454
                 -0.12158121484118075695
                  0.21304545521170084599
                 -0.32997870046081501094
                 -0.36014051187904722040
                  0.17822788794081778629
                 -0.30724866360000924193
                  0.27135164920711118963
                 -0.38329191635875109467
                 -0.44941781714941864134
                 -0.05372041027887525244
                 -0.05209771325377703100
                  0.28275368708530512762
                  0.39672137790411221570
                 -0.07210361631715767050
                  0.15630561406276174963
                 -0.26882179905459352431
                 -0.27720921086146210754
                  0.37239254352066714082
                  0.28907911617510650970
                 -0.01059566517846612620
                 -0.16684952541344846844
                 -0.38906876998998463080
                  0.34098116293813185429
                 -0.15800834374448638475
                  0.04986050643505748198
                  0.01669201924856868191
                  0.34420251327831058452
                 -0.16300450418839293465
                  0.01877143185592250463
                 -0.16875719311304848702
                 -0.39462163917769010890
                 -0.20256904158348820744
                 -0.23998558695823185571
                 -0.21945889112314051483
                  0.01104463076876225150
                  0.10596616255496936476
                 -0.35843200527634427877
                 -0.20254290786455939055
                  0.40006101465866139577
                  0.29264483175233263479
                  0.03410719789435646965
                  0.00374916708595932763
                 -0.17395729296668346886
                 -0.24309802544290304294
                 -0.19404324208544959651
                 -0.18366813915630178511
                 -0.03090247333489821308
                 -0.13816000582018336806
                  0.23485718080638259830
                  0.02874431526332944103
                 -0.12772249549517522560
                  0.03477279488677159636
                 -0.21731780112476928313
                  0.34560551212863244164
                  0.17502753930507056190
                 -0.02967429421012264881
                 -0.24077785458418074493
                 -0.18960244972782894224
                  0.10844738937492062747
                 -0.12732820606211828207
                 -0.19775698061010343887
                 -0.16679675836777027587
                  0.26814905781247616590
                  0.24053576066663887034
                  0.15439537919063073268
                 -0.41537775654118003210
                  0.14939970083405537671
                  0.20924022458235114197
                  0.16993770663998930548
                 -0.03512938291082477044
                 -0.00087719481573031444
                  0.14690157776568996129
                 -0.10130408959118164525
                 -0.20441832630903022938
                 -0.24617701805738442800
                 -0.29112649198500328840
                  0.27699254795276107011
                 -0.02415538463933688401
                 -0.07358546170049254376
                 -0.18965748091868667169
                  0.32721623524164256125
                 -0.01097360561020252132
                 -0.29240023169193085639
                 -0.19368903293952796640
                  0.31379005214906979804
                 -0.00749037707320307673
                  0.33926396108407624874
                  0.28747306517259202385
                  0.01184151329303936157
                 -0.30765651460183218724
                  0.31440363006250632294
                 -0.10717052070650111284
                  0.10032377834747159551
                 -0.05121157220647482716
                 -0.04982664084289088746
                  0.34208442125950871970
                 -0.15516415988253734470
                  0.24761843068306041427
                  0.38672347297572551295
                 -0.06595251584630440478
                 -0.19660338645999969609
                  0.23902487798945853958
                  0.15887960712932761020
                  0.27767908494935150676
                 -0.45349517962504909407
                  0.09417716140610737918
                  0.26372295344545626516
                  0.08939582979925446427
                 -0.17584040874241391172
                 -0.28032062516329214752
                 -0.36263209217134312334
                  0.17486113905618261288
                 -0.46379632547190807745
                  0.17822110082781489337
                 -0.01244658224114942625
                 -0.01758187032062567476
                  0.16901232599026344561
                 -0.20651752908065823533
                 -0.26768455629322096545
                  0.17890934225218468878
                 -0.26180687367794097664
                  0.09145577524498497979
                  0.14661975670062732391
                  0.23735748621134042380
                  0.06350307215058183241
                 -0.15302757499238825445
                  0.22512499897068016796
                 -0.12717243698842173316
                 -0.20638910024959583600
                  0.28294768692884686434
                 -0.36695044667877385614
                 -0.00630719298104171801
                 -0.00372378355803936086
                  0.46238440499705651954
                 -0.07768062611475891333
                 -0.30479095147282531109
                 -0.32596485464725749592
                  0.08773682390638946893
                  0.13269599684957977814
                 -0.30463658469071525081
                  0.32862241404969239067
                  0.22947338168124542523
                  0.24409465727691814774
                  0.35641907785496251826
                  0.14809773251325039634
                 -0.15095279965098051811
                  0.15907465908857931769
                  0.30086375778971236050
                 -0.00175646076197928484
                  0.10900231210864297360
                  0.21806708923419307333
                 -0.12579911157406062361
                  0.19704188627402871581
                  0.20136009428824017120
                  0.20410776856659967882
                 -0.11266548832951085723
                 -0.21862502258155597223
                 -0.17484098995175456626
                 -0.02084582591766589305
                 -0.26334214533872879471
                 -0.51427443267713179864
                  0.10893560720743164505
                  0.07083223629503405949
                  0.14591884938351201706
                 -0.11371116590281118985
                  0.04549472191278795818
                 -0.09817013394810819582
                 -0.17803054794243039494
                  0.30506306179448411386
                 -0.27048474432837793513
                 -0.26028601901976228250
                  0.15310924703505296440
                  0.08370842381706662672
                 -0.14714061294569016902
                  0.29776386973443114137
                 -0.14278721724297410711
                 -0.42991033303662107290
                 -0.16514444459757937622
                  0.21221062670440102305
                 -0.04556746771141748087
                 -0.33844990754707798830
                 -0.01706131532151047153
                  0.07272972974294060478
                  0.05954443136403340248
                  0.25249892781173516321
                 -0.32281198155794965654
                 -0.53686899858955161591
                 -0.26363878186355033106
                  0.37683292514144339780
                 -0.29053788550594833451
                  0.09609227689081455137
                  0.08601775872453540361
                 -0.21187509993092237814
                  0.04975492106573212170
                 -0.35443092444329704627
                 -0.46371210654070388335
                 -0.12881108678402763967
                 -0.00957803103293459329
                 -0.00489999164099256916
                  0.01860334763478333625
                 -0.07116858090403652137
                 -0.01171533914202437833
                  0.08119699080769285371
                 -0.05036977070112692856
                 -0.00508930286424942938
                 -0.03766308976587655344
                 -0.06116687514412590121
                  0.27624924795224375940
                  0.33983798844391049920
                  0.02379072178383056374
                 -0.08701300867637812297
                  0.26393949625054441421
                  0.49794000293891854669
                  0.16196099335022962062
                 -0.21158468352559525738
                  0.20931545407123411384
                 -0.10443636614026545473
                  0.04621069114919425930
                 -0.34964361411226063669
                  0.27667765532093324676
                 -0.23049609006286631008
                 -0.04949576702064172745
                  0.12219404464736896565
                  0.33992591077897221785
                 -0.01193150535323784719
                 -0.13481377480888162568
                  0.00014370380053901389
                  0.08845995512842511066
                 -0.05614352463241787522
                  0.10460764678805728467
                 -0.01753401965716400168
                  0.48717962507217893453
                 -0.13160644070823221408
                 -0.30716461420300833485
                 -0.17098028749413701766
                  0.33879049985933806788
                  0.06320908070005262780
                 -0.42017850666604728005
                 -0.46751973516208833459
                  0.26932933393506358621
                 -0.18521408796669766583
                  0.35567803607914821873
                  0.23533656592146970365
                 -0.19730039628739068358
                 -0.04534784730012395015
                  0.35282494227330074565
                  0.19757108385385427352
                 -0.06402511197620694428
                  0.41167992127432884164
                  0.14782401654837365457
                  0.19577763294662764437
                  0.06497788046733359024
                  0.17634483501208789158
                 -0.23619916267056961789
                  0.20654329290301293165
                  0.26243078488393817294
                 -0.12444674872319316794
                  0.27966046505240715891
                 -0.02257026054047690453
                 -0.13625301954259938508
                 -0.16038768809638664914
                 -0.25485631669900193907
                  0.00070475177637818894
                 -0.32316527433346536879
                  0.04824638618966224646
                  0.03102411743854605053
                  0.08622103833758347491
                 -0.40057623431962902094
                 -0.32750886453944816346
                  0.03365960988277805210
                  0.04954111663225557044
                  0.29651198824174684887
                 -0.38277973291231626174
                 -0.32336711935425060949
                 -0.06571307347364974127
                 -0.08832679271837881596
                 -0.30983794187897811812
                  0.23403740585738647129
                  0.42359543845678782059
                  0.52915866410546730236
                  0.19620762463009802645
                  0.25015552338670932198
                  0.01223840485836979672
                  0.33793117903110037048
                 -0.34836309034997908762
                  0.22889313808782110748
                 -0.02392166767231496127
                 -0.24346594405039873044
                  0.10477788094175918832
                  0.60454504423099209021
                  0.13192174828943398213
                  0.30526432632688493829
                 -0.01661543234578442829
                 -0.19889935903120056770
                 -0.16507244590399622330
                  0.02769714124141009828
                 -0.08077125383080607790
                 -0.05817959218628204060
                 -0.12340834322256385991
                 -0.66801929766800127730
                  0.06365252567976155407
                  0.08221397826706607070
                  0.11020962003668204054
                 -0.20656680167842000895
                  0.21163870346990562576
                  0.00636346500560574201
                 -0.34863192953834565291
                 -0.00496032517413199855
                 -0.00259226642918611132
                  0.16051873345803086002
                 -0.25037601461285757809
                  0.03299712210271408402
                  0.30945422574258524273
                  0.31583811019521101926
                  0.09497129949228112766
                  0.14274666152298881583
                 -0.33300336166463828658
                  0.28562455645013867800
                 -0.11682865984399559700
                 -0.03214494042521955780
                  0.02630460078828959422
                  0.14687107553137643268
                  0.01047398718747714549
                  0.29994474710347751589
                 -0.17501283655743846146
                  0.12402261688914083260
                  0.23414373161872428786
                  0.22499562231535752410
                 -0.06417119037002505522
                 -0.40351376582808468063
                 -0.06878774163050994928
                  0.16697730133258525953
                  0.32498934312617672182
                 -0.18038202478163026243
                  0.09997181778292379972
                 -0.12250160550391230030
                 -0.03240848924402186387
                  0.17639012346820964749
                 -0.09902908513749199282
                  0.11192111799357454260
                  0.40318517522421665200
                  0.10131146301420135281
                  0.32464918851504898090
                 -0.33568283552673411352
                 -0.03211042413401586637
                 -0.33834853642867690482
                 -0.04856527647359859534
                  0.09115502825575735879
                  0.29952694624163989090
                  0.08293392581598493796
                 -0.12273302767375522671
                  0.19646269149153980371
                  0.17680650923660182205
                 -0.23042049031223643674
                 -0.06180961150073389920
                 -0.12941649696067192288
                 -0.24497158050576986477
                  0.16782071903236311927
                  0.39098138870680593238
                 -0.05490327170087163505
                 -0.01059035560815059160
                  0.06672258374727693675
                 -0.43055134329163563534
                  0.07663561244436498110
                 -0.14359929458296930016
                  0.06701397109969628452
                  0.11492886230357038380
                 -0.31206016808335312884
                  0.27614790678144734981
                  0.15487512971657724226
                 -0.15097813755832062421
                  0.00815915230718924044
                  0.03145261628058258069
                 -0.49381161519758742795
                 -0.13597385882651030764
                  0.15543976513047860766
                 -0.01706427469875414563
                 -0.23375849600465506417
                  0.19396353415320474745
                  0.19826424948202722720
                 -0.09831747512209970674
                  0.13269939368851702000
                 -0.21298106532725669116
                 -0.09046352814809226206
                  0.14336975655174155619
                 -0.28799016414186118240
                  0.09016693614901698239
                 -0.13871396114330494798
                 -0.25636756034413327177
                  0.23299168347991669470
                 -0.26047797526594657080
                  0.20421137312932460817
                  0.28717204921274047669
                  0.13761079604794465570
                 -0.10962962361379742504
                 -0.32201501090254125437
                 -0.11095392141740782754
                  0.08759939397828055141
                  0.12770444457211760358
                  0.16119591323582641018
                 -0.16599628768898161413
                 -0.06748231793692315017
                  0.10097875124956333381
                  0.08834868063484110912
                 -0.39397869772301813418
                 -0.08169208276233042021
                 -0.08633384232797733371
                  0.02486128322364775101
                  0.35513521872353581710
                 -0.19991337376592097086
                  0.21845044752822762035
                  0.12547702956793027607
                  0.17767744732235207783
                 -0.25045168769774212025
                 -0.18677005360597878636
                 -0.15102196090549940832
                 -0.16024454987659861316
                  0.08995478692850801539
                  0.21487715288426212368
                  0.04526165860868068547
                  0.00028136612074596001
                 -0.37500350538096210995
                 -0.08596295884107539587
                 -0.03270043897815783085
                 -0.22821116496295504317
                 -0.28744057396021555073
                  0.43209496591149937350
                 -0.13727549080723919217
                 -0.12613524315151530830
                 -0.37044238703169202198
                 -0.12912960862474906487
                  0.25432098573281181064
                  0.11877717762370208765
                 -0.31688523261029022393
                 -0.18622257849051773726
                  0.35404787467282339275
                  0.02119030724602872021
                  0.48594510257571521539
                 -0.02137753351306281510
                 -0.30094991474554227961
                  0.15397560567162740797
                 -0.20868874209649690421
                  0.27233143998768577498
                 -0.10422549544729500792
                 -0.06267791739231028114
                 -0.54674561545267452711
                 -0.02657868958038427445
                 -0.16243682188263516841
                 -0.52094173144135358378
                 -0.18369034572338807654
                  0.06573194217111544280
                  0.32304330716753837383
                  0.20384152463414867418
                 -0.01805268733035823511
                  0.22580955420229034680
                 -0.29382345472245946505
                  0.03203272968895325146
                 -0.14985220375497251832
                  0.14587435789250610685
                  0.19219554753678014247
                  0.38042642738948262426
                  0.01373624945300641782
                  0.22732690964975993397
                 -0.08997658409758685361
                  0.01210706428899092219
                  0.18788816856584222847
                 -0.07705313894370006966
                  0.06132341973522982548
                 -0.25620591936606929018
                 -0.17220364429557047381
                  0.44924921417727381456
                 -0.20334152425319210189
                  0.02388901136185014179
                  0.22779476688441435694
                  0.16662100022769199548
                  0.12855819489053582627
                 -0.36365761415004177470
                  0.03074439020300390873
                 -0.17257005609152864523
                  0.01057892405983529120
                 -0.18008097098405981273
                 -0.09648649093692718282
                 -0.14967044812260993369
                  0.28960463340436132240
                 -0.07304690790745191342
                  0.18099798406205086510
                  0.18809119343007274505
                 -0.42812308684520777868
                 -0.36686936828031335711
                 -0.49019588419715237615
                 -0.19493746927279811954
                  0.05330553648481931028
                  0.07167285395387255897
                  0.26819947734215082713
                  0.15857009200218827316
                  0.21447560082225552991
                 -0.10796783361591100192
                  0.29700180047272306538
                  0.56172549794577086857
                  0.20094115966991354938
                  0.26177353668683017718
                  0.06779068512988475903
                 -0.28258964162420707744
                  0.09629797712255794284
                 -0.10117861923939572288
                  0.12143446736171054079
                  0.16069240968483086696
                 -0.05747637768128824320
                 -0.39399921681690791564
                 -0.24822697350117489679
                  0.08200911342017164207
                  0.09660289038712162324
                  0.26454797705929888885
                  0.16222784397634648634
                  0.30227933704734405440
                  0.06684462791980939900
                  0.26445749351692549034
                  0.07226751075768475530
                  0.28555436782653897954
                  0.27414977942329127325
                 -0.07183976467131447663
                  0.15828392152517334335
                 -0.40950292613905336925
                  0.23629023582618699506
                  0.26983624859506094573
                  0.23611141918719261157
                  0.12958106781031542010
                 -0.19429975212208547286
                  0.06607992104027411717
                 -0.14422546616597065050
                  0.24896445177886281086
                 -0.15132085161065109147
                  0.09348603542185673909
                 -0.18000903623738020998
                  0.25459203900578608604
                 -0.31902849890143197831
                  0.09133335569374814722
                 -0.23628934772442181100
                 -0.01247778789485802856
                 -0.29529469600238322791
                 -0.16809716080248607306
                 -0.54406435514363260531
                 -0.15220074333563715641
                  0.19740295972292462579
                 -0.08932955573372584890
                 -0.02218641806643192535
                  0.12117839559204057753
                 -0.20557080532788990501
                 -0.02911393366098991020
                  0.17373456586245128452
                  0.15348149506437711032
                  0.27274595672608392682
                  0.26265200798978211028
                 -0.34447196074031322111
                 -0.25014370347140191253
                 -0.01368114667800047340
                  0.37704914292184510405
                 -0.26471249774463612159
                  0.28020798737525487443
                 -0.02454889140283568819
                  0.18913570873034449282
                  0.01169717468144980746
                  0.13958063967680459094
                  0.08502873379705151724
                 -0.23720355864052208861
                  0.10271404796293572004
                 -0.29325954370647139280
                  0.00128823737778972422
                  0.00132485677575555801
                 -0.19300604698170012452
                 -0.21921237582820291001
                 -0.09072121662873346148
                 -0.16558058648037257687
                 -0.20312178493314694827
                  0.14044475591378738355
                  0.24454646453508707693
                  0.08056749431835634467
                  0.35619537641886317436
                 -0.08614445068916248838
                  0.16414274940242931655
                 -0.09835025087724946768
                  0.28605361076567825673
                 -0.29217023010687859230
                 -0.04985910386956624030
                  0.23387018598790490498
                  0.35892431493945403664
                 -0.34257708727773839019
                  0.27651216082389479256
                  0.06379091399378956917
                  0.24057485030371220103
                 -0.11332542883932121558
                  0.24089430265953634680
                 -0.27218736232547652287
                 -0.17478834391468286991
                 -0.06011773848063002579
                 -0.47218851942361461660
                 -0.20960736515267772151
                  0.00101695591757364895
                  0.07699553079568755010
                 -0.11337848234426835259
                  0.10278838906070875137
                 -0.00274973023713473864
                 -0.30899483611278444339
                  0.11006397018529467946
                 -0.00184612546595082534
                  0.02966345896793744219
                  0.30229724424083243006
                  0.09382283443894455510
                 -0.05102648780392794736
                  0.01574583073098742222
                  0.31794412277180750248
                 -0.01653258713672871305
                 -0.21775143128901408573
                  0.23358203460216456215
                 -0.36541727698074627506
                 -0.20103620777333619518
                  0.09970719180079862243
                  0.33790275529513236208
                  0.27659700277070620178
                  0.27036680494777237671
                 -0.03277363199802276611
                  0.33471094037137849586
                 -0.10159074560619180128
                 -0.36109134653620045263
                  0.21112386291652762704
                  0.25671651198163314422
                  0.04123730406549556277
                  0.13036881095502078631
                 -0.11646239604273585233
                  0.17830518793299271474
                  0.00902519927636194139
                 -0.21508519070944362439
                 -0.23103966056043098720
                 -0.32243684656120891185
                 -0.01935213860738649316
                  0.07053587786046267016
                 -0.07975918553892556717
                 -0.21864658109998991176
                  0.23728305323547707606
                 -0.04849330456344631141
                 -0.19191011537105079343
                 -0.09194202671953208283
                  0.11659687025543817585
                 -0.23709544328606810271
                  0.04443884343668999537
                  0.22628095992261740288
                 -0.13016425542071319299
                 -0.19944077048197211832
                  0.34892257555574396344
                  0.23042994110494582904
                  0.36003451519110551970
                  0.22878264132968281763
                 -0.05782747288911981032
                  0.22718702987935029958
                 -0.15851993040319650730
                 -0.04815022866151413838
                  0.00396279765660574775
                 -0.35080155985221950221
                 -0.27095890300298475228
                 -0.03444891608098215458
                 -0.16183822325688046462
                  0.19551252841994384846
                  0.27738721947794620082
                  0.10413295372819073026
                  0.00013335623579366004
                 -0.03281113790373925421
                 -0.23805764881019972345
                 -0.24943696991440156285
                 -0.11977200385678676842
                 -0.36415116357645116452
                  0.37732676637547268861
                 -0.22171940173961507403
                 -0.08768966247676859838
                 -0.28872815063367668342
                  0.03017988652990707607
                  0.65022805211353595922
                  0.10368153788197570497
                  0.31702717895825149874
                 -0.09943096366854714541
                  0.17168231326541449899
                 -0.47005068486212964185
                 -0.23128388267651261989
                  0.13118725816829640562
                 -0.41194996341113987448
                  0.37910547683310347189
                  0.18634992900554889217
                 -0.22590905145624298744
                  0.01538751093456093566
                  0.18092450896165990226
                 -0.21570778392320430483
                  0.25169603760153824723
                  0.12556338336038036507
                  0.51168400645559786177
                 -0.06014633715399617803
                  0.47174617517903644215
                  0.06907626954768718297
                  0.26803462932014088249
                  0.09928917266675332809
                 -0.04241600990445982405
                  0.33941380273125965061
                 -0.06595477672594350638
                  0.19857976801655127796
                  0.28205542656658438849
                  0.15135232606853274429
                 -0.26031309064184082747
                  0.17127534360047141915
                 -0.01773438173646138538
                 -0.19219475103595468068
                  0.28787783151521906255
                  0.37331428061972088406
                  0.01352805765909683919
                 -0.03558844440302234152
                 -0.08900667132245641822
                 -0.28308283225794278470
                 -0.07491438934214798839
                 -0.00287182200771396012
                  0.12846320312530798424
                 -0.27888819177542834016
                 -0.07453221383715562254
                 -0.02396932838585350001
                  0.07908923957881701383
                 -0.04376254056757967331
                 -0.24738186786891094848
                 -0.04479580392045286880
                 -0.27787363528472364127
                 -0.36004204829427172152
                 -0.06708077563430159262
                 -0.24576320068223692084
                  0.09404274309606641680
                 -0.14448097837240750363
                 -0.28791845347390254695
                 -0.06873723138138986000
                  0.14213595526481809239
                  0.34631139725715148758
                  0.26733189028008397248
                 -0.08061461799550134755
                 -0.10816755450915130354
                 -0.06550903797272554507
                  0.22757007140489854402
                  0.22643539676215093670
                  0.16690543021821763192
                  0.20278380187139991020
                  0.01520020265530665736
                 -0.37536468094698705045
                  0.27811904266485359960
                 -0.12974566248676761004
                 -0.07114104763455963987
                  0.24909111408683648481
                  0.37306130368185230761
                 -0.09754323949957273421
                 -0.23363948246182672519
                  0.02290420179831111069
                  0.16906049964599559332
                 -0.37141241181638506852
                 -0.26484227900667900446
                  0.13098180561344763273
                 -0.41667521167689447470
                  0.34278864414021298357
                 -0.19795078127185741779
                  0.23949525130211701818
                 -0.37835605430458890686
                  0.24579860763123778655
                  0.19436628153185148138
                  0.39807199835028300727
                 -0.04375160159903164481
                  0.01363463354133833544
                 -0.06643084576421008636
                 -0.07428841165988762929
                 -0.27605873856863694105
                  0.04271301137435308537
                  0.15386885071448772044
                 -0.20396699699307602183
                 -0.04482166936412411429
                 -0.18564079014933740353
                  0.34569637887759252504
                 -0.09765350815642712123
                 -0.31329828158451999975
                  0.22936937901306159171
                 -0.55909484926940944405
                  0.26352755149810097590
                  0.00150631734006210875
                 -0.15725794979228258086
                  0.12181484582763441038
                  0.56560796369187615884
                  0.12410018894415160429
                 -0.12701814786190143702
                  0.12504781006467935445
                  0.31647379651860502170
                  0.05393908420220296096
                 -0.14214591080638447340
                  0.30404782553105025311
                 -0.28572378355859340271
                  0.09583059560436826829
                  0.05228095060816806416
                  0.13149705275443049346
                 -0.57404868528392860583
                  0.04780079750414729933
                  0.29237311771272944672
                  0.08475514800158479023
                  0.06993997342523568250
                  0.00385399064143846989
                 -0.01177831185305037130
                  0.32948491848663180592
                  0.26813509931376988682
                  0.04299480125944416670
                  0.15012994871703538857
                 -0.19376716525770085187
                  0.27243275214556267327
                 -0.17881499356698801750
                  0.36566734450414362101
                 -0.20412784871826342159
                  0.07275849955153661230
                 -0.29388469595385435795
                  0.01440962528095789466
                  0.19216576948736210917
                  0.39321680180878415545
                 -0.26867189622986048514
                  0.35241306025579038907
                 -0.24945517516797710567
                  0.08158106727477355824
                  0.29252683410504531913
                  0.19631602965376399039
                  0.43328200286979512423
                 -0.15274185148434352155
                 -0.23625654042017840695
                 -0.04888830979975551660
                 -0.33986567333675388181
                  0.15752038851568908595
                  0.18040221905216616283
                 -0.12461407001637000991
                 -0.20400270408434742486
                 -0.34259814739235749936
                  0.33860698141859363330
                  0.08748349945525145388
                 -0.06730993654622573208
                  0.02615585753487577325
                  0.03886903477492507225
                  0.12537883973914260016
                 -0.24625476920762903732
                  0.20005424313104214207
                  0.30153594882627765550
                  0.23669944102252302165
                  0.05683322841724032515
                  0.30170106106630956155
                 -0.27698196417315701368
                  0.57891533092254465753
                  0.22269310264417180312
                 -0.00841058250315736972
                  0.24232672419822878784
                 -0.17936537110200764800
                  0.16774576661653883836
                 -0.36920911756778423962
                 -0.22347336372177856179
                  0.16895444141575316488
                  0.39210316442963211170
                  0.03297748899027300173
                 -0.20607996821428858913
                  0.18870041833671000187
                  0.05528417185851000615
                 -0.18628316079739309918
                 -0.21634964021718844362
                  0.37859553369094200992
                 -0.00501921629784786785
                 -0.06101616503701314670
                  0.31832667755884769267
                 -0.23766218983077008753
                 -0.02231086387338925003
                 -0.23884750145666830412
                 -0.08349275396216494782
                 -0.14101594791621141489
                  0.15393755016559310111
                 -0.12953807325206517786
                 -0.07657906309711426385
                 -0.21069661117600846367
                  0.16170342062511161574
                 -0.22982286479321278883
                  0.21305532437279173230
                  0.07201578330659058613
                  0.32520535304565983958
                  0.04651188359890457563
                 -0.21438757241977526857
                 -0.09967226343769325370
                  0.07724494236034643024
                  0.02766742918814369193
                  0.05018212682491442200
                  0.31410793687109384020
                  0.00478086612873001443
                  0.15643939765732053915
                 -0.29304796612862099581
                  0.37445602642904290969
                  0.08430250996347081471
                 -0.07343122987265393586
                 -0.20301593196794154306
                 -0.25953192128267210670
                 -0.07873996923806785009
                 -0.13390967938167716578
                 -0.33634186832901391551
                 -0.18836145403186435598
                  0.34352707943736376928
                 -0.06843117156224426401
                  0.09541385210154405827
                 -0.30646654255254307531
                  0.24698230096543180578
                 -0.30963089690727479963
                 -0.06056563435100483644
                 -0.14992249298452517414
                  0.30309655655211353853
                 -0.04709127366702546558
                  0.00143069952848515853
                  0.07203906151040484485
                  0.42583411392701236986
                  0.31570212330967400982
                  0.03633341227511407284
                  0.26492323037027121213
                 -0.04508638787931649322
                 -0.11822278614504100336
                  0.18741286093770032073
                  0.23596174344220025021
                  0.32141615841998089076
                  0.14258502095836064760
                 -0.35353059118932922411
                 -0.05477835377216692253
                 -0.07438440502868941262
                  0.20752030000254415021
                 -0.10232748479987681389
                 -0.16794463962085556807
                 -0.27614978606226858737
                  0.11935756195329069729
                  0.22690146237863675904
                  0.09752826615338554272
                  0.13575183481053276768
                  0.28527908906307114512
                 -0.23614037121986544698
                 -0.03078448285065080864
                 -0.08857527426858481656
                  0.30031296905870435987
                  0.47752669704496386593
                  0.32811590223956416112
                 -0.34515566069812708694
                 -0.28514602114448500680
                 -0.28885570266454158039
                  0.13388553981139059146
                  0.12920469910453749596
                  0.14489479928488635530
                  0.09552955626351003482
                 -0.15203923056089962973
                  0.15182797326993724418
                  0.12494539214480325506
                  0.00235920308410856976
                 -0.27033186811143788963
                 -0.15124830481827669648
                 -0.12450325701689161917
                 -0.06862483642722010113
                  0.35688886061575264552
                 -0.45536177819341677742
                 -0.16749071854185634822
                  0.14809246409720649984
                  0.08539183339768575964
                 -0.30133197837201580738
                  0.16502062681476070694
                  0.43829738896761849531
                  0.16404434713598198270
                  0.00442937987052421326
                  0.06917721621690323119
                  0.04934363456539135606
                  0.05715664087351920997
                 -0.41477134337506260664
                  0.00419104733096604953
                  0.29812663417394119625
                 -0.11493397038221948858
                  0.16871630647831911687
                 -0.40159317700049917965
                  0.08049269001295719650
                  0.35672733407511297843
                  0.24180851927135685320
                 -0.14371249203071859157
                 -0.21210346847069261322
                  0.19512028037557960225
                  0.14270494900315694453
                 -0.38068834660808759107
                 -0.33555171889712243072
                 -0.29865172799016231897
                 -0.33613096646251766630
                 -0.33276096579802844078
                  0.02863965479458299018
                  0.18258798083176291938
                 -0.13112996693449252561
                  0.35977242076134602344
                  0.14776663885449103919
                 -0.23433997349430440993
                 -0.18128701766363783388
                  0.15393611930363865214
                 -0.30826706344679627447
                 -0.18974479478585931647
                 -0.06875083938365091074
                 -0.37705796840588101659
                 -0.13781804430599803313
                 -0.05418325756998756265
                 -0.46049359235736536666
                  0.04723905882481704843
                  0.05984519867681278166
                 -0.04664626184061303193
                  0.13359435147352793916
                  0.33791678650219725277
                  0.13234747926137879759
                  0.03535038257408395362
                 -0.28275804554666605917
                 -0.13158150478934896310
                 -0.19518702339720439554
                  0.29134402872010994878
                 -0.05678172136267080339
                 -0.27950955668524579689
                  0.21485379984424168853
                  0.06913664401800484471
                 -0.13393456429595290702
                  0.39059519403029152596
                 -0.00109264045009702365
                 -0.30968021950295343547
                  0.18227219890268828162
                 -0.17462998678273847220
                 -0.18535011176625468265
                 -0.35889981470452597678
                  0.02987433487274255423
                  0.06221368820593684013
                 -0.44145471854315831983
                  0.20634930904046663858
                  0.21291519357366325838
                  0.13434396000528051052
                 -0.39994601979704025307
                  0.02593072571039312796
                 -0.29123038574928944433
                 -0.23011933871491488390
                  0.26111409139696800663
                  0.08448609054480886449
                 -0.25371718266038262302
                  0.35287057313624048405
                 -0.04733941789836966507
                  0.39274475624551330455
                  0.01911856779653096916
                 -0.21625292366522044785
                 -0.15281862234421786373
                  0.24792695086176932961
                  0.24767121156122465231
                  0.00529656039217486600
                  0.29689650188820160270
                  0.19770956922579929760
                 -0.33263324720342102303
                 -0.09624687824757621746
                  0.08245483668845049463
                  0.07647289077177429895
                 -0.10850613693278947369
                  0.06419931259399766499
                 -0.14391214703334762048
                  0.14263056782050181903
                  0.38550848637035245448
                  0.12955016561770066330
                 -0.00505728513093615939
                 -0.02634447670811415967
                  0.04110816392329015578
                 -0.00566508348947743819
                 -0.18549918228872569470
                 -0.31685069465283971502
                 -0.31059801451169827269
                 -0.10929355135381019215
                 -0.11669317737720363848
                 -0.30397864561610482559
                  0.24856390410321255180
                 -0.13399375318456874240
                  0.16545758432686341610
                 -0.22615710259748117439
                  0.39122519294154978198
                 -0.40758909965333656178
                  0.01979187830283157812
                  0.19945226798219933828
                  0.30713233996978495099
                  0.00208078273352148594
                  0.05492379690707478029
                 -0.34626383050183107137
                 -0.11792760108004728126
                 -0.13337491782209900948
                  0.38124491398260790254
                  0.19571185070972302311
                 -0.02754768251729977635
                  0.27797868666745134680
                  0.01041091053316660527
                 -0.15173271121244166770
                 -0.18560491614914045866
                  0.48822404085170317822
                 -0.20893566815356068300
                 -0.23799967402575222808
                  0.04391301941662260899
                  0.01343004773738845810
                  0.38561005691854105537
                 -0.24799490484265124257
                 -0.29317349597748182388
                  0.24161942865979244011
                  0.19041623101910165605
                 -0.15752335604739151065
                  0.16583726229516615458
                  0.23398204620514559404
                  0.29951386661506390618
                 -0.26511250378999656752
                 -0.23809696795383750167
                  0.19061343622465287684
                  0.33505022403376938378
                 -0.08653927852624054839
                 -0.27919335010578760770
                 -0.12632087132418168274
                 -0.08741491526517783384
                 -0.34635098329798075234
                  0.07290246021581955893
                  0.13951336484482684819
                  0.15516804529368960486
                 -0.03152500903928941167
                  0.37627373924416124273
                 -0.24202333495680472542
                 -0.11577051667734171436
                 -0.10926220779314806120
                  0.26845596780201208542
                  0.00037758428644993781
                 -0.29330508071809979764
                  0.11669702728772560207
                 -0.18530294555345325214
                 -0.28460720916795445579
                 -0.11306512373388451220
                 -0.16366985056411051391
                 -0.13731089453945488632
                  0.26362085427572790053
                 -0.29282768870805298000
                  0.23132273419504181811
                  0.25355618692115788892
                 -0.25828171244500847115
                 -0.41475905228289033921
                  0.28604727098277932251
                  0.29240637152983772751
                 -0.30773409228713555219
                  0.18939937731642936258
                  0.18328012041027966217
                  0.13926851543595164529
                 -0.28344917868777369518
                  0.08325688491712195105
                 -0.22777746911236571026
                  0.16452896396782426547
                 -0.00970886190182209188
                 -0.20562160830624409691
                 -0.46772360895160208782
                  0.13810947817469060306
                  0.08227322422721351780
                 -0.25192388292200040834
                 -0.16462908487867738971
                 -0.11088114710405234942
                  0.23576878226589456644
                  0.32596227734809357646
                 -0.02217912940034130059
                  0.27236050342204420893
                  0.37508901188123028314
                 -0.33245869903850666649
                  0.21710693890987040056
                  0.12636715171044357597
                  0.25350914959485321143
                  0.24761494995905336536
                 -0.25927840895058840154
                 -0.02850787533600702278
                 -0.31501114123568563219
                  0.11120607909599035390
                  0.16770953337892313684
                 -0.04075184101630716094
                  0.23167283083249440301
                  0.28253537912370840779
                  0.08499053150109962818
                 -0.18494318434288509190
                  0.09179226271788501479
                  0.23558239572666675454
                  0.12726316926320688228
                  0.19160171000715514600
                  0.30415089569394665459
                  0.14741338691358751856
                  0.17841944441723459058
                  0.52125183789875983997
                  0.12765344782664178602
                 -0.13079952035531300369
                  0.15311762330677963773
                  0.35525428015922577707
                 -0.14212968914688059452
                 -0.04155404377044554648
                 -0.24475227694141679646
                 -0.63580743247868443113
                  0.35805784443302723918
                  0.60627583596428868962
                  0.07172899788487156758
                 -0.32391224042087307655
                 -0.28410294416758108405
                 -0.05376130510204250174
                  0.09301601161656261607
                 -0.45512953671531874988
                 -0.28448192381406678386
                 -0.17779560975082911445
                  0.12766010855090570431
                  0.50728103892545639564
                 -0.21363581398327130545
                 -0.12332898735940442392
                  0.26651954886472545292
                  0.29415448766013108095
                 -0.06969700957632052329
                  0.00739584089370243745
                 -0.11121865201142379365
                  0.41961123092573954230
                  0.28629811545650185600
                  0.28469915521386057744
                  0.03205437764480528751
                  0.40217026881285300455
                  0.09166747341987543929
                 -0.32949095506199671535
                  0.14743455257693965921
                  0.07891425425624537526
                 -0.14104472298382658701
                 -0.23957279311070106553
                 -0.30872184898279608767
                 -0.11640437441895606918
                  0.06650287620397113408
                 -0.10114432279903351475
                 -0.35752153389344665246
                  0.03880244351856289298
                  0.49658178428454180509
                  0.17548014104641820876
                 -0.27281787758060765947
                 -0.00683482733122585569
                 -0.39792744319043366064
                 -0.27993033573939452019
                  0.27651854013146187627
                  0.19888969797784539217
                 -0.07256739897672888351
                  0.21186393215008916813
                  0.26183675570565662083
                 -0.27143265961001994402
                 -0.11979024539040598885
                 -0.23724402384210974137
                 -0.35036165169985761247
                 -0.08816478400386354441
                 -0.08010471895849766155
                 -0.01427138714287373017
                 -0.16319555076659478243
                 -0.08990713169656375237
                 -0.38704032415077266327
                  0.16145066391448370524
                 -0.40845817265914141636
                 -0.24576603737344951406
                 -0.15871572905426728495
                  0.28090406787198196614
                  0.16794287515987577075
                  0.03015532847744641087
                 -0.02068577376651331914
                 -0.34952731319006585808
                 -0.26069629980995484564
                  0.05666170618570941231
                  0.09010344288255614509
                  0.09450818003802638478
                  0.15770160883745545921
                 -0.11852803339384423986
                  0.26502683845870195212
                 -0.05585499629705949209
                  0.30190058965710880878
                 -0.26896913981165915253
                  0.36187007589076969349
                 -0.14699191919234858017
                 -0.14862524632328399932
                  0.05026555820502765642
                 -0.06076424483704022383
                  0.22006398968704268815
                  0.09480645530165408841
                  0.48622340386139017987
                 -0.17903766112167907032
                 -0.21366783290560320552
                  0.32197037878261086652
                  0.38558105468740605515
                  0.16078980945072521291
                 -0.08703366959993219520
                  0.00773914116148500218
                  0.10618618145647513995
                 -0.32301159260889167335
                  0.21622306690958428832
                 -0.27774244918884943845
                  0.25771405440214045779
                  0.25570394704394150409
                  0.29058969726039607373
                  0.08479312046759941712
                 -0.20804607315699408243
                 -0.07215215946968642213
                 -0.02122411118356102092
                 -0.29761741338877828467
                 -0.04947928913305295329
                 -0.33862517883193760104
                 -0.30038221121153907411
                 -0.21298861716224803953
                  0.26089844978038650991
                  0.37029204205144106155
                  0.02441952835067558863
                  0.04785992192745758267
                 -0.08952041844141835070
                 -0.30488885320710951143
                  0.16958540152965592696
                  0.16508672002818267077
                 -0.22009964042044577459
                  0.07891019520976738644
                 -0.15511989673842294102
                 -0.25607907257311185445
                  0.05505602984784976894
                  0.23645071817876145426
                 -0.27856249680552219727
                  0.35937469877565991760
                 -0.30615974602475320987
                  0.19768077129458122565
                 -0.33976285105691583777
                  0.22491554719404022178
                  0.35527440455658160223
                 -0.02953820251379846856
                  0.35921861581984837475
                  0.30198153949636585835
                  0.00516926256658999973
                  0.29078028341721245953
                 -0.24434927632952443965
                  0.17063058503202266358
                 -0.18241023158620786604
                  0.04583549235647652736
                  0.31194838256101964369
                 -0.24559171250843825351
                 -0.16085809343724891129
                 -0.14523818223021148222
                  0.16702486237892158472
                 -0.02407007795574505477
                  0.03998220409936403819
                  0.01465621288993744845
                 -0.02504323537838504254
                 -0.15566571832022249589
                 -0.16369945281421119376
                 -0.19357287220948304896
                 -0.36821383338290802900
                 -0.03905048249736695065
                 -0.10130727972962454142
                 -0.28606250713458653001
                  0.21535410547089209321
                 -0.14214255277992476900
                 -0.05210681401754609088
                 -0.21595376795221424282
                 -0.30674362818531980546
                 -0.10045687331600901271
                  0.25742132226517810967
                 -0.27309526133095662903
                 -0.21566809039211631838
                 -0.24697675619148459769
                  0.29955359025352279456
                 -0.25490776640387546870
                  0.30898436301504089707
                  0.10946126194521448027
                 -0.16491198964360229140
                  0.23758110983962374418
                 -0.21890757884577666248
                  0.14339473112738809757
                  0.28376525642121713799
                  0.71646473535357335649
                  0.05898914353767512053
                 -0.06809673485357810307
                 -0.53680968778077364778
                  0.73670788847565049640
                 -0.22523811188426867691
                 -0.71787341692453676689
                  0.45391723417952439812
                 -0.58360339317414444693
                 -0.51008272361808348894
                  0.44958698585855155772
                  0.27829340191400903093
                  0.45315498886710914306
                  0.62636077513317911514
                  0.86341523590669366772
                 -1.14751841270618326618
                  0.60122991338515718862
                  0.93720425854199829185
                  0.12601262693577999774
                  0.54067335098142266236
                  0.96902538947685046278
                  0.57549520999202974370
                  0.72756652461393656051
                 -0.35142107595970611955
                  0.24465265388648327338
                  0.22608930225929768643
                  0.85315782309347543144
                  0.36932589861886794269
                 -0.89329034250605809930
                 -0.41765204187838539385
                 -0.60154104501620131451
                 -0.39891879217715631167
                 -0.72142010242798970676
                 -0.24096853558035266629
                 -0.66635635272318438638
                  0.13873749350668093672
                 -1.04179116832281648541
                 -0.12812818061694383753
                  0.63450843217547858721
                 -0.48688369598047515074
                  0.31182811244111607873
                 -0.62184290335515635118
                  0.74846482504322586760
                 -0.24857629354264801358
                 -0.59811873678468818749
                  0.33779991794260016968
                 -0.77198460512491817731
                 -0.37770528307758471920
                  0.28589643013425453111
                 -0.27397570260738990378
