9	2	1
50	50	
1	3101
  2.4977010000000002	  1.2462420000000001	  2.4927980000000001	  0.1482145000000000	  0.2935940000000000	  2.4828999999999999	  1.2462420000000001	  2.4956784999999999	  7.7500000000000000	  1.5561353100000002
  0.0022990000000001	  1.2462420000000001	 -0.0072019999999999	  0.1482145000000000	  0.0009830000000000	 -0.0170999999999999	 -1.2462420000000001	  0.0043215000000001	 12.2500000000000000	  0.3779116600000000
                 -0.64949580846664978218
                 -0.80412368707746018082
                  0.43440558127708439606
                  0.22587999699430069689
                  0.99340961654327997188
                 -0.89435234880570246840
                  0.31283488934272363213
                 -0.94252241460057673006
                 -0.45734696925641665777
                 -0.18797725826506844760
                 -0.50943712865468648854
                 -0.46238612495747627440
                 -0.88240899163076580436
                 -0.80150349218947669616
                  0.36180748490593667155
                 -1.14231168107614777796
                  1.54497115222395953182
                  0.02038094863886157765
                 -0.41050632484373694719
                 -0.20110403154986583596
                 -0.55481563475041528744
                  0.58536207221402813961
                  0.92978815698826600133
                  0.67969003428662866373
                 -0.60771210884655457729
                  0.20369175309903483906
                  0.85626601089282994295
                  1.15491637175594052955
                 -0.33131859578234168495
                  0.19682257062555583160
                  1.05707490196319597864
                  0.24083192101532963081
                  1.18523940962128415677
                 -0.32331091166091646683
                  0.50954639704186877047
                  0.81837737146405475919
                  0.47200028469659616182
                 -0.54676752357761571055
                 -1.18400930497226530846
                  0.00077376255728092659
                  0.72763303499898257520
                  0.00712426534444520962
                  0.67861179382795877579
                  0.47227213010048663122
                 -0.11515892272542228858
                  0.70826342440279033141
                 -0.75902764647565901246
                 -1.29388930978631844226
                  0.40324067970083737888
                 -0.35541602406181027618
                 -0.12175779863100791300
                  1.06784128901444463899
                  0.99874128091763603177
                 -0.01853730347499672748
                 -1.45171585990342189021
                  0.67003710614819922409
                 -0.47729401683388156252
                  0.02875923788855604471
                 -0.51996666544442837754
                 -0.43911133668751395343
                  0.42850312853926336709
                 -1.17365240220528321835
                 -0.15188260473959186436
                  0.55365714957072598157
                  0.32131547460589687804
                 -0.11389327063178175670
                  0.73142892381386803713
                  0.36914044260785977558
                  1.20593253832534696990
                  0.11777734417111705711
                 -0.10613620059707526422
                 -2.18773641468994251014
                 -0.29437947679737552775
                 -0.74438133023865693527
                  0.28220439063993379980
                 -0.04089599198203778402
                  0.47266363008031064830
                 -0.17739546831950028793
                 -0.78060858899269569555
                  0.18951180134942066657
                  2.48222779705536655825
                  1.25131767843097274628
                 -0.09733161536855512719
                  0.23301324824270383540
                 -0.14573539257578665973
                  0.32623480629239504092
                 -0.90152888087859928135
                 -1.01132879669980213500
                  0.17898991312754106153
                  0.14781725715504037688
                 -0.42438444325715102279
                  1.04006661922380905239
                 -0.00465767878703609705
                  0.04969866675346536894
                  0.38562698013867474645
                 -0.12896296730714632006
                 -0.63139929413237672051
                  0.23851866295401963347
                 -0.69019732502489994364
                  0.64048870472775831786
                 -0.82388963992608577058
                 -0.64728267122238736242
                  0.72825049342232373029
                  0.18719125374502390557
                 -0.60017930973327193733
                 -0.61190526039764336907
                  0.54783480800820660850
                 -0.38221841385048821449
                 -0.58086840587919297274
                  0.71347101047174321664
                 -1.48920975414333311981
                 -0.55693319600776225453
                 -0.28930038168024596601
                 -0.44349688123594227518
                 -1.20622741822588719351
                  0.48172424222113469083
                 -0.16778993556724830505
                 -0.74595457663009379079
                  0.61957302642542499971
                  0.50675855706628114561
                  0.37518229845451517290
                 -0.49855072036563563564
                 -0.11173598958277154714
                 -0.64724842752129896351
                  0.96671495126954820609
                 -0.05873117450249763088
                  0.87889808689872817027
                 -0.65108708895896838520
                 -0.14575346769294850180
                  1.08493586622954873988
                 -0.90956785442292797939
                  1.01448397323353112220
                 -0.43514403809205254303
                  1.16149142957777717911
                 -0.74392768190778402193
                 -0.84257065590828983392
                  0.01376986097616537605
                 -0.20733492021976793196
                  0.54996235072386634446
                  0.50777039636145071544
                  1.19045355747793113466
                 -0.50768953763405977320
                 -0.39390013429671305589
                 -0.25161765500170885090
                 -0.30248167376570817000
                 -0.34366117112960387070
                 -0.41888949704801897722
                 -0.41447415277815086165
                  1.07328826911056229854
                  0.95647013950328352294
                 -0.30528413784726704527
                  0.59178844961892496102
                 -0.36727814110424750194
                 -1.11152250862485302285
                  0.98026460130652981473
                  1.24882837515591682553
                  0.20041130868975673418
                  0.37685760249952182654
                 -0.02371360947736225744
                  0.92497207866927955155
                  0.71785915043855685891
                 -0.14116102234593097542
                 -0.95401039538124399186
                 -0.53422245449005967277
                 -1.29385901285945936756
                 -0.01696567427740847123
                 -0.56705715053828997796
                  0.97016242272437602789
                  0.14180970647336005319
                  1.35258979754374308868
                 -0.04074579672143281012
                 -0.41660082121458297255
                 -0.22314253676609402399
                 -0.72750368621743888298
                 -0.52982248425562028515
                 -0.59307055218863058421
                  1.12226362238825649875
                  0.16516426626487143436
                 -0.47873679604927388276
                 -0.26649374121657432024
                 -1.06975739661393287605
                 -0.53981945107090123503
                 -0.52619952016884707913
                 -0.48813271109666855896
                 -0.84971134544321846871
                  0.45868312215183626446
                  0.69970497497198336223
                 -0.74605523200270007500
                  0.36767909074766813582
                 -0.28233580087131998626
                  0.80457352998313813597
                  1.94137628565696429561
                  0.01930947971883442693
                  0.83029695751366749956
                  0.71092393142037901832
                  1.12612838504036782972
                 -1.64387426461750218998
                 -0.00785624306638774660
                 -0.01573340244711326705
                  0.73050832176146129893
                  1.65154409400273771702
                  0.14993190842920425809
                 -1.06189071483636054971
                  0.29172751106298716595
                  1.07855416275338411580
                 -1.97759355165637984442
                 -0.04835307637727177116
                 -0.55869986227744805607
                  0.12160948389970292760
                 -0.53183785595129273727
                  0.98808745982911716510
                  0.80638215816243163925
                 -0.37526711579285826348
                 -0.20973411457823737392
                 -0.22790072130578042930
                  0.11739599846067519384
                 -0.45221134702334647715
                  0.93721063176858532273
                 -0.86515229917093805501
                 -0.66329910836970285004
                  0.64772630851640466965
                  0.56982666347638122328
                  0.64440972849608679773
                  1.18118919811077049964
                  0.11216103687826854685
                 -0.96479689487863762309
                 -0.36849057620882524899
                  0.38190797702556755766
                  0.44225626026558684245
                  0.20377503301271651659
                  2.44287479056586231962
                  0.36018803728659704033
                 -0.72340245186517981857
                 -0.02213530549377963272
                  1.50771372500247635706
                  0.07122907612132110822
                  0.12961230845088347885
                 -0.67866072162864865547
                 -1.02238435723867415739
                 -0.12666332191020807096
                 -0.51180038611345313182
                 -0.39867439609201604789
                 -0.40177127807684193117
                 -0.44480531136818951543
                  0.30539318365538664635
                 -0.74260261589200260435
                  0.63247798868081739343
                  1.13255575001553077108
                  0.47069904689911140627
                 -0.71881473777181303930
                 -0.41218222186458008949
                  0.04281363285374920058
                 -0.29895231656281900934
                 -0.74522476386407543458
                 -0.53936210485258517799
                  0.20860819070430786093
                  0.77882207347719667467
                  1.07023449446889551417
                  0.19931568110476194366
                  0.18101077009324084699
                 -0.20044871651236637056
                  0.44664001206682074629
                  0.74957792247272159170
                  1.01145835057372379673
                  0.31389351351875832696
                  0.31700110542426618299
                  0.71128069453201336891
                  0.61726347628893984965
                  0.06300723397052791774
                 -1.60042730218235274009
                 -0.99220911312768311774
                  0.22593274029860566099
                  0.65664531659842151345
                 -0.94489112454320667300
                 -0.38885483169820844740
                 -0.01583538149933721648
                  0.25578076814058248178
                  0.88875201157411976016
                 -0.05140118844540823850
                  0.76147402329420643685
                  0.16575253998681599432
                 -0.83366498772998975930
                  0.59125972097355206092
                  0.66512802802704895644
                  0.79882744101152292071
                 -0.46260424778792547107
                  0.37916034488684458026
                  0.09527429355219239893
                 -0.68261463258681742694
                 -0.99935415579784858675
                 -0.95224467910533394654
                  0.59258152060473257006
                 -0.87746390377600436139
                 -0.24119239733530228875
                 -0.56197322512001723904
                 -0.25048468081861219314
                 -0.03654207689167720402
                 -1.28612012773014039446
                  0.14382972611769972993
                  0.40561682907101864748
                 -0.65454295802990236641
                  1.17319496653540333853
                  0.48011915453666298426
                 -0.77972370043024219477
                  0.76047628799841771041
                  0.05685538217868375821
                  0.00838980345472013084
                  0.06263355391295521990
                  0.70276093334459466266
                  0.59204549881967294400
                  0.89169964722582706340
                 -0.14551852916713484132
                  0.85126600896715620692
                  0.78425538306046649328
                  0.18466815423791191342
                 -0.22969133862155349801
                  1.06480370367282017874
                  0.17906959589287435586
                  0.20878222213554814557
                  0.66065449603013237656
                 -0.30992665549330022934
                 -0.11374746519519150778
                  0.44548606975459414947
                 -0.52613056453117379441
                 -0.17080199755392394545
                 -0.45398793686664556946
                  1.28304890195698351185
                 -0.42917335866934647193
                  0.68791210002019076430
                 -0.77583149126814732188
                 -1.05849983646358913880
                  0.10808777212279117863
                 -0.22186805245428223299
                 -0.88747529670698377391
                 -0.48174490051033946880
                  0.60035358793997029014
                  0.92960611197698095332
                  0.82795924850043289833
                  1.33764926804650685632
                  0.67558601826898700971
                  0.77160593685853440249
                  0.06036211486075195726
                 -1.00465608113241544608
                 -0.80915296862465257988
                 -0.92871228284127116392
                 -0.73218546821446284234
                 -1.25751963865479821081
                  0.61225975645089503185
                 -0.65814079340823872233
                  0.18936294959306737562
                 -0.13067828416883112141
                  0.79763172569031370873
                 -0.58462325927272440484
                 -0.68515137234773904051
                 -0.54432071216004318526
                  1.18680061777035916748
                 -0.08524980564304604491
                 -0.65671977465838260457
                 -0.29021212115213895766
                 -0.27178871007608085275
                 -0.28904866803085382809
                  0.52746120482924219175
                  0.60415476879738272409
                 -0.25798625148981663147
                  0.74088824555676202621
                  0.01682012414104357492
                  0.70103477921639245629
                 -0.78414838300548872496
                  1.66513565154822784642
                 -0.65045805748454688100
                 -0.14711373345748424146
                  0.77558084017966055779
                  0.55681537860128083040
                  0.38442608390693577824
                 -0.33406108350784313732
                 -0.53078937924514835167
                 -0.48038211914440115402
                 -0.98857790569230696853
                  0.93356428269296110045
                  1.41899513386102826829
                 -0.75515160064871411638
                  0.07508865821624656489
                 -0.98280208124618317900
                 -0.31293102712330744808
                  0.24070870675791247728
                 -1.07991823462708946835
                  0.05691035251221289448
                 -0.16749874540707929138
                  0.51191175654690335151
                  0.25027569888260475794
                 -0.03580438137280004401
                 -1.01480417366614039665
                  0.28366134359376288243
                  0.47730913547536285568
                 -0.62645501592018559833
                 -1.26621776212141856632
                 -0.51416357152008740350
                  0.23026997421289202572
                  0.26244883696453530364
                  0.13096853901043092883
                 -0.34023577931550125220
                  0.30743613805709069098
                  0.19777080643396788284
                  1.85584598898375552345
                  0.36153650285237426409
                 -1.18659809096888646529
                 -0.55400984519944052042
                 -0.87176467140261204580
                  0.17012273207968930944
                 -0.59239311177579556666
                  0.43340201055367078009
                  0.45806537861601287487
                 -1.69593058654895112447
                 -0.04268408867235189835
                  0.04120158222668573317
                  0.04047425915693755177
                  0.10431062386791084551
                  0.80831082684489552470
                 -0.64283473579425010058
                 -0.75459037509657633791
                  0.69034647854124331356
                  0.56618624536833217498
                 -0.36730770740628410076
                  0.48768574853738877461
                 -0.09717071434987398226
                 -0.54421154139349425805
                 -0.49856395901773631341
                  1.06014610882226234523
                  0.65784255228288868178
                 -0.62235639135013709478
                  0.86406501555672798887
                  0.94458642486798272131
                  0.99360054382573603782
                 -0.40499279900738155424
                  0.35669053006285089680
                  0.70756592746987523324
                  0.39794464956766156805
                 -0.35825427671469184387
                 -1.48520946587333058098
                  1.05118151994904396318
                  0.24729152151424602102
                 -1.30207509266982168761
                  0.38205690742881609490
                  0.24945360881373501716
                 -0.58781539298403218119
                  0.15260315376884397987
                  1.14514002033531925306
                 -0.32999630689907410996
                 -0.45747314460022292515
                  0.43760910927927421099
                 -0.08245391040570869412
                  0.08068691266771108039
                  0.02342373488969260939
                  0.20333672603938959811
                 -0.66403135619375630583
                  0.22274393595558961145
                  0.19023053238376338991
                 -0.08148353696230548060
                 -0.00142715339309091964
                 -0.37651064981035342605
                 -0.19459123716133908122
                  0.37198854937929298758
                 -0.10815190085529127750
                  0.03594749518650905418
                 -0.12108991926987383581
                 -0.04378908589290725351
                  0.10499150831745955592
                  0.11718278411135782391
                  0.12545353708016021566
                  0.38214924543685746539
                 -0.22373515112296343821
                 -0.34772152774033882050
                  0.18631009471809942268
                 -0.03977491098261082270
                 -0.35334906857251380252
                 -0.26218669758455215302
                 -0.00769612636083796993
                  0.43386094332112762340
                  0.67080193619861561150
                 -0.31496055486934981804
                  0.18318323393230057095
                 -0.46097083870785093840
                 -0.01383621345836275399
                 -0.00167064498480688078
                  0.55175866557009189961
                 -0.16119042687569273831
                 -0.37292349865314960988
                  0.44391814403410140288
                 -0.53676782213177687275
                 -0.22915670985663361137
                  0.09230450762443798141
                  0.20871747623951755757
                  0.45125210677219651512
                  0.00287808666399924813
                  0.36899593619787068866
                 -0.10344524683363866269
                  0.25966469011982207249
                 -0.01240755301594108351
                 -0.05644146577862774183
                  0.29759082899531252853
                 -0.11840629859239416855
                 -0.20840522376429682083
                 -0.21631216342870723812
                 -0.08343340717425606901
                  0.16978875321667058484
                 -0.18870091801000174470
                  0.18307915541189495601
                  0.08418400676534171234
                 -0.01903713433569076061
                  0.02598523640808366245
                 -0.12149007577817622083
                  0.33166685490055330954
                  0.02654478920679644721
                  0.48039827616744773531
                  0.26763301631422864446
                 -0.10415644704219399752
                 -0.05692516636511234240
                  0.17809405750574622274
                  0.23585510911761511932
                 -0.11843732869492769322
                 -0.16492422916145196843
                  0.10341095440816970574
                  0.10493866129275900012
                 -0.05813290094635945038
                 -0.00603789289064106567
                 -0.21321606549067026459
                  0.01388713481145502360
                  0.03004422411079470806
                 -0.23164427189261824203
                  0.38798980790161480270
                  0.76702464838435735484
                  0.19143672897882918482
                  0.26687898602809884130
                  0.16462937694757054374
                  0.14553023823845614992
                 -0.13275130004553550855
                 -0.05981595617890616418
                 -0.35447705355391601056
                 -0.52619508449512719661
                  0.29919154543401155211
                 -0.08441871009289599048
                  0.11861889849710781364
                 -0.04228157762510366402
                 -0.42715757741636606326
                  0.16993396293510376616
                  0.26822474990523459404
                 -0.26093910329063252362
                 -0.15867236995704706026
                  0.42383762661137425187
                 -0.22570107729909008598
                 -0.17125402656557103809
                 -0.33260904691929915611
                  0.05852791241717608672
                 -0.27333518941671741675
                  0.02535350409729777293
                  0.07119496266652135252
                 -0.04144014056070226271
                 -0.54039150926454049273
                 -0.10236444084192325432
                  0.22855419435136598016
                  0.03975317254229648184
                 -0.07852874992067250537
                 -0.07352526357721037020
                  0.13421095251454442931
                  0.10214474106395905750
                  0.04029269330517400854
                  0.29990574491072513608
                  0.07561815561737551816
                 -0.25703104209285720927
                  0.25827256611826043819
                  0.12820271746598782547
                 -0.14050189537847562748
                  0.03879638576368817093
                  0.02218393480582506877
                  0.52687878106682251023
                 -0.36370770391171125535
                 -0.06327558632959809359
                  0.25327385352649339767
                  0.15728224926791065097
                 -0.21701234188553941706
                  0.05553844716666277853
                 -0.10670781853246062709
                 -0.01918895948897521644
                  0.62132314661596477201
                 -0.02556580686504138569
                  0.13276815373230124728
                  0.41226169948650381869
                 -0.22729023923017102615
                 -0.15846083761743839924
                 -0.08264228889106631226
                 -0.04512770056441103156
                 -0.18925198068509932470
                 -0.30302860831402800290
                  0.14788639609896975236
                 -0.13235340729440281393
                  0.40655836527552879911
                  0.11762516591893776297
                  0.39388554570167638724
                  0.04266047487276194983
                  0.00046323662824652913
                  0.13894853927556377604
                 -0.12793868036604733041
                 -0.02140342795907307361
                 -0.03395945043742145536
                 -0.26867931136573802720
                  0.14935175300377961927
                  0.18683327166424310017
                 -0.30708763306777014934
                 -0.05395766194551505912
                 -0.16009776562229835473
                  0.52138418376760653494
                 -0.01501788055076860862
                 -0.04364522225501434038
                  0.21735942010461445362
                  0.00221058214760130184
                 -0.01332348895661530919
                  0.15068505363223819171
                 -0.23397961765625246988
                 -0.14313114181107586265
                 -0.57718971846049038632
                 -0.20023670606852919662
                  0.14269262116464614953
                  0.21194137243270491644
                 -0.00364152843836242123
                  0.45502451320159492676
                 -0.04671601835336465502
                 -0.29563521207399201529
                 -0.37526518365595828985
                  0.04921351585726243399
                  0.45525790852656827790
                 -0.20069645881968423140
                  0.04171235102478134532
                 -0.08790083685075882058
                  0.00930478880848976606
                 -0.26270114564458185713
                  0.05230481291840050756
                  0.15853839499240410249
                  0.15081124545911592238
                  0.02370683739814001892
                  0.02688297070219508936
                 -0.25332192556532368011
                 -0.37627012666149362019
                  0.04155010307527420843
                  0.47518302772075077245
                 -0.00256295597303840637
                 -0.06028538987021440226
                  0.23934826754401383742
                 -0.22585870672839525319
                  0.16080784547543669483
                  0.04580320289170709824
                  0.34361194088559826598
                  0.02172900886216871594
                  0.14850470014631156346
                  0.05003543832496262084
                  0.29971884157492512113
                  0.02685394636550791914
                  0.49631919333383395232
                 -0.21782480902366235798
                  0.06750698012026176698
                 -0.35324207618057973379
                  0.07261041278221325168
                  0.11274285330859704080
                 -0.05781885958273857290
                 -0.24178280099659341107
                  0.09042932667452074913
                  0.00836793183660217849
                 -0.17567480292197001912
                 -0.46663060703273157026
                 -0.12764514678123847768
                  0.15109348325790777912
                 -0.18888208371423784171
                  0.38126419249006454626
                 -0.12755767513642521371
                 -0.16239753802174147768
                  0.11377614269636270039
                 -0.27437614299868723355
                  0.04925406132650155672
                  0.08538068690147491979
                 -0.14691364070602044856
                  0.19844499866548512279
                  0.05648179902361383231
                  0.31485333388719521919
                 -0.29668413403572885256
                 -0.09572100293953640648
                 -0.21144904391211447048
                 -0.21979739363052344658
                 -0.47353876159788910183
                  0.32531240954947793220
                 -0.34260585746822869169
                 -0.39333823627189057337
                 -0.35143849093233542336
                  0.01245363618304112276
                  0.03981064529267543117
                 -0.50161184735567432291
                  0.25453516776316637005
                 -0.55852520236951874733
                 -0.22588628515508007988
                  0.41588403315151384332
                 -0.10105481854746957426
                 -0.31823348300639431319
                  0.16750674178246841017
                 -0.12217171476381924466
                 -0.04711487244149699383
                 -0.22275370944715183752
                 -0.41795661166176256707
                 -0.18940962074967265805
                  0.05755105386871715856
                  0.04830421388143447958
                 -0.08807082628964876814
                  0.03997311152143814134
                 -0.13765366708770213067
                  0.13250299525373218645
                 -0.04999902737530473318
                 -0.28882166154937166658
                  0.19077003847477994047
                 -0.55937223285593939970
                  0.05364474161098726351
                 -0.26894140139106048615
                 -0.27105726558402343240
                  0.03352789281317170023
                  0.22591690821154436497
                 -0.51418608658668030209
                  1.13904256027416250774
                  0.20222116068648243736
                  0.01224316036356713246
                  0.32973210086625226456
                  0.32620216936970880539
                 -0.04574193131193362433
                  0.24481794889058200448
                 -0.07644334307774112991
                 -0.19342737405093424208
                  0.03689046433237349459
                  0.29379690421974558046
                  0.02738897538795405720
                  0.18777848557520188111
                 -0.11595806061534376374
                  0.49341952844858766314
                  0.28120646947158978168
                 -0.45936359815330729539
                 -0.29401821951209328176
                 -0.42931364397097571128
                  0.09776583990198620122
                 -0.05120268661623025158
                  0.39542620017649460218
                  0.13542606410097346448
                 -0.50865346971830893708
                  0.47455698589451922320
                  0.03005352135125284249
                 -0.11533884413705595973
                 -0.27188517896194064338
                 -0.14920759268968358802
                 -0.15645785626806604784
                 -0.07722090041148579886
                 -0.12721540718695978356
                  0.03062575500253745045
                 -0.03992797090046894259
                  0.17243422415497755562
                  0.11132075591164405926
                  0.10252386398486842967
                 -0.19580030539112577848
                  0.34619427917568051933
                 -0.10176340389143812004
                 -0.36977983204562026032
                 -0.16029317720729377439
                 -0.42079226020559457044
                 -0.18727503255510635771
                 -0.11978175366526007395
                 -0.25874810067784537182
                  0.10644342956655243604
                 -0.33136962496420868662
                 -0.39092661967070313489
                  0.41412482684396662025
                 -0.16801650492464834108
                 -0.02932917782983108720
                  0.22399064392823989089
                  0.41327839124901405432
                 -0.18927547985537065967
                 -0.18617782350834982674
                 -0.06706731604992809126
                 -0.20716403507193920097
                 -0.04032893282292326215
                  0.07092949588885939793
                 -0.05626018721781337467
                 -0.27624299885191511139
                 -0.44526173702083404748
                 -0.06444678642814508085
                 -0.04741642604002786754
                  0.12687408320029081032
                 -0.03646671287764675917
                 -0.07552088626590632015
                  0.21225997196318222016
                  0.00672978282315822920
                  0.13509888372071893192
                  0.50926935606550927105
                  0.17680084474867102662
                  0.34094820765087496817
                 -0.08101226648311143919
                  0.03711165109684168989
                 -0.05404336850654745811
                 -0.03520538132079358007
                 -0.13375234986321307695
                  0.20765789676837370648
                  0.32334276117324706190
                 -0.16658055536054822143
                 -0.07652744038704971385
                  0.29895189917593106843
                  0.37290227514654772367
                 -0.38866749701662045569
                 -0.33763206972684212115
                  0.24484694186760991297
                 -0.11703670242932054379
                  0.19750076018619577845
                  0.10332748971546952543
                  0.20908931506960395930
                 -0.28711446189090905623
                 -0.32239202945257722233
                  0.28379567837070868164
                  0.04414566659254761521
                  0.27817106438540240010
                  0.20030318207465194758
                 -0.00559838769307897770
                  0.12412739542124792691
                  0.40559053672718786698
                 -0.00641495972161510580
                  0.31922119394732534348
                 -0.21196275374705100814
                 -0.09747882887812674146
                 -0.09541573008373498144
                 -0.17178397260926944745
                  0.03773037245763945918
                  0.25679283759055621106
                 -0.07257544330732187965
                 -0.26001012725600397557
                 -0.04970778188166184719
                 -0.04540540313426968955
                 -0.00423947386643527824
                 -0.11868754155648247872
                 -0.35139987869300115531
                  0.16190711708018662440
                  0.23160874254400592998
                 -0.00285384533073876909
                  0.28437085373303966351
                 -0.27014589178986159190
                 -0.32602363968048064802
                 -0.03660014369093151504
                  0.09726908085307425789
                  0.13657376060532047668
                  0.17748184715387332888
                  0.02656936516794919725
                  0.06733006488011127055
                  0.21720690183836982579
                 -0.13859196477033214334
                 -0.17358068331883322322
                  0.24130034238459791007
                 -0.32017487942740874285
                 -0.07065593269266445819
                  0.11472322943037684129
                  0.12359260412332102874
                 -0.48226207546260280168
                  0.44263446935248967895
                 -0.10991052735718458144
                  0.03353761698598130281
                 -0.08063787204098453454
                  0.50544172964978895113
                  0.65266763294450913513
                 -0.13109726380794628486
                 -0.20024280512004608013
                 -0.18200958585406915025
                  0.18930307094140130797
                  0.17439047047637273868
                  0.33451224009572738671
                 -0.20039592618074592023
                  0.32694257116919439587
                  0.12377535151841105587
                 -0.33849701776577784118
                 -0.43069446507255709777
                 -0.04442595699145713423
                  0.35342769094765497107
                  0.26269109910941024211
                 -0.12677951606816603713
                  0.13338546029171957641
                  0.29459894704114125696
                 -0.03749118625070986532
                 -0.39770190168762897809
                  0.05942525248870186155
                 -0.32190647518071691113
                  0.12787798468271860397
                 -0.15297892199186791107
                  0.28042965986209761331
                 -0.14148533743473248880
                 -0.25014032548619064000
                  0.39913747070484345558
                 -0.43792411913536244406
                 -0.33274474494782813050
                 -0.28859724666566810569
                  0.39910465502135494820
                  0.17035552991213995244
                 -0.11232126209002780970
                 -0.11508927307585477273
                 -0.14169970840846690674
                  0.05549113609647532419
                 -0.24669589010317879985
                 -0.26283769995709121980
                  0.31995080919253254814
                  0.28463825025398103996
                 -0.06704207043434741442
                 -0.12832229177231591066
                  0.34796340002992154350
                  0.09680208673893322957
                 -0.20287291614464755818
                 -0.14636552609743408437
                  0.23124026010782550156
                  0.38756108068859729254
                 -0.39387925092801251425
                 -0.14809945706233379470
                  0.24861158322364151907
                  0.36205540465280472429
                 -0.25383990405073270091
                  0.13668006506044461101
                  0.00975684376684075871
                 -0.05111124969405996671
                  0.18762214908144808634
                 -0.10448639478971470662
                 -0.08023813149717129445
                 -0.25756574949239452454
                 -0.17812048006635344821
                  0.04430480985403677241
                 -0.30518526840227172547
                  0.02122320245209625630
                  0.06408072855509309995
                  0.43640627017553024203
                 -0.02519397592763980565
                 -0.10604859229713103907
                 -0.24604033478475384467
                 -0.09568769294203832709
                 -0.29613028440067079572
                  0.12366374413039817048
                 -0.12324572462680655205
                  0.42790360688394346589
                 -0.02438763669952465768
                 -0.10485888493980796699
                  0.42523583487323574071
                 -0.16036338076778261508
                 -0.04240359133569098632
                 -0.30310754570804515629
                 -0.47362494255399323340
                  0.18936019729170797121
                  0.08959209009536056589
                 -0.00180257435434501593
                  0.12462745397961472182
                  0.17442447977564917716
                 -0.12711979090041813922
                 -0.30530487948046031166
                  0.26677487726826770720
                 -0.17344189345979527106
                 -1.16676618005094279162
                 -0.19210712379792219129
                 -0.33233395856795899803
                 -0.10616662404113258455
                  0.49353665298116417004
                 -0.06130513132685544431
                  0.03198831163759283114
                 -0.53912298864945884525
                 -0.04367529266147135436
                 -0.09897027725948277788
                 -0.06101073869224377111
                 -0.09129399784457384315
                 -0.25653639197849653630
                  0.18466920138026760023
                  0.18283746349015658761
                 -0.09893824860033684221
                 -0.86310097538153429664
                  0.85614459138215914802
                  0.25731253304425522055
                  0.27529846453591122479
                 -0.77458817997814732870
                  0.38598646499064903637
                  0.34402060179138488349
                  0.05298217250676495044
                 -0.04260821803538527436
                 -0.09243306840545446879
                 -0.09250553507284188515
                  0.01309865776706534320
                 -0.35737815279952789282
                  0.35603602928540495354
                  0.05389850305529231972
                 -0.49557224862542131882
                 -0.12109084282789547848
                 -0.13155121868250568840
                  0.07425986092577079034
                 -0.25017017709123146041
                 -0.16875015408323948418
                 -0.81445468567223655576
                  0.24836083980797471482
                  0.23897417205001625362
                  0.22995526172999020131
                  0.56027299211459813399
                  0.08352129869705277043
                  0.02798160288757133018
                  0.09497019257636113432
                  0.13645852797274690693
                 -0.06022986214069172423
                  0.29489913174252735395
                  0.07369478654562577891
                 -0.55995255752236539060
                  0.42255621792691622218
                 -0.11846565606130858572
                  0.14205486973311498566
                 -0.01007820980987575790
                  0.13575438780885326628
                 -0.10357644577940817998
                  0.02030968235657837698
                  0.11577904696219575020
                 -0.25578187245929712157
                 -0.12068485438168716217
                 -0.46096932492843473161
                 -0.05425578129269111732
                 -0.27388971589937632922
                  0.01399743915509782041
                 -0.00076624607289223342
                 -0.16881565230562911584
                  0.04289124977230520525
                 -0.21854536209700700655
                  0.05570701631509736990
                  0.17646925853074912904
                 -0.10926311800402413454
                 -0.12286490161283336597
                 -0.09331576993703682987
                 -0.20503645429990036142
                 -0.15138813777074047739
                 -0.38052820515954649538
                 -0.39449251923337980141
                 -0.12963509181702212447
                  0.37706949855047766640
                  0.45937483119465477577
                 -0.04876568525782965652
                 -0.19850358278243865340
                 -0.19999328979139649465
                  0.19903425621844458848
                 -0.06606160513650151389
                  0.11584057460237795478
                 -0.23364979829981544213
                  0.27003490653342582251
                  0.05672179720947460174
                  0.21152782958556673454
                 -0.13378777606211247897
                  0.38422202905806140949
                 -0.21331041817062779131
                  0.21667904445799557323
                 -0.03803492997728302738
                 -0.29013946231251014352
                 -0.05499613609239209500
                 -0.80415900727317568553
                 -0.08330174783631658086
                 -0.07365496683928074440
                 -0.29298420888989301636
                 -0.47293578470766300947
                 -0.06889585894889549422
                 -0.01832187573572488168
                  0.05600498284832775703
                  0.21231512645162087249
                 -0.53178080035422192751
                 -0.92728139215330118716
                  0.30349252068928284087
                 -0.16647025284883357199
                  0.59593061453362605739
                 -0.44285110542928829425
                 -0.12055561784752796828
                  0.56608363384060755852
                  0.05589518751982426592
                  0.04423192456836329972
                 -0.29295402292663541566
                  0.25988962138296561877
                 -0.06403781740639566400
                  0.01721416289248644399
                 -0.17439611319567419057
                 -0.02498618928348673301
                  0.34451660286440527470
                 -0.12346255741866213329
                 -0.11653485734568042043
                  0.43509649086479673663
                  0.13080503974458410066
                 -0.41688460198336019236
                 -0.37885084577802208283
                 -0.50474419635815714891
                 -0.10765202147795426002
                  0.24145389477380596599
                  0.69320341746939950767
                 -0.46679079955914454247
                  0.13467197590338653157
                  0.02117272996160117146
                  0.34068602284372950795
                  0.02728920039598072000
                  0.00034992957680803332
                 -0.12987974953371383968
                  0.22777976426223936479
                 -0.11486321315635981966
                 -0.49693839641703163590
                  0.45237390434894209079
                 -0.11868609933493896869
                 -0.35976844762414067480
                  0.18661439211076716327
                 -0.18696403403739067506
                  0.21675578081801583075
                  0.01370947341155213939
                 -0.15278055241716143042
                  0.12814673136077711635
                  0.07602926080859387370
                 -0.09664096739046246221
                 -0.20744194668611409815
                 -0.14464408967803041306
                 -0.20748900981949269795
                  0.07243490166145054310
                  0.02756068158177159624
                  0.30844786893315817577
                 -0.17165027063752072434
                 -0.01810771377567313087
                  0.36279047190113511423
                  0.11867789284300095387
                  0.16922485466470810200
                  0.50786247578986254414
                 -0.04307687183556685451
                 -0.16226829166901984847
                 -0.00272331559696298601
                 -0.13363765431024540731
                  0.28960498451300631384
                  0.30255955148431795676
                  0.53911299389397460136
                 -0.55333317195088249640
                 -0.63240111510733809652
                  0.12754908213993426669
                 -0.20027252231210176947
                 -0.04535836921015888590
                  0.00661777545023251035
                 -0.06465929134575199022
                  0.42282520720703919981
                  0.01773679353231596978
                  0.07764114951285118471
                  0.00524189122256246177
                  0.25980627818133206208
                  0.30851684989144234628
                 -0.17659625606263518183
                  0.32285443009138892201
                 -0.05808663373388818496
                  0.17906174150964743186
                  0.10535170987389910757
                  0.08778173876610513571
                 -0.17746055728984225230
                 -0.36406342150226805865
                 -0.15815326540549740075
                  0.04474261895738682049
                 -0.12515195710451315625
                  0.14793957757582626433
                  0.50475240828501466428
                 -0.19229353303653759499
                  0.33450623542692714540
                  0.10467650264517390502
                 -0.06612963218977996327
                 -0.05463972302969458128
                  0.04842694415052119922
                 -0.05943529927372029342
                 -0.03152742243494671692
                  0.34767178548578780983
                 -0.46344238556490097158
                  0.20902735761932056402
                  0.01823301434113148295
                  0.50598470341747481260
                  0.23571233396234791968
                 -0.54223890119208772997
                 -0.21996321817141831212
                 -0.17499222127673422222
                 -0.49392447103068987113
                  0.48303174305431328950
                  0.01318652070428182749
                  0.07382397774192159257
                 -0.05383340852909091617
                 -0.02437192903071349476
                 -0.30000890008988367885
                  0.51080714055457532297
                 -0.06616823318048828395
                 -0.04251841499382959244
                  0.34952822426999302641
                  0.12380433756673775436
                  0.02702028085507596211
                  0.15584557155508160786
                 -0.21664491963168819311
                 -0.38456259033819745197
                 -0.20892901628583973594
                  0.35639656804912267507
                 -0.22028747625238412344
                 -0.14297586477437415620
                  0.19414004714953289610
                 -0.10602154805549643402
                 -0.05159281665772126602
                 -0.16045220415502858824
                 -0.37420218846275904445
                  0.11543360227065811718
                  0.63548839499935705355
                  0.20881193295106659225
                  0.35947759419586233776
                  0.31122987036583182885
                 -0.30379947946811297621
                 -1.04167295714763419312
                  0.05890814094793247330
                 -0.62423116125980604441
                 -0.05845915712740787362
                  0.04552059518738216237
                  0.47128963287349251443
                 -0.12630181358430647709
                 -0.06974097724231920203
                  0.25611494089650160833
                 -0.38999076647497987747
                 -0.15527686559490719298
                 -0.04363588141943974819
                  0.25778115788943045672
                  0.22618045741968581530
                 -0.14618561095878429557
                  0.16289120475478996442
                  0.04142899425295510502
                  0.25348324077880096672
                  0.26509938060756804701
                 -0.22184502002333364445
                  0.36663249561027189127
                 -0.01756833495359892347
                 -0.03356450568369426929
                 -0.12380590456822025691
                  0.41700829687748819374
                 -0.03554137982138587393
                  0.00064259862253663626
                  0.45147678510050648359
                 -0.00632937032253054130
                 -0.11601531834683584399
                  0.39635757716378644533
                 -0.10796982976790935049
                 -0.18109123565681362056
                  0.10388408859523365346
                  0.19999093739943682446
                  0.14932281287733009667
                  0.23557899654603747797
                 -0.14591788143952871826
                 -0.17912418809220126414
                 -0.10581637693680390200
                  0.04793009832329170328
                  0.44188778302205050652
                 -0.61364370799702316894
                  0.08086192372795926453
                  0.14111871954219665226
                 -0.51648707332484655730
                  0.03441334708964632200
                  0.09854938701804367984
                 -0.03336561507477000393
                 -0.72367170314429551947
                 -0.06973332204130744394
                 -0.24687715153241895916
                 -0.07408898607947432546
                 -0.06377029854250353125
                  0.16688531825148011922
                  0.09307610781762157282
                  0.05648791243362630971
                 -0.26132079051684825588
                  0.05033139130575216974
                 -0.06499189336209867940
                 -0.13038486666571330597
                 -0.32473883472471554157
                  0.01689027098757751172
                 -0.08123724902319301444
                 -0.16790994086788510464
                 -0.21346908169582104464
                  0.03539160594059219400
                 -0.16459561469219688434
                 -0.29538207800267157754
                  0.50850861775189426517
                  0.02882565348083382731
                 -0.81654569616049810232
                 -0.09133899515592613927
                 -0.85855669715655458241
                 -0.40695679945802432087
                 -0.27760575438202494958
                  0.76127560817931683168
                  0.19216797062725574086
                  0.04070595931134043943
                 -0.29334894008296746870
                  0.27224793098073774011
                  0.23117523530275652099
                  0.34193630203625391406
                 -0.24940914239508282790
                  0.04409346616214492726
                 -0.40586338890869239071
                 -0.57492647314754086185
                  0.13062421909686480759
                  0.03798339236074386310
                 -0.41733009719276120686
                  0.38426564708615196242
                  0.24829501992471886274
                  0.13331798799641539355
                 -0.10619320323440815945
                  0.16123187135759686761
                 -0.26578202584243226791
                 -0.57353514309853370623
                  0.32182393141774440215
                 -0.08297602521157633471
                  0.34233051379414330961
                  0.41097110482921606067
                  0.23473252182246162612
                  0.32350920703615515528
                 -0.50705451331489626021
                 -0.48182661041917090872
                  0.54812377186175698096
                  0.10533668057383846484
                 -0.00583132628319394004
                  0.12747424106603194582
                  0.30330087849432496583
                 -0.53066019741289249811
                  0.11096030604279887022
                  0.18989673421428657218
                 -0.29954600747459808607
                 -0.14799247413286917285
                  0.07564255231621946907
                  0.53093086778701392703
                  0.13702961782605072028
                 -0.07512207656873869099
                  0.06245534566074478766
                  0.18475910589933391970
                 -0.32587376161821296483
                 -0.07597418757900689656
                 -0.30650691368653204538
                 -0.10375922247188947012
                 -0.02506463697286676756
                  0.09433231214397071185
                  0.02971538207330622072
                  0.01017884174576407126
                  0.44077805846118861544
                 -0.31471233479986610027
                  0.05830115095171405776
                  0.50175446074095098048
                 -0.23002095006864545224
                 -0.24382064322666494038
                 -0.17926997820475445988
                 -0.48214033141308648700
                 -0.06464427748082245129
                 -0.01982697431931380178
                  0.27529585237919595997
                  0.01974706825381787600
                 -0.21829380395705613727
                 -0.06562966525867480749
                  0.14952524866299482520
                  0.02618511580032074557
                  0.22412049426487226644
                 -0.64477493881623504368
                 -0.03987947738177818890
                  0.03387036845404692992
                  0.07609070875896360719
                  0.21949508543255530357
                 -0.03549134280463825397
                 -0.00283686207566876325
                 -0.23944931285921719488
                 -0.02972592439699206501
                 -0.47415253823854019988
                 -0.31494976617804876229
                 -0.14011408954150747497
                  0.02074662768378812347
                  0.17374663027484427147
                 -0.29382974295482799931
                 -0.45995298132620426879
                  0.08043366028070485230
                  0.00431462853417355699
                 -0.01126454547562700560
                  0.09662026401625989358
                 -0.22109902739897283053
                 -0.08858690469266476686
                  0.17316566919727421903
                  0.15347680627226795158
                 -0.66677414919819322225
                 -0.02707388661054536266
                 -0.03698661055846384771
                  0.69915907048954650804
                  0.19367677801124347226
                 -0.23853564286314904441
                 -0.27821197295842059471
                 -0.10668409226504618759
                  0.26162850162201872761
                  0.33032914581701455781
                  0.33211199165649712972
                 -0.04438122922610372029
                 -0.08037733465897294038
                  0.04466376956547059990
                 -0.29399210923915347626
                  0.37189785436255123896
                  0.29285102454825878704
                 -0.20822277900491534264
                 -0.05386811510319867297
                 -0.15590390218275784751
                 -0.04100000263453138644
                  0.74192329659434630429
                 -0.34049070223820465664
                 -0.28394101302896768146
                 -0.02726375017082242891
                  0.49626579451388397324
                  0.14417454088390835309
                  0.02237993406247951178
                 -0.12366146403552577548
                  0.43678444966795398896
                  0.35868802971141638958
                  0.33650334595098185808
                  0.06286452134346454113
                 -0.01107669971402520590
                  0.16331125445155053599
                 -0.37232162070270630183
                  0.13230601943788894426
                  0.36249292774002855877
                  0.14607391401406374931
                  0.03267764460687685307
                  0.11769117911571297386
                  0.10383489167105701412
                 -0.45296329095875603743
                  0.20203181968701869331
                 -0.10324703570307883216
                  0.14276764993117618818
                  0.30698976863966748185
                 -0.10407374758905932333
                 -0.05443030056002556849
                 -0.01899855101716250994
                  0.22022547540504436303
                  0.04127703582790585857
                  0.44172702302751831738
                  0.05180840400018910802
                 -0.09110167353330873852
                  0.18853755250298068202
                  0.08935279581975320851
                  0.11554073628990985112
                  0.71807444159708977427
                 -0.20847464153265940490
                 -0.00780263902942129016
                 -0.34958649863333673968
                  0.29617615952403875124
                 -0.20170628654386904555
                  0.54999367662137532697
                  0.06757875311077835012
                 -0.13976383554868365700
                 -0.09766930707554670466
                  0.34411521332886035873
                  0.00416455170638511778
                  0.26972330133705180177
                  0.01198428192758594323
                 -0.47834851394847743844
                  0.47789568848730623607
                 -0.25707478823219909181
                 -0.16594661685577519195
                  0.11701419487759347204
                 -0.06011013059440223349
                  0.16364101317879473085
                  0.31048673813581190162
                 -0.20294254300859851381
                  0.07146437523133042369
                 -0.29411089873252310722
                 -0.24860580596998196889
                 -0.14434698726770522903
                 -0.06467240808976151833
                  0.68981526330322517904
                 -0.07752050635950281932
                 -0.29231321966327344919
                 -0.21540199216173352981
                  0.00240215811641346193
                 -0.17002964678869730841
                  0.03944026032503084034
                 -0.27872570206273900029
                  0.00241972270150255745
                  0.06968462759136967444
                 -0.17648105520134213520
                 -0.10179514036521850051
                 -0.44959675884934707790
                  0.10806450529018991891
                 -0.18364266847215163225
                 -0.06156924105105244377
                 -0.02377917493123110973
                  0.26983920618960854920
                 -0.35268363691583182185
                 -0.32429748562659904687
                  0.43141038213168420024
                 -0.36024235664169623750
                  0.57765495673473310489
                  0.15623505263815037902
                 -0.14913674688923955758
                  0.17022208114597098261
                  0.24067262142498166422
                  0.09557531206787650557
                  0.43713386316857721914
                 -0.06919922441066203578
                 -0.00991515450637789342
                  0.58854380838270015097
                  0.16340889681199974315
                  0.18554845440968345538
                  0.11850942582067862385
                 -0.16005366468182907758
                 -0.45349006406417163850
                 -0.36928799416960139679
                  0.24686576385540295875
                  0.04456788579011709828
                  0.34414083096827025043
                 -0.27078264569321797151
                  0.14757276344788800015
                  0.14718958923787187065
                  0.31463387112854135363
                 -0.22425216328419919631
                 -0.04872101080338922530
                 -0.34935778110657267348
                  0.34922192929875656153
                 -0.38819536519613340175
                 -0.22435030664418603719
                 -0.19293496437898477458
                 -0.14454856968900456349
                 -0.22806234930122792903
                 -0.15227765984384178388
                 -0.31494629689970221609
                 -0.27963488180608120359
                  0.09553340448137390140
                 -0.04837878442694718006
                  0.13491875626048407955
                  0.38932101701405508187
                 -0.00789597726560763678
                  0.24129292874253974177
                 -0.08604649054560990773
                 -0.04820513807734604084
                 -0.24533404132228212036
                  0.00429402154979264747
                 -0.16773018544311402156
                  0.31588658922985884958
                 -0.35454516862126966847
                 -0.05002471726780449712
                 -0.05291170602527476424
                 -0.26945503099541689984
                  0.16050691501966338204
                 -0.26775826326553092693
                 -0.22955357504577014738
                 -0.07342730972284647328
                 -0.11734529199840572355
                  0.29847787260259900366
                 -0.09587789769568792753
                  0.01046016590722591635
                  0.30942337678496933950
                  0.29854184009172368697
                 -0.14665098542995963493
                  0.03410807274536584860
                 -0.38339651704726723791
                  0.00753409081066536406
                 -0.05622493398746351151
                  0.07367195719707439472
                  0.17103013949155773665
                 -0.16115453234589249831
                 -0.32898380283241324129
                  0.19350429264530347173
                  0.19209356101068658651
                 -0.33620903410905500497
                  0.23334373480495740338
                 -0.13219745224494622304
                  0.37120956871957488943
                  0.27881977353752096516
                 -0.39977457299203833507
                 -0.20706021842840205416
                  0.40815403540521050241
                 -0.08991414953166751434
                  0.35861362311198402564
                 -0.04248029093652226640
                 -0.02011529629250406043
                  0.13328493827066820177
                 -0.06468133918260379756
                 -0.03027808314608880155
                 -0.34255453764057358645
                 -0.34812536018208961597
                 -0.14000380507385376538
                  0.23343920081437741221
                 -0.43475456954640034901
                  0.06620795827118955423
                  0.06807563496165661143
                  0.17170898131203701786
                 -0.25191004803294408942
                 -0.07224758595876523692
                  0.44119157411695442139
                  0.00616352462508429864
                 -0.01795933826012485746
                 -0.50680258848507986347
                 -0.30648360307962396742
                  0.20306877365041534067
                 -0.13254595270827360110
                 -0.18645583397897536049
                 -0.00050135971189350578
                  0.13260862132477985176
                  0.42483176752309531610
                  0.34803525327457995875
                  0.00531396039701573578
                  0.23945038878650812264
                  0.00655264197181336903
                  0.53877050639302448420
                  0.11564947205329005608
                 -0.15221774281437935872
                 -0.43206842111207194312
                 -0.35855688200327240356
                 -0.05252002083462972704
                  0.40181616795775271234
                  0.21207619516323109043
                 -0.21679162103512472637
                 -0.56216911739879704690
                  0.00634977488749067197
                  0.36894631344107114979
                 -0.17616783121974213810
                 -0.39472597849273199921
                 -0.23576472979833565380
                  0.27521576672871372882
                  0.37111847239329126547
                  0.35545331945432712129
                 -0.12226642599287182445
                 -0.00672035377666744833
                 -0.03198654948836322093
                  0.01754983061223567078
                  0.23755275906966571986
                  0.12952652888981894264
                 -0.23063129133203247312
                  0.27036263017950667997
                 -0.03898622478580739126
                  0.10934850887013823628
                  0.06065483800536006220
                  0.27047351741710728978
                  0.12899509812913897977
                 -0.31418908275277740438
                 -0.99030899235046965234
                  0.22747154206027758727
                 -0.14445659286740414329
                  0.06680694428008528141
                  0.03080645485026824865
                  0.43481169458530777305
                  0.19272867771686591487
                 -0.18830112779066385253
                 -0.33587864321686278224
                 -0.48637865603101843037
                  0.02946998093195106819
                 -0.03762452175075983035
                 -0.27432071151399806119
                  0.11316340446193480507
                 -0.00416391541372676012
                 -0.34528744447690212782
                 -0.03915951237149686848
                 -0.17944030562030308107
                  0.00532654641109815523
                 -0.28665279052633907408
                 -0.14012590492860840796
                  0.06686022262226092028
                  0.42614969453500778362
                 -0.46217761605958868065
                 -0.25169097189005823489
                  0.07156355741558993733
                 -0.20037193759982638297
                  0.10819339762647336989
                  0.61969383077181761088
                  0.13602610492124184161
                  0.67065760184563283364
                 -0.24918529459553395711
                 -0.12688685599923738012
                  0.01540037291957077441
                  0.37109376667182814025
                  0.34723598039149200511
                 -0.09780147521131611621
                 -0.27196990985453811662
                 -0.05940869441714509425
                 -0.05402714615665132891
                 -0.38625425385821154922
                 -0.07004399949720371832
                  0.20013707608358591306
                  0.52088464640178933074
                 -0.21631234851105493600
                 -0.35658824850409986951
                 -0.18690747124017134673
                  0.35332708329641288048
                 -0.26665314572006937333
                  0.03030474285393134834
                  0.24445974984454404977
                  0.20715312841165126057
                 -0.30766411888800987429
                 -0.16471375992138115318
                 -0.09398548830988628922
                  0.21978280881357056820
                 -0.14943513049845327800
                 -0.17140299435713585163
                 -0.12766440361304481899
                 -0.08935244003576857386
                 -0.19567485518500149499
                  0.22200589147233118492
                 -0.32509612336741866567
                  0.11661703369468431890
                  0.04233998592992496007
                  0.07590363536837872738
                 -0.10865415148225039677
                 -0.39727996043540791948
                  0.23523707351927222731
                 -0.75260650735523915156
                  0.32390494403740172080
                 -0.34364248973511707375
                  0.20135261690059083617
                  0.23629391601717492088
                  0.11247282463147000031
                  0.13167190363061251346
                 -0.10215136046526845925
                  0.36708031399335733225
                  0.29665213551713315310
                  0.11603084059461195310
                 -0.11595782398565913918
                  0.22874573285188182226
                  0.20979629628526424989
                 -0.84247791897115853477
                 -0.11167196931408983340
                 -0.37151634427629981472
                  0.09028753497005242989
                 -0.08850128291078003528
                 -0.08223603437234099089
                 -0.19603549443702777966
                  0.05183798279966435330
                 -0.22196452119649068280
                  0.11023730305778392524
                  0.59420635851174086195
                  0.06858991613186406211
                  0.07489851808952344148
                  0.18394967772631715119
                 -0.27740298568122173650
                  0.12594152358488147625
                 -0.28936142711935802785
                  0.05929088411476736431
                 -0.05183234953923893107
                 -0.02378748405097486779
                  0.57420087451326451422
                 -0.19775742497865694824
                 -0.02390816973864123146
                  0.17027015376111370726
                  0.11939164887178788099
                  0.12715726477643887748
                  0.42503627005265504080
                  0.30048157426885524490
                  0.08294815431920896098
                  0.28501486891094224285
                 -0.13814024725286538908
                 -0.28509437155596106805
                  0.22026402456524243889
                 -0.14641248422811145580
                  0.07926047488645640571
                 -0.07094529204544196277
                 -0.09721790816423513115
                 -0.18142504198287717765
                 -0.02095409123388627948
                 -0.36759984356405889239
                  0.07749043806756478192
                 -0.38143452742949335299
                 -0.00778060696509996763
                  0.23178210501383769704
                 -0.03264607567214931200
                 -0.16735874045243853692
                  0.07035435049451109479
                 -0.27625186395794870675
                  0.31803153132042233375
                  0.19337355567295672065
                 -0.10055506498495017653
                 -0.32651382587822908032
                 -0.08876872612774443227
                 -0.21112209985281885083
                  0.34281601877691664226
                 -0.04257962264507655914
                 -0.36030442139284252212
                  0.38274086304605070552
                  0.05613490295935155694
                  0.25545227329943359651
                 -0.05126435832814358468
                 -0.51349150247763630794
                 -0.40377257544201994310
                 -0.23363040783249677812
                 -0.02715813375650207029
                 -0.13899088984445698292
                 -0.04292443834633544869
                  0.07989810837579935932
                 -0.07873424024601410887
                  0.07564383868001077482
                  0.13496707210946168320
                  0.32110787931277162688
                 -0.22238487349239299817
                  0.30102285111433613185
                  0.12975878301873181031
                  0.10556234727598624856
                 -0.00471053469198422399
                  0.31646588295326694151
                 -0.23247948138873678059
                 -0.09995007120016460855
                 -0.08660011495167696527
                 -0.03189792989610837348
                  0.10358391855736109877
                  0.14360862734684468056
                 -0.24114314880040621514
                 -0.19673237421021244620
                 -0.17810370763489083434
                 -0.37618573969241481114
                 -0.36870123443640689942
                 -0.14768993817788131362
                 -0.25556550878355099865
                  0.41789075417925070077
                  0.00864126791526469845
                 -0.20436628286278674116
                  0.01584579117813267324
                  0.05640041504016461704
                  0.29228249048358423412
                 -0.33035044723439821457
                 -0.04720056686162780318
                  0.28363542869310426342
                 -0.18318191890074719819
                  0.26767581424433478654
                  0.34209304677458779453
                  0.11756705689388792513
                  0.05592779370167322989
                  0.17964969117639045804
                  0.06972575836682284867
                 -0.45380780393302222464
                  0.03481064158672024511
                  0.27388097782970471927
                 -0.30398782404064100815
                  0.13550578500535975790
                 -0.16226928878588842142
                 -0.22336973318558475676
                  0.28455267335081330105
                 -0.24013352452868230724
                  0.05923241882296599592
                  0.30204393065763851522
                  0.16901580598197479821
                 -0.15163080897735037311
                 -0.16344915270417542663
                  0.33320137080782252781
                  0.42618441291435466001
                  0.42312110451564094449
                  0.06779252039896543902
                 -0.17780488248926451522
                 -0.19339390429981564989
                 -0.04224943740670395603
                  0.05744486843119830238
                  0.03123538849313634014
                  0.07701530549878815579
                 -0.07160569613844795789
                 -0.00545661866741058502
                  0.50606741136763089273
                 -0.01091432287138697360
                 -0.11142504940498630661
                  0.24693695994827308260
                 -0.32620913405450047140
                 -0.40986834422466500438
                 -0.04958232824837532221
                  0.09964261074523224349
                 -0.00668528141003474352
                 -0.21884816231155820865
                  0.07026753038045055466
                  0.18833908676893029721
                  0.01211142440241214438
                  0.17375014026127597044
                 -0.21885497599387368495
                  0.07415524678194006236
                 -0.11965275216717659312
                  0.10811564269816673067
                 -0.13368998672086798707
                 -0.10882188379477036877
                 -0.09344006348347980162
                  0.00081750603652178296
                  0.13036909155750281419
                  0.23159923256895140198
                 -0.24070581103263077871
                 -0.25033773723228158747
                  0.34050335165817668948
                 -0.33046373291265335181
                 -0.25918136694942350839
                  0.01537372068492623423
                 -0.32493596207573649526
                 -0.46242591246430475582
                  0.10821947962917080610
                  0.00386399148129832129
                  0.04590626807656289499
                 -0.45357874624436994582
                 -0.07790943239395842213
                  0.17653831798471145142
                  0.31693121191977796647
                  0.11920851091368908636
                  0.50006991892491881035
                 -0.31364163578823373024
                  0.23462311468355359634
                  0.28228125557131272805
                  0.30900741791714625428
                 -0.48089775154288877390
                  0.01192948089623166279
                  0.44078059700807392662
                  0.37983406364502758645
                 -0.16952465603332234068
                 -0.15140658150364025292
                 -0.28701508828701199905
                 -0.06901639559260887291
                 -0.46068131275993173812
                 -0.17131884018572340889
                 -0.24302519302414868352
                 -0.01448803097702629911
                 -0.14174927676670567855
                 -0.13207919127576267515
                  0.09207675049588087690
                  0.12984157937334106503
                  0.04577134489154909003
                 -0.11869510255472365268
                 -0.54854704273734677944
                  0.44500164683734755311
                 -0.19856580714279239985
                  0.14709101874724139769
                  0.06709380500405906500
                  0.02757063221115317597
                  0.05724244524457983152
                 -0.08950629210407602676
                  0.13395614098971242445
                  0.14601628463465110563
                 -0.36199247052002558878
                  0.13904229348928465182
                  0.11322463787148417946
                  0.16405996088230279106
                  0.15622830631801457035
                 -0.16946947154083993881
                  0.02331680213285541869
                 -0.21981264555490240276
                  0.25139566444859656746
                 -0.45701745627588352683
                  0.37171459527519301602
                  0.15509993048265802162
                  0.70856674563692412239
                  0.12335767968982740139
                 -0.07902668682377153586
                 -0.19124358385406825533
                  0.38608329941444913258
                  0.35386568281515873302
                 -0.23858795775625671332
                  0.23641875843422319181
                 -0.18172082390579771816
                 -0.22525177951406918919
                  0.19511047566547054521
                 -0.35461419529172033549
                  0.30893525596674326072
                  0.21625704251638877551
                 -0.29625227560716621555
                  0.16666703632260884693
                 -0.33694195784235120295
                  0.18548045340454294427
                  0.34708604767138284686
                  0.02380411203075950138
                 -0.57647096825330523817
                 -0.02544177436961461009
                  0.34263059555634861608
                 -0.00464017689181722877
                 -0.08626751940043990430
                 -0.25393828441435939425
                  0.25459805582992611761
                  0.37375311468376942736
                  0.25624520957134938604
                  0.19540076683398868718
                  0.01502022689471013001
                  0.07115071460328201147
                 -0.02818665857057502805
                 -0.00706941577589668448
                 -0.23031328494611447155
                  0.07490746869247066897
                  0.00396009714865176374
                  0.15511613056188938709
                  0.27209053843409308771
                 -0.11738899032025143510
                 -0.25215120066577334512
                 -0.12024612497579797998
                 -0.11747621748776629347
                  0.31703619412313671644
                 -0.04690877744712663999
                  0.11492823753309823476
                  0.15358589877370534826
                  0.11037668698173584703
                 -0.00023813596355953554
                  0.07777896439368947590
                 -0.15322609741069115330
                 -0.02551688737505764665
                 -0.15293996573815885065
                 -0.09241021684308009521
                 -0.27890977373830511121
                 -0.08395665083432225784
                  0.02436008994110195475
                  0.06537248001605187875
                 -0.18064079412919076262
                 -0.19683373300305001541
                  0.33978921913572213143
                  0.51650815181717146807
                  0.16330907400507971294
                 -0.28302368458533766482
                  0.05342200009515495757
                  0.23510958529501504999
                 -0.31433613687963751770
                  0.23883667935632360568
                  0.15923958405058263876
                  0.28539549854589296718
                  0.19609159700173409147
                 -0.24063538868141198801
                 -0.66538035159239361516
                 -0.26449259323442042557
                  0.03231566406476119729
                 -0.17845986606336972091
                 -0.07604428253196589271
                 -0.14547034240411926831
                  0.39832353319363555944
                  0.04277490686906760403
                  0.18364311665765906123
                 -0.22158412064743909786
                  0.11454610012764301907
                 -0.16685447299950906253
                  0.04083095978604059373
                 -0.19296867408626272589
                 -0.33472893823059601814
                 -0.39881202022720602107
                  0.11475756279590312858
                  0.09049139651628647363
                  0.24076090403879668589
                 -0.20542497223001804363
                 -0.15041646414282103250
                  0.26211030294292975151
                  0.14640723919020082189
                  0.11262015692355061003
                 -0.01370360807658496660
                  0.07027956350271180597
                 -0.48229337080559053774
                 -0.26823236594449739734
                  0.14399470250338153310
                 -0.29950353621889502787
                 -0.10803571904361011780
                  0.25070743994922839448
                 -0.16641747293059361290
                 -0.55109319220700270225
                  0.39988951304087194671
                  0.25693310780086242584
                  0.55529906116694027762
                  0.02650845002995142266
                 -0.04551603686773279117
                 -0.28642198919128547541
                  0.08230694707221244966
                  0.43130196887137184358
                  0.15376970195081623993
                  0.09171638259611480937
                 -0.29158435329543963554
                  0.45485596460215349524
                  0.27387561296459644877
                 -0.11982229146853635993
                  0.39529562781410748640
                  0.08450610372305979168
                 -0.32236518771834615782
                 -0.18986374766157210203
                 -0.16035512602639739876
                  0.17657132869013353327
                 -0.20142318760470440120
                 -0.43194626075969011492
                  0.34920073782417015984
                  0.26829439705163493635
                 -0.07820212134578877206
                  0.38223435000669875317
                 -0.03205628432650826920
                  0.00206211879065779091
                  0.05974336025903529551
                 -0.20622206710636858951
                 -0.00499512721339299103
                  0.00664562613666445923
                 -0.28471320032408187206
                  0.09238352402652733053
                 -0.33962507305411993030
                 -0.25420846303996297300
                  0.36924550167526115629
                  0.44837592999915937275
                  0.09007487619200678364
                  0.07801101340690391739
                  0.05282578176754083865
                  0.40639591215640535893
                  0.17844024007828104827
                 -0.56169917001177960270
                 -0.05439396012158022320
                  0.08582165906779812281
                  0.22600936334060267585
                 -0.00346719643866907250
                  0.16478165747442888311
                 -0.25856432115293542795
                  0.06323486377636185207
                 -0.06076375074151063593
                  0.12399284382588819653
                 -0.12675348049573009757
                  0.22727066517510274846
                  0.18500937386673044216
                 -0.14031456507737241624
                  0.24573981401388275692
                  0.27830211760176959412
                 -0.37536881343406669487
                  0.39011489909651642094
                 -0.25787424632919675460
                 -0.22191260746966742778
                  0.10518103052409122355
                  0.27960546996364760153
                  0.08104494387792243737
                 -0.18350755163136975301
                 -0.10207449666799241206
                 -0.40317673319585756175
                 -0.34148808488172893716
                 -0.20037041541782354970
                  0.26619790498860373962
                 -0.12716061604329936818
                  0.33779387784269471195
                  0.02036986103914045429
                  0.40930758680787732162
                 -0.11970174601256872160
                 -0.06853178298148224212
                 -0.06867294072324744980
                 -0.03635209836884845114
                  0.51847813930525488146
                 -0.00461533340062013613
                  0.30315838197584638047
                  0.26257826885745255696
                 -0.07235144007072286110
                  0.26607945292334950205
                 -0.04272329401777472113
                 -0.04821964906979065574
                  0.06205001706205719170
                 -0.29293116081665415695
                  0.00961015322485005152
                 -0.00354599089796261632
                 -0.21477888353456242587
                 -0.33102314066767951628
                 -0.27404212932777755052
                 -0.24218518875537581314
                 -0.33676035730483805386
                  0.03012430616715721515
                 -0.29736153331803305555
                  0.06410239019862724874
                  0.22543081635533374074
                 -0.14206945524529884795
                  0.42836650569233175601
                  0.16238329305062038088
                 -0.09047518965637162125
                  0.08894588449528498253
                  0.02612938578307321541
                 -0.23432989851472452170
                 -0.32968904152343114777
                 -0.05975497162856086703
                 -0.18628430863540720863
                 -0.29728879202665242643
                  0.33483873866963653754
                  0.10894224921642270409
                 -0.43240815431868873109
                 -0.21288536009412961647
                  0.29788798481408912400
                  0.14260112958028184349
                 -0.04070648778369367893
                 -0.01549862043830708275
                 -0.14596203029627291547
                  0.34799369515672212705
                 -0.19538712160483404090
                 -0.55435944802807712861
                  0.59218861621742391321
                  0.41521143285524225730
                 -0.11926453415521390267
                  0.04259184735388105159
                 -0.10325542526790632003
                  0.03966848681710385960
                 -0.02082950584801373378
                  0.51326673426919255938
                 -0.21951866383180307363
                 -0.18681938702906403238
                  0.01486299536718678135
                  0.10945030279549984586
                  0.10125379819760575717
                 -0.64024805847009325088
                 -0.03549223358840408737
                  0.14136129165710495381
                 -0.50711950315764742214
                  0.47843762331769412732
                  0.29308572182257264238
                  0.55097425418260470575
                  0.30598151465680928363
                  0.09895729907909490974
                 -0.36460414326009954467
                  0.09068659520322547296
                 -0.03656052639194015685
                  0.14206897563862433409
                  0.29777441215691968779
                  0.25462891301643825193
                 -0.28325378690746788601
                 -0.24415085835682698301
                  0.12472341426386142349
                  0.37094709704197226241
                  0.37252821068302116592
                  0.36784201727596654852
                 -0.07684344768963459471
                 -0.31412799287933479420
                 -0.11148568804290089063
                  0.18666207669100681743
                  0.26676661550768310249
                 -0.19996411868524399669
                 -0.60325969982654126245
                  0.02980685385007110846
                 -0.12426902094351401085
                  0.07559051692281731905
                  0.16514901091921047049
                  0.20450310125393911242
                  0.11690574050880768453
                 -0.62468086750133156038
                 -0.09418527969608066208
                 -0.14464318704628276180
                  0.06592449922697908582
                  0.36442527684955072775
                 -0.16860146515924345767
                 -0.69621041535414307511
                 -0.19641696496317515019
                 -0.00527831399027166824
                  0.43562239556741760849
                 -0.08599026321601294098
                  0.16974837480733445672
                  1.34527750054930028689
                  0.13489758180148242461
                  0.11773833773252499746
                 -0.48138083442432283432
                 -0.07756901594159286428
                  0.21612703280533682171
                  0.17806244686874461713
                 -0.42679410122239963554
                 -0.13166534375922378519
                 -0.09435265116088720205
                 -0.16624428709953512073
                  0.03981228468164273171
                 -0.09351640773180167066
                  0.35821652513176549526
                 -0.37053199101193795562
                 -0.45596484218690996881
                  0.37921192191884234290
                  0.25711712011118176280
                 -0.16063511018790938012
                  0.22613033798996662327
                 -0.32604715632340780518
                 -0.15532598777017009306
                 -0.02029080028163876559
                 -0.03062660908415662867
                  0.04831221833964596812
                 -0.11039421127884675722
                 -0.98822538614850297112
                  0.10287360602941944543
                 -0.39813731167866539540
                  0.48265175545127592116
                 -0.62628156059302775294
                 -0.01512434594998440796
                  0.00453287908163266598
                  0.02735465232122337442
                 -0.00696743569265015870
                  0.15716920237893267087
                  0.40892182779190905384
                 -0.29313077757541378121
                  0.10706447912838626402
                 -0.08089617192619460995
                  0.34381445672457594531
                 -0.27079331243921606065
                 -0.31443266329430852313
                  0.46972703615425298596
                  0.12782559532678700043
                 -0.04441662174621124198
                 -0.20211791902942949362
                 -0.38626002401094783334
                 -0.04053149933363023316
                  0.07216333102014865775
                 -0.17871545494966681322
                 -0.25230693424934885760
                  0.00008335176077073347
                  0.12754654723126898630
                  0.21674727596209414360
                 -0.33035800714310131765
                  0.28271814102580961059
                 -0.24005677824668747444
                 -0.11410074984855489433
                 -0.13778674733557744192
                 -0.46909801361954767129
                  0.09927211847243483378
                  0.21125649925543910079
                  0.29355615921149735836
                 -0.24158891626503264938
                  0.08635710655390688162
                 -0.01192445053037392670
                  0.03944762014127620869
                 -0.29110984360160196971
                  0.41345293715180303495
                 -0.28166778732908875904
                  0.32346581104263733009
                 -0.08188669749440989631
                 -0.21064108800192693494
                  0.34737540678209127831
                  0.19825580570415707315
                 -0.12904913815447513481
                 -0.50090480540948911781
                 -0.22502045017850000330
                 -0.55368416654766794416
                  0.47431912151778399256
                 -0.04590480655816331357
                  0.25690056764112917387
                 -0.13901962901113606996
                  0.19953125750281683337
                  0.20411882196641664700
                 -0.42805278269242313938
                 -0.23592804886983875789
                 -0.26271303199933343508
                 -0.21108095938564758187
                  0.17895198943108339695
                 -0.15988768466578132110
                 -0.12463545094611938602
                  0.00626185141111697263
                 -0.00549210172678376001
                 -0.31079210444915666978
                 -0.03158031063710015768
                 -0.26766450855027557054
                 -0.21389008804501455363
                 -0.19677153832678029310
                 -0.12852212255366815552
                  0.09359801942798826047
                 -0.07047296114729367789
                 -0.19043328266050424391
                  0.09616565148152193820
                 -0.14671739219607426996
                 -0.34120651205279356466
                  0.54273865333744619743
                 -0.25258593433323678346
                 -0.53259813608910500093
                 -0.35709538562237413961
                 -0.46713768646985531774
                 -0.19967515194412746582
                 -0.35076753514803360456
                  0.31802988522384351144
                  0.07820753052097875746
                  0.10271206316962774863
                 -0.19094562036592557797
                  0.12411251020961533431
                  0.08395516480064309228
                  0.23767507266403034571
                 -0.23865502064933638571
                 -0.26132238983307493063
                 -0.52232311924334473563
                 -0.30956342812569082046
                  0.09041269387678527170
                  0.16498412353853333934
                 -0.12435987029520582936
                  0.20538719379024547584
                  0.18725804693208947249
                  0.10965443410038666627
                  0.30874227347850130565
                  0.21549912338676655010
                 -0.18042680382092590730
                 -0.18318651971602231687
                 -0.10058108152642465660
                 -0.32394538962937791116
                  0.08160403835502887115
                 -0.09633862929362745076
                  0.29970897015934278018
                  0.22323961829965921488
                  0.23098895130557706157
                 -0.40786799532720224848
                  0.10118478551038796731
                 -0.00277031702908653830
                 -0.11341337718539515333
                  0.27572554885774236411
                  0.36322400039545321704
                  0.02729691297214126983
                  0.42627570269259462687
                 -0.13273402449301152650
                 -0.07085112739505969315
                  0.21779493305999858555
                 -0.12916092328933800881
                 -0.13645492713265150453
                 -0.26811643396758155777
                 -0.18719852826722904737
                 -0.03811448214722330807
                  0.42191592160206803364
                  0.04794373450189786529
                 -0.10990982621714436018
                 -0.13845595066779123328
                  0.25725497245772682708
                  0.26057235190565647409
                 -0.19807550809771237721
                 -0.12209661379796644953
                 -0.12468662483240605665
                  0.14937849118527241066
                  0.04010463578303390814
                  0.13094899077515442798
                 -0.10008867011380923051
                  0.18622926499923192489
                  0.01585045257193443483
                  0.34654714423499705100
                 -0.25429990200555163682
                  0.10165277911866098248
                  0.39204321389767532446
                 -0.35284709700261962517
                  0.20743058933796001964
                  0.04200841270343197431
                 -0.12828138051114212903
                  0.18721598575692346977
                 -0.12239415166441548755
                 -0.22772072041349966653
                  0.32712392838360176972
                 -0.23744651962877438844
                  0.05277517035564748688
                  0.24432723343619031087
                 -0.05395024434715549322
                  0.37091810145932097020
                 -0.61896572208799982562
                 -0.03624916200084917633
                 -0.05692567758905661690
                 -0.57081457309050287474
                  0.07862375288537684637
                 -0.14442338397083095969
                  0.27268285898507271803
                 -0.08653285015392458979
                  0.10507187696797239129
                  0.10410629159462980731
                 -0.04569997330604043395
                  0.33355911802511450936
                 -0.09297727061078152333
                 -0.18613107332614345357
                 -0.11289114438078767799
                 -0.02685143300469409328
                 -0.20814329570589354401
                 -0.35111569179586760159
                  0.31917089144601612505
                  0.29935031931138844641
                 -0.42026890243154102489
                 -0.10627864400797268352
                 -0.34904805231145313860
                  0.22899897352022546837
                  0.04583495048396647731
                 -0.25349062716264147976
                 -0.28443401252821021163
                 -0.03079995662055214078
                 -0.16297051842390919418
                 -0.41368449984486627136
                  0.09744631553478087793
                 -0.05009036818968570781
                  0.14366590587286556802
                  0.58774082916536452004
                 -0.19155751165670795166
                  0.16542108682585457413
                  0.00222946075100582215
                 -0.32448968019209989411
                  0.22067885715400092916
                 -0.00948797986941794097
                 -0.10646685774315126083
                 -0.27838773403506544835
                  0.11013754284278058637
                  0.04224497424645338312
                  0.36482089675362083803
                  0.35209327951651941957
                 -0.48175499705511953819
                 -0.11377618790322720221
                  0.26921131343961240967
                 -0.08313901847709652404
                 -0.25795770091305120220
                  0.10854793151787330008
                  0.05313138997659563184
                  0.11462615966711717230
                 -0.00284983761287550688
                 -0.28398340618939837965
                 -0.04980301701306458911
                 -0.15801952680720610100
                 -0.36977589886409323316
                 -0.18445787531748120136
                 -0.56344959307865472020
                 -0.15996540601474726340
                 -0.29404336100875250182
                  0.02853167295650095928
                  0.11157986738438302465
                  0.00922414338585099067
                 -0.17652821978008678694
                 -0.05253796238077119291
                 -0.11666342117549952095
                  0.07766139676148253734
                  0.17270845285134281410
                 -0.09852499067830730595
                  0.30825311357132600953
                  0.32870282039441589550
                  0.10793264754458016530
                 -0.19882150688350186396
                  0.19504792364179335262
                  0.14622217122202046946
                  0.08171466368055484153
                  0.06543886545308764957
                 -0.18662688117170916913
                  0.11443187505944577009
                  0.13410613093430875931
                 -0.31451726399079077412
                  0.19933416836492387492
                 -0.35616621094003547698
                  0.01291535360945004172
                  0.04754492936184326335
                  0.03365224921961863791
                  0.02566609611785494044
                 -0.05708066038471033832
                 -0.09528253700273144056
                 -0.06059169980632383989
                  0.01934800448997249511
                  0.12328368281321777644
                 -0.16319806020272559222
                 -0.23629586575649605407
                  0.32925001473866416513
                  0.15691809021232597243
                 -0.13629111620286357698
                  0.21372991329188170684
                  0.08336286137771664606
                 -0.27457461922491621653
                  0.21568147668880013890
                  0.18073065018794737258
                  0.40836647071578335844
                 -0.00274614678612030306
                  0.04907894546550213566
                  0.19149020275768358079
                  0.11424689774570637169
                 -0.51596236423565122742
                  0.21152597620089630404
                 -0.26946784101207643669
                  0.04681529791051415590
                  0.71032288713191538143
                 -0.09463434018452855645
                  0.17446986062279559726
                  0.73894517079307742158
                 -0.65916143095292589749
                  0.02219162351190863067
                 -0.47641627297370919836
                  0.05289043930111454739
                 -0.24867827031802883231
                 -0.08786810082484397544
                 -0.13071289376137029681
                 -0.42307777568850624128
                 -0.32660956811564711977
                  0.43411536577443254892
                  0.07524750404248414792
                  0.03795326308550437538
                 -0.09024553787459556331
                  0.05622973049921623639
                  0.36466609913448744251
                 -0.24608347757524962063
                  0.04331516432906976077
                 -0.03454128296931055497
                 -0.17067308782217940899
                  0.52941012031714607122
                  0.03778962650423182967
                 -0.14158819328123400938
                  0.01034949129010285726
                  0.10986665733234936282
                 -0.30815281572949637656
                 -0.24705439550013186256
                 -0.53136452716456494816
                  0.07176746552990706518
                  0.39953390758805362726
                  0.36468601922472437815
                 -0.13724545206494678795
                 -0.32273318690817692778
                  0.38055859200585440139
                  0.04868646099698033247
                 -0.11427981828881832171
                 -0.08528168137169281349
                  0.15857985683950484579
                  0.04343882019491934754
                 -0.08408175761457896413
                 -0.17689974571705824324
                 -0.06614587144510043759
                 -0.31615973758636956026
                 -0.14428064002008525457
                 -0.19845801392153072928
                  0.02602003238472008415
                 -0.69789644083274826603
                 -0.23984778771311796031
                  0.22843484643121275690
                  0.01991042097436629410
                  0.03384204115151435988
                  0.05049698844298361466
                 -0.16165277236434250074
                 -0.15765097657437149303
                  0.15950400494165398180
                 -0.63147517736192881888
                 -0.29554513984801855653
                 -0.10787916091583503453
                  0.43986721032691677991
                  0.13699090413865763760
                  0.17722571717149201986
                 -0.23659747228179936474
                 -0.04284944824307290040
                  0.00013084430668035187
                  0.22238660692399991881
                  0.00763767959470171374
                  0.19831273623888884261
                 -0.48555313895058488383
                 -0.03792872870628137549
                 -0.01825034575820767141
                  0.11666175649949940551
                  0.12326189932425909990
                  0.17646246805300266902
                 -0.31898044665032432299
                 -0.17537276061867954069
                 -0.40893693783490087101
                 -0.14431969938199021297
                  0.21654628034491404942
                 -0.02432798592872153012
                 -0.15902118665513556572
                 -0.30292168233193755844
                 -0.01906704738218578665
                 -0.37156557091889758082
                 -0.09450035112687434069
                 -0.26575219555636753199
                  0.35266883697930945241
                 -0.17226441008833121016
                 -0.13584453649502395423
                  0.05047240966973843418
                 -0.20759782532540943523
                 -0.18258525137182254894
                 -0.15125080197148643713
                  0.01039389666982478387
                 -0.14260459792555243985
                  0.03048450262232889341
                  0.11121892930752830253
                  0.21139692031951612394
                 -0.32019350023254672388
                  0.21956039813733835286
                 -0.12533913827410075870
                  0.13000658635583067779
                 -0.13481440839641212204
                  0.10646416954846481262
                 -0.11442161213075224824
                  0.04922760087885882235
                  0.09423997479568640978
                 -0.10386665361717913048
                 -0.34332749421681157953
                 -0.11758619448298673893
                  0.13164827163832426571
                 -0.52732276396002453200
                 -0.23539150584016713119
                 -0.08034533169383453743
                  0.27692749320639281629
                  0.07478174344706133014
                 -0.49312150914476293728
                 -0.40906084899554828738
                  0.21329379890754676663
                  0.29228155020920099094
                  0.44229788706824513245
                 -0.38669312302916147850
                  0.09815484071063781957
                 -0.03536171745571657643
                  0.40187557386223821121
                  0.14727500259251077863
                 -0.16391513183625353034
                 -0.27103025860964641280
                  0.03536461372497787942
                  0.10359912391148580479
                 -0.42188852962341977237
                  0.06060753388152947257
                  0.61930735652739787866
                  0.13211266951757791310
                 -0.33930057895287463188
                  0.30292736529959851666
                  0.45041700719589528035
                 -0.08290539656452798611
                  0.12686465421121967401
                 -0.05536072250134322498
                  0.02032614536799971089
                  0.25055765662811096961
                 -0.00261177745894046812
                  0.00040765219861986805
                  0.04263664980668690346
                  0.36038526122219177728
                  0.24108198317165574487
                 -0.04695689501221832207
                 -0.26463375629214674900
                 -0.07534574930729670550
                 -0.12141619963837807505
                  0.24743910505071869954
                 -0.12376290188260700986
                  0.27316995058351201120
                  0.25796364628966123034
                 -0.01168432182411381290
                 -0.21870281819807069201
                  0.12908388665010794849
                 -0.13956812272289348398
                  0.24845994558495537730
                  0.11760665927696860311
                  0.27229331696176095612
                  0.21056909404838261568
                 -0.27412072361728628822
                  0.14966882960847002759
                 -0.30225232998337880908
                  0.12022940826333014530
                 -0.08100235371134145712
                 -0.09351615960109752046
                 -0.18785361072868050902
                  0.04335364322857868102
                  0.17455035155066106478
                  0.13642486534662057185
                  0.13079231267986757281
                 -0.49827568210690498240
                 -0.02586948242403668344
                 -0.00936371993131853743
                  0.02821085030822683207
                 -0.61534540151325367585
                 -0.47174926811155759587
                 -0.07143331047174560078
                  0.31161721760157617966
                 -0.37145654892380658429
                 -0.09797568205273161912
                  0.00922163140043327605
                 -0.16212198829404866895
                 -0.34030134528393674032
                 -0.30688998962896918421
                  0.06895113836774607874
                  0.32163722182853132781
                  0.03637499930410532933
                 -0.54007215904993499667
                 -0.39274013171473914907
                  0.12901698774545716786
                 -0.33395281773897872446
                  0.19161305544880305463
                 -0.06322520415613691602
                  0.89060573421154187734
                  0.43331150827683806437
                  0.26047144717175430007
                  0.04885359197500487721
                 -0.27729978300532998059
                  0.47321227221419309705
                  0.01388534743545638203
                 -0.09225336327078269283
                 -0.27383670073681287693
                  0.13734209074482617297
                 -0.28221425865621829754
                 -0.10120275521917694583
                  0.03538441608032595609
                  0.16179726254747522907
                  0.39802194163049137154
                  0.02127266717865885365
                 -0.04474629550281875034
                  0.00812839958519030910
                 -0.07107695489412797774
                 -0.24050853428892848829
                 -0.10732360242955038543
                 -0.33674272952081746313
                  0.06503143509950497225
                 -0.17662515499073624947
                  0.16984908412198090888
                 -0.24502588351451795590
                  0.05443049567090493118
                  0.04993982679303467925
                  0.24495633721891130197
                 -0.06930921933547638802
                 -0.29488173113424448468
                  0.18733335945151660673
                  0.16226013047714119009
                 -0.22726045851890469551
                 -0.09354343849402302347
                 -0.12042504283583821412
                  0.08726451804916962596
                 -0.10091984891145514003
                 -0.09315363540314072766
                  0.38293207607445534091
                  0.22267429569521288157
                  0.03321138199241978339
                 -0.28248263632004005919
                  0.06504436769484750469
                 -0.40447718177731672995
                  0.01927268112115891954
                  0.15873330217872927417
                  0.28393397412946441705
                 -0.30919948076209569088
                 -0.19441904622490577270
                  0.66877591263636559926
                  0.64358123248720899845
                  0.40152283562063584288
                 -0.23248358755861664449
                  0.10674225576339872734
                 -0.33961328105242333253
                 -0.24462347492342451094
                 -0.42829563017785166057
                  0.20546982101263402964
                  0.00008709943942154092
                  0.17479986925607729487
                 -0.14469124098926994249
                 -0.12767544637139768837
                 -0.37594803241287011453
                  0.19554837841410499522
                  0.54348069857317060638
                 -0.04640695820882466405
                  0.07812732795585589085
                 -0.30712748947458262672
                  0.19132681299763487637
                  0.22503585983573859419
                  0.07218058091403307952
                  0.33430202226560923329
                  0.27192334761839426216
                  0.37315226588232280891
                 -0.01559400009854866424
                 -0.09467782237368618792
                  0.29253572300209174095
                  0.01628085827485823561
                 -0.18935344021856473362
                 -0.29565985350394630160
                  0.25895706021852421541
                  0.22031088609219207086
                 -0.21338095783474425593
                 -0.21294855197802570190
                 -0.59942914305274130893
                 -0.20630095568762873981
                  0.05367553256066832229
                 -0.10126948670935796704
                 -0.04793512120767443735
                 -0.21829245885404416350
                 -0.14933836617551907167
                 -0.49436857244987719717
                 -0.15919791522350321133
                  0.23785611799143435707
                 -0.42865185515854842269
                  0.07293713294084498699
                 -0.24553911711755460612
                 -0.11195320036382859497
                  0.68927367553469143235
                 -0.19748205659436873782
                 -0.14952659183665079068
                 -0.15630643888504336392
                 -0.05042919139913648596
                 -0.02294176538676918550
                  0.17519835664502475536
                  0.11846339066022895659
                  0.12516652152752946736
                 -0.26007100721112341724
                  0.13565312653238692508
                 -0.66286012812291172924
                  0.53123964842425197563
                 -0.02006140305423575326
                 -0.25777318609631921786
                 -0.36337880147945889053
                 -0.51810007450928730055
                 -0.19562695055976700442
                  0.15998043240991208225
                 -0.08168182832936311810
                  0.03572536618208811687
                 -0.47285230733660982283
                 -0.12156180735490240696
                 -0.59236329109103014190
                  0.17033006736716926888
                 -0.25582944276133162687
                 -0.02444990427207489186
                  0.04058115751963260048
                  0.03564782969454073636
                  0.00908781780254208985
                  0.47483770544270198499
                 -0.08266004155630905792
                 -0.04150065351207572750
                 -0.58634559007545306031
                 -0.40814192432340773431
                  0.35912540773533280225
                  0.25988412955944456550
                 -0.08613579330988535565
                 -0.18187969242187512764
                  0.13643353668807886581
                  0.24018777816780892409
                  0.08563733456665512112
                 -0.06203322661686261341
                 -0.07455708396557597650
                 -0.19745454332863002223
                 -0.06531862182939639216
                  0.22692612629960609572
                  0.01920988404252267634
                  0.03181754506899689416
                 -0.09378806601097473827
                  0.02349950653634465259
                  0.12739841039300764391
                  0.01207301865010862972
                 -0.21845292141698535726
                  0.21062850197356070003
                  0.10337224665881972197
                 -0.08143055230853953053
                  0.13343303327563488248
                  0.12531309338111817908
                 -0.06850734168318750594
                  0.42717647567294231292
                  0.21840364640996309809
                 -0.13595373342692532170
                 -0.43008165341319581909
                  0.33208738353672462296
                  0.25435987582436792032
                  0.17173061651362356295
                 -0.09282925426194491014
                  0.09848505372895893784
                  0.22535130807870829006
                  0.28637414907297642497
                 -0.34019680880456454330
                  0.20593027592323345787
                 -0.02400977417235514513
                  0.04835937752814338519
                  0.15431667489812764260
                 -0.09088227676487746487
                  0.41926705795507579477
                  0.03085056502283549731
                 -0.24094839817501284562
                 -0.19910672910554819137
                  0.10544197887369596844
                  0.09029654819641041996
                 -0.21455413532147787903
                  0.41602947539195489490
                  0.29997924255403346505
                  0.17399422821841462050
                  0.02210484198533647568
                 -0.16080315462344110800
                  0.39913902429896974677
                  0.17865810894630593242
                  0.62071671013806706263
                  0.06383849059942837967
                  0.30946852829521326322
                 -0.11943078325455783184
                  0.32894842381703431888
                 -0.02404785220438837579
                 -0.06338696324703556317
                 -0.20410079368438635572
                  0.05819548855234691481
                 -0.04808027563166784174
                 -0.00246082323785732845
                 -0.46084054211864761141
                  0.19842334110110065870
                  0.13222276252588843759
                  0.01683486555022660480
                  0.20631815634775887980
                  0.34228802650169065647
                  0.50118547075918140621
                  0.19456695662938680580
                 -0.15678880090849070528
                 -0.53016891726972181775
                 -0.05668609214006329472
                 -0.17111174959106081883
                  0.26308022048365636847
                  0.35326889956049334351
                 -0.09539883734520492042
                  0.00003557854725348697
                 -0.08404640755439782285
                  0.09185893402716836798
                  0.35097105243987219980
                 -0.30429200099140396585
                 -0.16751470945210894525
                 -0.22631278122865677860
                 -0.16044916214287668899
                  0.18186608510640686620
                 -0.20158847961040454733
                  0.70267084525544187823
                 -0.50573884905808008661
                 -0.13247401028041788651
                  0.01778329597433149153
                  0.09320985313838447972
                  0.05006440417583116198
                  0.03990326593318369724
                  0.38737673636796959853
                 -0.86555384566474735664
                  0.80673622040441839154
                  0.70001048787789421635
                 -0.34356586925791648968
                  0.65065860524258456454
                  0.70013214645081123244
                  0.24048483318915161999
                 -1.44682507926466219494
                 -0.32411916567383186605
                 -0.82202155216215966327
                  0.16142626952049987654
                 -0.40913115910060182667
                  0.79208460051519469225
                 -1.09687325970159821331
                 -0.49205465885690569117
                 -0.62949786451572853352
                  0.62351750921655368920
                 -0.67544719621367854678
                  0.91540562579142326083
                  0.31766326112504988943
                 -0.22150096249448444907
                  0.31688128550896821345
                 -0.20080203918544373143
                 -1.54282068272250660890
                 -1.17971974685192093624
                  0.56481757551333888756
                 -0.72290357073110611541
                  0.29372577844446978723
                  0.47099520695245838953
                 -1.13144709575408208835
                 -0.56546911762398766044
                 -0.59669173944635378604
                  0.62451747594652406992
                  0.84066005382384334510
                  1.27718621503716622811
                 -0.39190482318404307183
                  1.33375226486019271555
                 -0.34816609634289857889
                 -0.30190059410757802416
                 -0.56942869678127527866
                  0.66774456146584593164
                  0.36458523951482391112
                 -0.25463331231999242199
                 -0.55299754893831376545
                  0.99206700747585851996
                 -0.58814158570891095223
                 -0.29573904609994794423
                  0.92197031543885921145
                 -0.75823479745962951704
